timestamp,constraint,trigger_name,trigger_type,status,message
2026-02-11T16:59:17.131479,fkTblAccountLogToTblUserViaIntUserID,trg_fkTblAccountLogToTblUserViaIntUserID_ins_valid,CHILD_INSERT_VALIDATE,SUCCESS,Success
2026-02-11T16:59:17.256305,fkTblAccountLogToTblUserViaIntUserID,trg_fkTblAccountLogToTblUserViaIntUserID_upd_valid,CHILD_UPDATE_VALIDATE,SUCCESS,Success
2026-02-11T16:59:17.434596,fkTblAccountLogToTblUserViaIntUserID,trg_fkTblAccountLogToTblUserViaIntUserID_del_parent,PARENT_DELETE_RESTRICT,SUCCESS,Success
2026-02-11T16:59:17.553772,fkTblAccountLogToTblUserViaIntUserID,trg_fkTblAccountLogToTblUserViaIntUserID_upd_parent,PARENT_UPDATE_RESTRICT,SUCCESS,Success
2026-02-11T16:59:17.668400,fkTblAccountLogDiscountToTblAccountLogViaIntAccountLogID,trg_fkTblAccountLogDiscountToTblAccountLogViaIntAccountLogID_ins_valid,CHILD_INSERT_VALIDATE,FAILURE,Code: 1 | Error: E0211 16:59:17.663799   68427 main.go:60] rpc error: code = Unknown desc = TabletManager.ExecuteFetchAsDba on zone1-3072903978: rpc error: code = Unknown desc = Identifier name 'trg_fkTblAccountLogDiscountToTblAccountLogViaIntAccountLogID_ins_valid' is too long (errno 1059) (sqlstate 42000) during query: CREATE TRIGGER `trg_fkTblAccountLogDiscountToTblAccountLogViaIntAccountLogID_ins_valid` BEFORE INSERT ON `tblAccountLogDiscount`     FOR EACH ROW     BEGIN         IF (SELECT COUNT(*) FROM `tblAccountLog` WHERE `id` = NEW.`intAccountLogID`) = 0 THEN             SIGNAL SQLSTATE '45000'              SET MESSAGE_TEXT = 'FK Violation: fkTblAccountLogDiscountToTblAccountLogViaIntAccountLogID - Referenced key not found in tblAccountLog';         END IF;     END
2026-02-11T16:59:17.773426,fkTblAccountLogDiscountToTblAccountLogViaIntAccountLogID,trg_fkTblAccountLogDiscountToTblAccountLogViaIntAccountLogID_upd_valid,CHILD_UPDATE_VALIDATE,FAILURE,Code: 1 | Error: E0211 16:59:17.769272   68447 main.go:60] rpc error: code = Unknown desc = TabletManager.ExecuteFetchAsDba on zone1-3072903978: rpc error: code = Unknown desc = Identifier name 'trg_fkTblAccountLogDiscountToTblAccountLogViaIntAccountLogID_upd_valid' is too long (errno 1059) (sqlstate 42000) during query: CREATE TRIGGER `trg_fkTblAccountLogDiscountToTblAccountLogViaIntAccountLogID_upd_valid` BEFORE UPDATE ON `tblAccountLogDiscount`     FOR EACH ROW     BEGIN         IF NOT (NEW.`intAccountLogID` <=> OLD.`intAccountLogID`) THEN             IF (SELECT COUNT(*) FROM `tblAccountLog` WHERE `id` = NEW.`intAccountLogID`) = 0 THEN                 SIGNAL SQLSTATE '45000'                  SET MESSAGE_TEXT = 'FK Violation: fkTblAccountLogDiscountToTblAccountLogViaIntAccountLogID - Referenced key not found in tblAccountLog';             END IF;         END IF;     END
2026-02-11T16:59:17.874797,fkTblAccountLogDiscountToTblAccountLogViaIntAccountLogID,trg_fkTblAccountLogDiscountToTblAccountLogViaIntAccountLogID_del_parent,PARENT_DELETE_CASCADE,FAILURE,Code: 1 | Error: E0211 16:59:17.871033   68471 main.go:60] rpc error: code = Unknown desc = TabletManager.ExecuteFetchAsDba on zone1-3072903978: rpc error: code = Unknown desc = Identifier name 'trg_fkTblAccountLogDiscountToTblAccountLogViaIntAccountLogID_del_parent' is too long (errno 1059) (sqlstate 42000) during query: CREATE TRIGGER `trg_fkTblAccountLogDiscountToTblAccountLogViaIntAccountLogID_del_parent` BEFORE DELETE ON `tblAccountLog`         FOR EACH ROW         BEGIN             DELETE FROM `tblAccountLogDiscount` WHERE `intAccountLogID` = OLD.`id`;         END
2026-02-11T16:59:18.032891,fkTblAccountLogDiscountToTblAccountLogViaIntAccountLogID,trg_fkTblAccountLogDiscountToTblAccountLogViaIntAccountLogID_upd_parent,PARENT_UPDATE_RESTRICT,FAILURE,"Code: 1 | Error: E0211 16:59:18.027176   68485 main.go:60] rpc error: code = Unknown desc = TabletManager.ExecuteFetchAsDba on zone1-3072903978: rpc error: code = Unknown desc = Identifier name 'trg_fkTblAccountLogDiscountToTblAccountLogViaIntAccountLogID_upd_parent' is too long (errno 1059) (sqlstate 42000) during query: CREATE TRIGGER `trg_fkTblAccountLogDiscountToTblAccountLogViaIntAccountLogID_upd_parent` BEFORE UPDATE ON `tblAccountLog`     FOR EACH ROW     BEGIN         IF NOT (NEW.`id` <=> OLD.`id`) THEN             IF (SELECT COUNT(*) FROM `tblAccountLogDiscount` WHERE `intAccountLogID` = OLD.`id`) > 0 THEN                  SIGNAL SQLSTATE '45000'                   SET MESSAGE_TEXT = 'FK Violation: fkTblAccountLogDiscountToTblAccountLogViaIntAccountLogID - Cannot update key, children exist in tblAccountLogDiscount';             END IF;         END IF;     END"
2026-02-11T16:59:18.151112,fkTblAccountLogOrderToTblAccountLogViaIntAccountLogID,trg_fkTblAccountLogOrderToTblAccountLogViaIntAccountLogID_ins_valid,CHILD_INSERT_VALIDATE,FAILURE,Code: 1 | Error: E0211 16:59:18.144884   68489 main.go:60] rpc error: code = Unknown desc = TabletManager.ExecuteFetchAsDba on zone1-3072903978: rpc error: code = Unknown desc = Identifier name 'trg_fkTblAccountLogOrderToTblAccountLogViaIntAccountLogID_ins_valid' is too long (errno 1059) (sqlstate 42000) during query: CREATE TRIGGER `trg_fkTblAccountLogOrderToTblAccountLogViaIntAccountLogID_ins_valid` BEFORE INSERT ON `tblAccountLogOrder`     FOR EACH ROW     BEGIN         IF (SELECT COUNT(*) FROM `tblAccountLog` WHERE `id` = NEW.`intAccountLogID`) = 0 THEN             SIGNAL SQLSTATE '45000'              SET MESSAGE_TEXT = 'FK Violation: fkTblAccountLogOrderToTblAccountLogViaIntAccountLogID - Referenced key not found in tblAccountLog';         END IF;     END
2026-02-11T16:59:18.261308,fkTblAccountLogOrderToTblAccountLogViaIntAccountLogID,trg_fkTblAccountLogOrderToTblAccountLogViaIntAccountLogID_upd_valid,CHILD_UPDATE_VALIDATE,FAILURE,Code: 1 | Error: E0211 16:59:18.257920   68490 main.go:60] rpc error: code = Unknown desc = TabletManager.ExecuteFetchAsDba on zone1-3072903978: rpc error: code = Unknown desc = Identifier name 'trg_fkTblAccountLogOrderToTblAccountLogViaIntAccountLogID_upd_valid' is too long (errno 1059) (sqlstate 42000) during query: CREATE TRIGGER `trg_fkTblAccountLogOrderToTblAccountLogViaIntAccountLogID_upd_valid` BEFORE UPDATE ON `tblAccountLogOrder`     FOR EACH ROW     BEGIN         IF NOT (NEW.`intAccountLogID` <=> OLD.`intAccountLogID`) THEN             IF (SELECT COUNT(*) FROM `tblAccountLog` WHERE `id` = NEW.`intAccountLogID`) = 0 THEN                 SIGNAL SQLSTATE '45000'                  SET MESSAGE_TEXT = 'FK Violation: fkTblAccountLogOrderToTblAccountLogViaIntAccountLogID - Referenced key not found in tblAccountLog';             END IF;         END IF;     END
2026-02-11T16:59:18.364694,fkTblAccountLogOrderToTblAccountLogViaIntAccountLogID,trg_fkTblAccountLogOrderToTblAccountLogViaIntAccountLogID_del_parent,PARENT_DELETE_CASCADE,FAILURE,Code: 1 | Error: E0211 16:59:18.360548   68491 main.go:60] rpc error: code = Unknown desc = TabletManager.ExecuteFetchAsDba on zone1-3072903978: rpc error: code = Unknown desc = Identifier name 'trg_fkTblAccountLogOrderToTblAccountLogViaIntAccountLogID_del_parent' is too long (errno 1059) (sqlstate 42000) during query: CREATE TRIGGER `trg_fkTblAccountLogOrderToTblAccountLogViaIntAccountLogID_del_parent` BEFORE DELETE ON `tblAccountLog`         FOR EACH ROW         BEGIN             DELETE FROM `tblAccountLogOrder` WHERE `intAccountLogID` = OLD.`id`;         END
2026-02-11T16:59:18.477354,fkTblAccountLogOrderToTblAccountLogViaIntAccountLogID,trg_fkTblAccountLogOrderToTblAccountLogViaIntAccountLogID_upd_parent,PARENT_UPDATE_RESTRICT,FAILURE,"Code: 1 | Error: E0211 16:59:18.472605   68492 main.go:60] rpc error: code = Unknown desc = TabletManager.ExecuteFetchAsDba on zone1-3072903978: rpc error: code = Unknown desc = Identifier name 'trg_fkTblAccountLogOrderToTblAccountLogViaIntAccountLogID_upd_parent' is too long (errno 1059) (sqlstate 42000) during query: CREATE TRIGGER `trg_fkTblAccountLogOrderToTblAccountLogViaIntAccountLogID_upd_parent` BEFORE UPDATE ON `tblAccountLog`     FOR EACH ROW     BEGIN         IF NOT (NEW.`id` <=> OLD.`id`) THEN             IF (SELECT COUNT(*) FROM `tblAccountLogOrder` WHERE `intAccountLogID` = OLD.`id`) > 0 THEN                  SIGNAL SQLSTATE '45000'                   SET MESSAGE_TEXT = 'FK Violation: fkTblAccountLogOrderToTblAccountLogViaIntAccountLogID - Cannot update key, children exist in tblAccountLogOrder';             END IF;         END IF;     END"
2026-02-11T16:59:18.594892,fkTblAccountLogOrderToTblOrderViaIntOrderID,trg_fkTblAccountLogOrderToTblOrderViaIntOrderID_ins_valid,CHILD_INSERT_VALIDATE,SUCCESS,Success
2026-02-11T16:59:18.707922,fkTblAccountLogOrderToTblOrderViaIntOrderID,trg_fkTblAccountLogOrderToTblOrderViaIntOrderID_upd_valid,CHILD_UPDATE_VALIDATE,SUCCESS,Success
2026-02-11T16:59:18.820090,fkTblAccountLogOrderToTblOrderViaIntOrderID,trg_fkTblAccountLogOrderToTblOrderViaIntOrderID_del_parent,PARENT_DELETE_CASCADE,SUCCESS,Success
2026-02-11T16:59:18.974900,fkTblAccountLogOrderToTblOrderViaIntOrderID,trg_fkTblAccountLogOrderToTblOrderViaIntOrderID_upd_parent,PARENT_UPDATE_RESTRICT,SUCCESS,Success
2026-02-11T16:59:19.093900,fkTblAccountNotesToTblUserViaIntCreatedByUserID,trg_fkTblAccountNotesToTblUserViaIntCreatedByUserID_ins_valid,CHILD_INSERT_VALIDATE,SUCCESS,Success
2026-02-11T16:59:19.220537,fkTblAccountNotesToTblUserViaIntCreatedByUserID,trg_fkTblAccountNotesToTblUserViaIntCreatedByUserID_upd_valid,CHILD_UPDATE_VALIDATE,SUCCESS,Success
2026-02-11T16:59:19.337088,fkTblAccountNotesToTblUserViaIntCreatedByUserID,trg_fkTblAccountNotesToTblUserViaIntCreatedByUserID_del_parent,PARENT_DELETE_RESTRICT,SUCCESS,Success
2026-02-11T16:59:19.452648,fkTblAccountNotesToTblUserViaIntCreatedByUserID,trg_fkTblAccountNotesToTblUserViaIntCreatedByUserID_upd_parent,PARENT_UPDATE_RESTRICT,SUCCESS,Success
2026-02-11T16:59:19.563576,fkTblActivityLogToTblAssetViaIntAssetID,trg_fkTblActivityLogToTblAssetViaIntAssetID_ins_valid,CHILD_INSERT_VALIDATE,SUCCESS,Success
2026-02-11T16:59:19.683797,fkTblActivityLogToTblAssetViaIntAssetID,trg_fkTblActivityLogToTblAssetViaIntAssetID_upd_valid,CHILD_UPDATE_VALIDATE,SUCCESS,Success
2026-02-11T16:59:19.806508,fkTblActivityLogToTblAssetViaIntAssetID,trg_fkTblActivityLogToTblAssetViaIntAssetID_del_parent,PARENT_DELETE_CASCADE,SUCCESS,Success
2026-02-11T16:59:19.972261,fkTblActivityLogToTblAssetViaIntAssetID,trg_fkTblActivityLogToTblAssetViaIntAssetID_upd_parent,PARENT_UPDATE_RESTRICT,SUCCESS,Success
2026-02-11T16:59:20.142983,fkTblActivityLogToTblIntegrationActionViaIntIntegrationActionID,trg_fkTblActivityLogToTblIntegrationActionViaIntIntegrationActionID_ins_valid,CHILD_INSERT_VALIDATE,FAILURE,Code: 1 | Error: E0211 16:59:20.137348   68510 main.go:60] rpc error: code = Unknown desc = TabletManager.ExecuteFetchAsDba on zone1-3072903978: rpc error: code = Unknown desc = Identifier name 'trg_fkTblActivityLogToTblIntegrationActionViaIntIntegrationActionID_ins_valid' is too long (errno 1059) (sqlstate 42000) during query: CREATE TRIGGER `trg_fkTblActivityLogToTblIntegrationActionViaIntIntegrationActionID_ins_valid` BEFORE INSERT ON `tblActivityLog`     FOR EACH ROW     BEGIN         IF (SELECT COUNT(*) FROM `tblIntegrationAction` WHERE `id` = NEW.`intIntegrationActionID`) = 0 THEN             SIGNAL SQLSTATE '45000'              SET MESSAGE_TEXT = 'FK Violation: fkTblActivityLogToTblIntegrationActionViaIntIntegrationActionID - Referenced key not found in tblIntegrationAction';         END IF;     END
2026-02-11T16:59:20.274011,fkTblActivityLogToTblIntegrationActionViaIntIntegrationActionID,trg_fkTblActivityLogToTblIntegrationActionViaIntIntegrationActionID_upd_valid,CHILD_UPDATE_VALIDATE,FAILURE,Code: 1 | Error: E0211 16:59:20.270347   68511 main.go:60] rpc error: code = Unknown desc = TabletManager.ExecuteFetchAsDba on zone1-3072903978: rpc error: code = Unknown desc = Identifier name 'trg_fkTblActivityLogToTblIntegrationActionViaIntIntegrationActionID_upd_valid' is too long (errno 1059) (sqlstate 42000) during query: CREATE TRIGGER `trg_fkTblActivityLogToTblIntegrationActionViaIntIntegrationActionID_upd_valid` BEFORE UPDATE ON `tblActivityLog`     FOR EACH ROW     BEGIN         IF NOT (NEW.`intIntegrationActionID` <=> OLD.`intIntegrationActionID`) THEN             IF (SELECT COUNT(*) FROM `tblIntegrationAction` WHERE `id` = NEW.`intIntegrationActionID`) = 0 THEN                 SIGNAL SQLSTATE '45000'                  SET MESSAGE_TEXT = 'FK Violation: fkTblActivityLogToTblIntegrationActionViaIntIntegrationActionID - Referenced key not found in tblIntegrationAction';             END IF;         END IF;     END
2026-02-11T16:59:20.380358,fkTblActivityLogToTblIntegrationActionViaIntIntegrationActionID,trg_fkTblActivityLogToTblIntegrationActionViaIntIntegrationActionID_del_parent,PARENT_DELETE_CASCADE,FAILURE,Code: 1 | Error: E0211 16:59:20.376868   68512 main.go:60] rpc error: code = Unknown desc = TabletManager.ExecuteFetchAsDba on zone1-3072903978: rpc error: code = Unknown desc = Identifier name 'trg_fkTblActivityLogToTblIntegrationActionViaIntIntegrationActionID_del_parent' is too long (errno 1059) (sqlstate 42000) during query: CREATE TRIGGER `trg_fkTblActivityLogToTblIntegrationActionViaIntIntegrationActionID_del_parent` BEFORE DELETE ON `tblIntegrationAction`         FOR EACH ROW         BEGIN             DELETE FROM `tblActivityLog` WHERE `intIntegrationActionID` = OLD.`id`;         END
2026-02-11T16:59:20.493622,fkTblActivityLogToTblIntegrationActionViaIntIntegrationActionID,trg_fkTblActivityLogToTblIntegrationActionViaIntIntegrationActionID_upd_parent,PARENT_UPDATE_RESTRICT,FAILURE,"Code: 1 | Error: E0211 16:59:20.487896   68513 main.go:60] rpc error: code = Unknown desc = TabletManager.ExecuteFetchAsDba on zone1-3072903978: rpc error: code = Unknown desc = Identifier name 'trg_fkTblActivityLogToTblIntegrationActionViaIntIntegrationActionID_upd_parent' is too long (errno 1059) (sqlstate 42000) during query: CREATE TRIGGER `trg_fkTblActivityLogToTblIntegrationActionViaIntIntegrationActionID_upd_parent` BEFORE UPDATE ON `tblIntegrationAction`     FOR EACH ROW     BEGIN         IF NOT (NEW.`id` <=> OLD.`id`) THEN             IF (SELECT COUNT(*) FROM `tblActivityLog` WHERE `intIntegrationActionID` = OLD.`id`) > 0 THEN                  SIGNAL SQLSTATE '45000'                   SET MESSAGE_TEXT = 'FK Violation: fkTblActivityLogToTblIntegrationActionViaIntIntegrationActionID - Cannot update key, children exist in tblActivityLog';             END IF;         END IF;     END"
2026-02-11T16:59:20.609406,fkTblActivityLogToTblScheduledMaintenanceViaIntSchedu1232720111,trg_fkTblActivityLogToTblScheduledMaintenanceViaIntSchedu1232720111_ins_valid,CHILD_INSERT_VALIDATE,FAILURE,Code: 1 | Error: E0211 16:59:20.605174   68514 main.go:60] rpc error: code = Unknown desc = TabletManager.ExecuteFetchAsDba on zone1-3072903978: rpc error: code = Unknown desc = Identifier name 'trg_fkTblActivityLogToTblScheduledMaintenanceViaIntSchedu1232720111_ins_valid' is too long (errno 1059) (sqlstate 42000) during query: CREATE TRIGGER `trg_fkTblActivityLogToTblScheduledMaintenanceViaIntSchedu1232720111_ins_valid` BEFORE INSERT ON `tblActivityLog`     FOR EACH ROW     BEGIN         IF (SELECT COUNT(*) FROM `tblScheduledMaintenance` WHERE `id` = NEW.`intScheduledMaintenanceID`) = 0 THEN             SIGNAL SQLSTATE '45000'              SET MESSAGE_TEXT = 'FK Violation: fkTblActivityLogToTblScheduledMaintenanceViaIntSchedu1232720111 - Referenced key not found in tblScheduledMaintenance';         END IF;     END
2026-02-11T16:59:20.720905,fkTblActivityLogToTblScheduledMaintenanceViaIntSchedu1232720111,trg_fkTblActivityLogToTblScheduledMaintenanceViaIntSchedu1232720111_upd_valid,CHILD_UPDATE_VALIDATE,FAILURE,Code: 1 | Error: E0211 16:59:20.717274   68515 main.go:60] rpc error: code = Unknown desc = TabletManager.ExecuteFetchAsDba on zone1-3072903978: rpc error: code = Unknown desc = Identifier name 'trg_fkTblActivityLogToTblScheduledMaintenanceViaIntSchedu1232720111_upd_valid' is too long (errno 1059) (sqlstate 42000) during query: CREATE TRIGGER `trg_fkTblActivityLogToTblScheduledMaintenanceViaIntSchedu1232720111_upd_valid` BEFORE UPDATE ON `tblActivityLog`     FOR EACH ROW     BEGIN         IF NOT (NEW.`intScheduledMaintenanceID` <=> OLD.`intScheduledMaintenanceID`) THEN             IF (SELECT COUNT(*) FROM `tblScheduledMaintenance` WHERE `id` = NEW.`intScheduledMaintenanceID`) = 0 THEN                 SIGNAL SQLSTATE '45000'                  SET MESSAGE_TEXT = 'FK Violation: fkTblActivityLogToTblScheduledMaintenanceViaIntSchedu1232720111 - Referenced key not found in tblScheduledMaintenance';             END IF;         END IF;     END
2026-02-11T16:59:20.842601,fkTblActivityLogToTblScheduledMaintenanceViaIntSchedu1232720111,trg_fkTblActivityLogToTblScheduledMaintenanceViaIntSchedu1232720111_del_parent,PARENT_DELETE_CASCADE,FAILURE,Code: 1 | Error: E0211 16:59:20.822790   68516 main.go:60] rpc error: code = Unknown desc = TabletManager.ExecuteFetchAsDba on zone1-3072903978: rpc error: code = Unknown desc = Identifier name 'trg_fkTblActivityLogToTblScheduledMaintenanceViaIntSchedu1232720111_del_parent' is too long (errno 1059) (sqlstate 42000) during query: CREATE TRIGGER `trg_fkTblActivityLogToTblScheduledMaintenanceViaIntSchedu1232720111_del_parent` BEFORE DELETE ON `tblScheduledMaintenance`         FOR EACH ROW         BEGIN             DELETE FROM `tblActivityLog` WHERE `intScheduledMaintenanceID` = OLD.`id`;         END
2026-02-11T16:59:21.001613,fkTblActivityLogToTblScheduledMaintenanceViaIntSchedu1232720111,trg_fkTblActivityLogToTblScheduledMaintenanceViaIntSchedu1232720111_upd_parent,PARENT_UPDATE_RESTRICT,FAILURE,"Code: 1 | Error: E0211 16:59:20.995974   68517 main.go:60] rpc error: code = Unknown desc = TabletManager.ExecuteFetchAsDba on zone1-3072903978: rpc error: code = Unknown desc = Identifier name 'trg_fkTblActivityLogToTblScheduledMaintenanceViaIntSchedu1232720111_upd_parent' is too long (errno 1059) (sqlstate 42000) during query: CREATE TRIGGER `trg_fkTblActivityLogToTblScheduledMaintenanceViaIntSchedu1232720111_upd_parent` BEFORE UPDATE ON `tblScheduledMaintenance`     FOR EACH ROW     BEGIN         IF NOT (NEW.`id` <=> OLD.`id`) THEN             IF (SELECT COUNT(*) FROM `tblActivityLog` WHERE `intScheduledMaintenanceID` = OLD.`id`) > 0 THEN                  SIGNAL SQLSTATE '45000'                   SET MESSAGE_TEXT = 'FK Violation: fkTblActivityLogToTblScheduledMaintenanceViaIntSchedu1232720111 - Cannot update key, children exist in tblActivityLog';             END IF;         END IF;     END"
2026-02-11T16:59:21.155095,fkTblApiConsumerToTblApiConsumerViaIntApiConsumerDistr939616916,trg_fkTblApiConsumerToTblApiConsumerViaIntApiConsumerDistr939616916_ins_valid,CHILD_INSERT_VALIDATE,FAILURE,Code: 1 | Error: E0211 16:59:21.149856   68518 main.go:60] rpc error: code = Unknown desc = TabletManager.ExecuteFetchAsDba on zone1-3072903978: rpc error: code = Unknown desc = Identifier name 'trg_fkTblApiConsumerToTblApiConsumerViaIntApiConsumerDistr939616916_ins_valid' is too long (errno 1059) (sqlstate 42000) during query: CREATE TRIGGER `trg_fkTblApiConsumerToTblApiConsumerViaIntApiConsumerDistr939616916_ins_valid` BEFORE INSERT ON `tblApiConsumer`     FOR EACH ROW     BEGIN         IF (SELECT COUNT(*) FROM `tblApiConsumer` WHERE `id` = NEW.`intApiConsumerDistributionParentID`) = 0 THEN             SIGNAL SQLSTATE '45000'              SET MESSAGE_TEXT = 'FK Violation: fkTblApiConsumerToTblApiConsumerViaIntApiConsumerDistr939616916 - Referenced key not found in tblApiConsumer';         END IF;     END
2026-02-11T16:59:21.269485,fkTblApiConsumerToTblApiConsumerViaIntApiConsumerDistr939616916,trg_fkTblApiConsumerToTblApiConsumerViaIntApiConsumerDistr939616916_upd_valid,CHILD_UPDATE_VALIDATE,FAILURE,Code: 1 | Error: E0211 16:59:21.265327   68519 main.go:60] rpc error: code = Unknown desc = TabletManager.ExecuteFetchAsDba on zone1-3072903978: rpc error: code = Unknown desc = Identifier name 'trg_fkTblApiConsumerToTblApiConsumerViaIntApiConsumerDistr939616916_upd_valid' is too long (errno 1059) (sqlstate 42000) during query: CREATE TRIGGER `trg_fkTblApiConsumerToTblApiConsumerViaIntApiConsumerDistr939616916_upd_valid` BEFORE UPDATE ON `tblApiConsumer`     FOR EACH ROW     BEGIN         IF NOT (NEW.`intApiConsumerDistributionParentID` <=> OLD.`intApiConsumerDistributionParentID`) THEN             IF (SELECT COUNT(*) FROM `tblApiConsumer` WHERE `id` = NEW.`intApiConsumerDistributionParentID`) = 0 THEN                 SIGNAL SQLSTATE '45000'                  SET MESSAGE_TEXT = 'FK Violation: fkTblApiConsumerToTblApiConsumerViaIntApiConsumerDistr939616916 - Referenced key not found in tblApiConsumer';             END IF;         END IF;     END
2026-02-11T16:59:21.386606,fkTblApiConsumerToTblApiConsumerViaIntApiConsumerDistr939616916,trg_fkTblApiConsumerToTblApiConsumerViaIntApiConsumerDistr939616916_del_parent,PARENT_DELETE_RESTRICT,FAILURE,"Code: 1 | Error: E0211 16:59:21.382038   68520 main.go:60] rpc error: code = Unknown desc = TabletManager.ExecuteFetchAsDba on zone1-3072903978: rpc error: code = Unknown desc = Identifier name 'trg_fkTblApiConsumerToTblApiConsumerViaIntApiConsumerDistr939616916_del_parent' is too long (errno 1059) (sqlstate 42000) during query: CREATE TRIGGER `trg_fkTblApiConsumerToTblApiConsumerViaIntApiConsumerDistr939616916_del_parent` BEFORE DELETE ON `tblApiConsumer`         FOR EACH ROW         BEGIN             IF (SELECT COUNT(*) FROM `tblApiConsumer` WHERE `intApiConsumerDistributionParentID` = OLD.`id`) > 0 THEN                 SIGNAL SQLSTATE '45000'                  SET MESSAGE_TEXT = 'FK Violation: fkTblApiConsumerToTblApiConsumerViaIntApiConsumerDistr939616916 - Cannot delete, children exist in tblApiConsumer';             END IF;         END"
2026-02-11T16:59:21.499582,fkTblApiConsumerToTblApiConsumerViaIntApiConsumerDistr939616916,trg_fkTblApiConsumerToTblApiConsumerViaIntApiConsumerDistr939616916_upd_parent,PARENT_UPDATE_RESTRICT,FAILURE,"Code: 1 | Error: E0211 16:59:21.495838   68521 main.go:60] rpc error: code = Unknown desc = TabletManager.ExecuteFetchAsDba on zone1-3072903978: rpc error: code = Unknown desc = Identifier name 'trg_fkTblApiConsumerToTblApiConsumerViaIntApiConsumerDistr939616916_upd_parent' is too long (errno 1059) (sqlstate 42000) during query: CREATE TRIGGER `trg_fkTblApiConsumerToTblApiConsumerViaIntApiConsumerDistr939616916_upd_parent` BEFORE UPDATE ON `tblApiConsumer`     FOR EACH ROW     BEGIN         IF NOT (NEW.`id` <=> OLD.`id`) THEN             IF (SELECT COUNT(*) FROM `tblApiConsumer` WHERE `intApiConsumerDistributionParentID` = OLD.`id`) > 0 THEN                  SIGNAL SQLSTATE '45000'                   SET MESSAGE_TEXT = 'FK Violation: fkTblApiConsumerToTblApiConsumerViaIntApiConsumerDistr939616916 - Cannot update key, children exist in tblApiConsumer';             END IF;         END IF;     END"
2026-02-11T16:59:21.616387,fkTblApiConsumerUsageToTblApiConsumerViaIntApiConsume1358243839,trg_fkTblApiConsumerUsageToTblApiConsumerViaIntApiConsume1358243839_ins_valid,CHILD_INSERT_VALIDATE,FAILURE,Code: 1 | Error: E0211 16:59:21.613114   68522 main.go:60] rpc error: code = Unknown desc = TabletManager.ExecuteFetchAsDba on zone1-3072903978: rpc error: code = Unknown desc = Identifier name 'trg_fkTblApiConsumerUsageToTblApiConsumerViaIntApiConsume1358243839_ins_valid' is too long (errno 1059) (sqlstate 42000) during query: CREATE TRIGGER `trg_fkTblApiConsumerUsageToTblApiConsumerViaIntApiConsume1358243839_ins_valid` BEFORE INSERT ON `tblApiConsumerUsage`     FOR EACH ROW     BEGIN         IF (SELECT COUNT(*) FROM `tblApiConsumer` WHERE `id` = NEW.`intApiConsumerDistributionParentID`) = 0 THEN             SIGNAL SQLSTATE '45000'              SET MESSAGE_TEXT = 'FK Violation: fkTblApiConsumerUsageToTblApiConsumerViaIntApiConsume1358243839 - Referenced key not found in tblApiConsumer';         END IF;     END
2026-02-11T16:59:21.733366,fkTblApiConsumerUsageToTblApiConsumerViaIntApiConsume1358243839,trg_fkTblApiConsumerUsageToTblApiConsumerViaIntApiConsume1358243839_upd_valid,CHILD_UPDATE_VALIDATE,FAILURE,Code: 1 | Error: E0211 16:59:21.729560   68523 main.go:60] rpc error: code = Unknown desc = TabletManager.ExecuteFetchAsDba on zone1-3072903978: rpc error: code = Unknown desc = Identifier name 'trg_fkTblApiConsumerUsageToTblApiConsumerViaIntApiConsume1358243839_upd_valid' is too long (errno 1059) (sqlstate 42000) during query: CREATE TRIGGER `trg_fkTblApiConsumerUsageToTblApiConsumerViaIntApiConsume1358243839_upd_valid` BEFORE UPDATE ON `tblApiConsumerUsage`     FOR EACH ROW     BEGIN         IF NOT (NEW.`intApiConsumerDistributionParentID` <=> OLD.`intApiConsumerDistributionParentID`) THEN             IF (SELECT COUNT(*) FROM `tblApiConsumer` WHERE `id` = NEW.`intApiConsumerDistributionParentID`) = 0 THEN                 SIGNAL SQLSTATE '45000'                  SET MESSAGE_TEXT = 'FK Violation: fkTblApiConsumerUsageToTblApiConsumerViaIntApiConsume1358243839 - Referenced key not found in tblApiConsumer';             END IF;         END IF;     END
2026-02-11T16:59:21.840404,fkTblApiConsumerUsageToTblApiConsumerViaIntApiConsume1358243839,trg_fkTblApiConsumerUsageToTblApiConsumerViaIntApiConsume1358243839_del_parent,PARENT_DELETE_RESTRICT,FAILURE,"Code: 1 | Error: E0211 16:59:21.836081   68524 main.go:60] rpc error: code = Unknown desc = TabletManager.ExecuteFetchAsDba on zone1-3072903978: rpc error: code = Unknown desc = Identifier name 'trg_fkTblApiConsumerUsageToTblApiConsumerViaIntApiConsume1358243839_del_parent' is too long (errno 1059) (sqlstate 42000) during query: CREATE TRIGGER `trg_fkTblApiConsumerUsageToTblApiConsumerViaIntApiConsume1358243839_del_parent` BEFORE DELETE ON `tblApiConsumer`         FOR EACH ROW         BEGIN             IF (SELECT COUNT(*) FROM `tblApiConsumerUsage` WHERE `intApiConsumerDistributionParentID` = OLD.`id`) > 0 THEN                 SIGNAL SQLSTATE '45000'                  SET MESSAGE_TEXT = 'FK Violation: fkTblApiConsumerUsageToTblApiConsumerViaIntApiConsume1358243839 - Cannot delete, children exist in tblApiConsumerUsage';             END IF;         END"
2026-02-11T16:59:21.958610,fkTblApiConsumerUsageToTblApiConsumerViaIntApiConsume1358243839,trg_fkTblApiConsumerUsageToTblApiConsumerViaIntApiConsume1358243839_upd_parent,PARENT_UPDATE_RESTRICT,FAILURE,"Code: 1 | Error: E0211 16:59:21.952827   68525 main.go:60] rpc error: code = Unknown desc = TabletManager.ExecuteFetchAsDba on zone1-3072903978: rpc error: code = Unknown desc = Identifier name 'trg_fkTblApiConsumerUsageToTblApiConsumerViaIntApiConsume1358243839_upd_parent' is too long (errno 1059) (sqlstate 42000) during query: CREATE TRIGGER `trg_fkTblApiConsumerUsageToTblApiConsumerViaIntApiConsume1358243839_upd_parent` BEFORE UPDATE ON `tblApiConsumer`     FOR EACH ROW     BEGIN         IF NOT (NEW.`id` <=> OLD.`id`) THEN             IF (SELECT COUNT(*) FROM `tblApiConsumerUsage` WHERE `intApiConsumerDistributionParentID` = OLD.`id`) > 0 THEN                  SIGNAL SQLSTATE '45000'                   SET MESSAGE_TEXT = 'FK Violation: fkTblApiConsumerUsageToTblApiConsumerViaIntApiConsume1358243839 - Cannot update key, children exist in tblApiConsumerUsage';             END IF;         END IF;     END"
2026-02-11T16:59:22.075465,fkTblApiConsumerUsageToTblApiConsumerViaIntApiConsumerID,trg_fkTblApiConsumerUsageToTblApiConsumerViaIntApiConsumerID_ins_valid,CHILD_INSERT_VALIDATE,FAILURE,Code: 1 | Error: E0211 16:59:22.069339   68526 main.go:60] rpc error: code = Unknown desc = TabletManager.ExecuteFetchAsDba on zone1-3072903978: rpc error: code = Unknown desc = Identifier name 'trg_fkTblApiConsumerUsageToTblApiConsumerViaIntApiConsumerID_ins_valid' is too long (errno 1059) (sqlstate 42000) during query: CREATE TRIGGER `trg_fkTblApiConsumerUsageToTblApiConsumerViaIntApiConsumerID_ins_valid` BEFORE INSERT ON `tblApiConsumerUsage`     FOR EACH ROW     BEGIN         IF (SELECT COUNT(*) FROM `tblApiConsumer` WHERE `id` = NEW.`intApiConsumerID`) = 0 THEN             SIGNAL SQLSTATE '45000'              SET MESSAGE_TEXT = 'FK Violation: fkTblApiConsumerUsageToTblApiConsumerViaIntApiConsumerID - Referenced key not found in tblApiConsumer';         END IF;     END
2026-02-11T16:59:22.192766,fkTblApiConsumerUsageToTblApiConsumerViaIntApiConsumerID,trg_fkTblApiConsumerUsageToTblApiConsumerViaIntApiConsumerID_upd_valid,CHILD_UPDATE_VALIDATE,FAILURE,Code: 1 | Error: E0211 16:59:22.187405   68527 main.go:60] rpc error: code = Unknown desc = TabletManager.ExecuteFetchAsDba on zone1-3072903978: rpc error: code = Unknown desc = Identifier name 'trg_fkTblApiConsumerUsageToTblApiConsumerViaIntApiConsumerID_upd_valid' is too long (errno 1059) (sqlstate 42000) during query: CREATE TRIGGER `trg_fkTblApiConsumerUsageToTblApiConsumerViaIntApiConsumerID_upd_valid` BEFORE UPDATE ON `tblApiConsumerUsage`     FOR EACH ROW     BEGIN         IF NOT (NEW.`intApiConsumerID` <=> OLD.`intApiConsumerID`) THEN             IF (SELECT COUNT(*) FROM `tblApiConsumer` WHERE `id` = NEW.`intApiConsumerID`) = 0 THEN                 SIGNAL SQLSTATE '45000'                  SET MESSAGE_TEXT = 'FK Violation: fkTblApiConsumerUsageToTblApiConsumerViaIntApiConsumerID - Referenced key not found in tblApiConsumer';             END IF;         END IF;     END
2026-02-11T16:59:22.301433,fkTblApiConsumerUsageToTblApiConsumerViaIntApiConsumerID,trg_fkTblApiConsumerUsageToTblApiConsumerViaIntApiConsumerID_del_parent,PARENT_DELETE_RESTRICT,FAILURE,"Code: 1 | Error: E0211 16:59:22.296777   68528 main.go:60] rpc error: code = Unknown desc = TabletManager.ExecuteFetchAsDba on zone1-3072903978: rpc error: code = Unknown desc = Identifier name 'trg_fkTblApiConsumerUsageToTblApiConsumerViaIntApiConsumerID_del_parent' is too long (errno 1059) (sqlstate 42000) during query: CREATE TRIGGER `trg_fkTblApiConsumerUsageToTblApiConsumerViaIntApiConsumerID_del_parent` BEFORE DELETE ON `tblApiConsumer`         FOR EACH ROW         BEGIN             IF (SELECT COUNT(*) FROM `tblApiConsumerUsage` WHERE `intApiConsumerID` = OLD.`id`) > 0 THEN                 SIGNAL SQLSTATE '45000'                  SET MESSAGE_TEXT = 'FK Violation: fkTblApiConsumerUsageToTblApiConsumerViaIntApiConsumerID - Cannot delete, children exist in tblApiConsumerUsage';             END IF;         END"
2026-02-11T16:59:22.411938,fkTblApiConsumerUsageToTblApiConsumerViaIntApiConsumerID,trg_fkTblApiConsumerUsageToTblApiConsumerViaIntApiConsumerID_upd_parent,PARENT_UPDATE_RESTRICT,FAILURE,"Code: 1 | Error: E0211 16:59:22.406403   68529 main.go:60] rpc error: code = Unknown desc = TabletManager.ExecuteFetchAsDba on zone1-3072903978: rpc error: code = Unknown desc = Identifier name 'trg_fkTblApiConsumerUsageToTblApiConsumerViaIntApiConsumerID_upd_parent' is too long (errno 1059) (sqlstate 42000) during query: CREATE TRIGGER `trg_fkTblApiConsumerUsageToTblApiConsumerViaIntApiConsumerID_upd_parent` BEFORE UPDATE ON `tblApiConsumer`     FOR EACH ROW     BEGIN         IF NOT (NEW.`id` <=> OLD.`id`) THEN             IF (SELECT COUNT(*) FROM `tblApiConsumerUsage` WHERE `intApiConsumerID` = OLD.`id`) > 0 THEN                  SIGNAL SQLSTATE '45000'                   SET MESSAGE_TEXT = 'FK Violation: fkTblApiConsumerUsageToTblApiConsumerViaIntApiConsumerID - Cannot update key, children exist in tblApiConsumerUsage';             END IF;         END IF;     END"
2026-02-11T16:59:22.521510,fkTblAssetToTblAssetCategoryViaIntSuperAssetCategoryID,trg_fkTblAssetToTblAssetCategoryViaIntSuperAssetCategoryID_ins_valid,CHILD_INSERT_VALIDATE,FAILURE,Code: 1 | Error: E0211 16:59:22.517173   68530 main.go:60] rpc error: code = Unknown desc = TabletManager.ExecuteFetchAsDba on zone1-3072903978: rpc error: code = Unknown desc = Identifier name 'trg_fkTblAssetToTblAssetCategoryViaIntSuperAssetCategoryID_ins_valid' is too long (errno 1059) (sqlstate 42000) during query: CREATE TRIGGER `trg_fkTblAssetToTblAssetCategoryViaIntSuperAssetCategoryID_ins_valid` BEFORE INSERT ON `tblAsset`     FOR EACH ROW     BEGIN         IF (SELECT COUNT(*) FROM `tblAssetCategory` WHERE `id` = NEW.`intSuperAssetCategoryID`) = 0 THEN             SIGNAL SQLSTATE '45000'              SET MESSAGE_TEXT = 'FK Violation: fkTblAssetToTblAssetCategoryViaIntSuperAssetCategoryID - Referenced key not found in tblAssetCategory';         END IF;     END
2026-02-11T16:59:22.668916,fkTblAssetToTblAssetCategoryViaIntSuperAssetCategoryID,trg_fkTblAssetToTblAssetCategoryViaIntSuperAssetCategoryID_upd_valid,CHILD_UPDATE_VALIDATE,FAILURE,Code: 1 | Error: E0211 16:59:22.663743   68531 main.go:60] rpc error: code = Unknown desc = TabletManager.ExecuteFetchAsDba on zone1-3072903978: rpc error: code = Unknown desc = Identifier name 'trg_fkTblAssetToTblAssetCategoryViaIntSuperAssetCategoryID_upd_valid' is too long (errno 1059) (sqlstate 42000) during query: CREATE TRIGGER `trg_fkTblAssetToTblAssetCategoryViaIntSuperAssetCategoryID_upd_valid` BEFORE UPDATE ON `tblAsset`     FOR EACH ROW     BEGIN         IF NOT (NEW.`intSuperAssetCategoryID` <=> OLD.`intSuperAssetCategoryID`) THEN             IF (SELECT COUNT(*) FROM `tblAssetCategory` WHERE `id` = NEW.`intSuperAssetCategoryID`) = 0 THEN                 SIGNAL SQLSTATE '45000'                  SET MESSAGE_TEXT = 'FK Violation: fkTblAssetToTblAssetCategoryViaIntSuperAssetCategoryID - Referenced key not found in tblAssetCategory';             END IF;         END IF;     END
2026-02-11T16:59:22.786186,fkTblAssetToTblAssetCategoryViaIntSuperAssetCategoryID,trg_fkTblAssetToTblAssetCategoryViaIntSuperAssetCategoryID_del_parent,PARENT_DELETE_RESTRICT,FAILURE,"Code: 1 | Error: E0211 16:59:22.781295   68532 main.go:60] rpc error: code = Unknown desc = TabletManager.ExecuteFetchAsDba on zone1-3072903978: rpc error: code = Unknown desc = Identifier name 'trg_fkTblAssetToTblAssetCategoryViaIntSuperAssetCategoryID_del_parent' is too long (errno 1059) (sqlstate 42000) during query: CREATE TRIGGER `trg_fkTblAssetToTblAssetCategoryViaIntSuperAssetCategoryID_del_parent` BEFORE DELETE ON `tblAssetCategory`         FOR EACH ROW         BEGIN             IF (SELECT COUNT(*) FROM `tblAsset` WHERE `intSuperAssetCategoryID` = OLD.`id`) > 0 THEN                 SIGNAL SQLSTATE '45000'                  SET MESSAGE_TEXT = 'FK Violation: fkTblAssetToTblAssetCategoryViaIntSuperAssetCategoryID - Cannot delete, children exist in tblAsset';             END IF;         END"
2026-02-11T16:59:22.900482,fkTblAssetToTblAssetCategoryViaIntSuperAssetCategoryID,trg_fkTblAssetToTblAssetCategoryViaIntSuperAssetCategoryID_upd_parent,PARENT_UPDATE_RESTRICT,FAILURE,"Code: 1 | Error: E0211 16:59:22.894720   68533 main.go:60] rpc error: code = Unknown desc = TabletManager.ExecuteFetchAsDba on zone1-3072903978: rpc error: code = Unknown desc = Identifier name 'trg_fkTblAssetToTblAssetCategoryViaIntSuperAssetCategoryID_upd_parent' is too long (errno 1059) (sqlstate 42000) during query: CREATE TRIGGER `trg_fkTblAssetToTblAssetCategoryViaIntSuperAssetCategoryID_upd_parent` BEFORE UPDATE ON `tblAssetCategory`     FOR EACH ROW     BEGIN         IF NOT (NEW.`id` <=> OLD.`id`) THEN             IF (SELECT COUNT(*) FROM `tblAsset` WHERE `intSuperAssetCategoryID` = OLD.`id`) > 0 THEN                  SIGNAL SQLSTATE '45000'                   SET MESSAGE_TEXT = 'FK Violation: fkTblAssetToTblAssetCategoryViaIntSuperAssetCategoryID - Cannot update key, children exist in tblAsset';             END IF;         END IF;     END"
2026-02-11T16:59:23.019638,fkTblAssetToTblAssetCategoryViaIntSuperCategoryID,trg_fkTblAssetToTblAssetCategoryViaIntSuperCategoryID_ins_valid,CHILD_INSERT_VALIDATE,SUCCESS,Success
2026-02-11T16:59:23.136983,fkTblAssetToTblAssetCategoryViaIntSuperCategoryID,trg_fkTblAssetToTblAssetCategoryViaIntSuperCategoryID_upd_valid,CHILD_UPDATE_VALIDATE,SUCCESS,Success
2026-02-11T16:59:23.255443,fkTblAssetToTblAssetCategoryViaIntSuperCategoryID,trg_fkTblAssetToTblAssetCategoryViaIntSuperCategoryID_del_parent,PARENT_DELETE_RESTRICT,SUCCESS,Success
2026-02-11T16:59:23.371041,fkTblAssetToTblAssetCategoryViaIntSuperCategoryID,trg_fkTblAssetToTblAssetCategoryViaIntSuperCategoryID_upd_parent,PARENT_UPDATE_RESTRICT,SUCCESS,Success
2026-02-11T16:59:23.488952,fkTblAssetToTblMeterReadingUnitViaIntLastMeterReadingUnitID,trg_fkTblAssetToTblMeterReadingUnitViaIntLastMeterReadingUnitID_ins_valid,CHILD_INSERT_VALIDATE,FAILURE,Code: 1 | Error: E0211 16:59:23.484495   68538 main.go:60] rpc error: code = Unknown desc = TabletManager.ExecuteFetchAsDba on zone1-3072903978: rpc error: code = Unknown desc = Identifier name 'trg_fkTblAssetToTblMeterReadingUnitViaIntLastMeterReadingUnitID_ins_valid' is too long (errno 1059) (sqlstate 42000) during query: CREATE TRIGGER `trg_fkTblAssetToTblMeterReadingUnitViaIntLastMeterReadingUnitID_ins_valid` BEFORE INSERT ON `tblAsset`     FOR EACH ROW     BEGIN         IF (SELECT COUNT(*) FROM `tblMeterReadingUnit` WHERE `id` = NEW.`intLastMeterReadingUnitID`) = 0 THEN             SIGNAL SQLSTATE '45000'              SET MESSAGE_TEXT = 'FK Violation: fkTblAssetToTblMeterReadingUnitViaIntLastMeterReadingUnitID - Referenced key not found in tblMeterReadingUnit';         END IF;     END
2026-02-11T16:59:23.595067,fkTblAssetToTblMeterReadingUnitViaIntLastMeterReadingUnitID,trg_fkTblAssetToTblMeterReadingUnitViaIntLastMeterReadingUnitID_upd_valid,CHILD_UPDATE_VALIDATE,FAILURE,Code: 1 | Error: E0211 16:59:23.591683   68540 main.go:60] rpc error: code = Unknown desc = TabletManager.ExecuteFetchAsDba on zone1-3072903978: rpc error: code = Unknown desc = Identifier name 'trg_fkTblAssetToTblMeterReadingUnitViaIntLastMeterReadingUnitID_upd_valid' is too long (errno 1059) (sqlstate 42000) during query: CREATE TRIGGER `trg_fkTblAssetToTblMeterReadingUnitViaIntLastMeterReadingUnitID_upd_valid` BEFORE UPDATE ON `tblAsset`     FOR EACH ROW     BEGIN         IF NOT (NEW.`intLastMeterReadingUnitID` <=> OLD.`intLastMeterReadingUnitID`) THEN             IF (SELECT COUNT(*) FROM `tblMeterReadingUnit` WHERE `id` = NEW.`intLastMeterReadingUnitID`) = 0 THEN                 SIGNAL SQLSTATE '45000'                  SET MESSAGE_TEXT = 'FK Violation: fkTblAssetToTblMeterReadingUnitViaIntLastMeterReadingUnitID - Referenced key not found in tblMeterReadingUnit';             END IF;         END IF;     END
2026-02-11T16:59:23.698084,fkTblAssetToTblMeterReadingUnitViaIntLastMeterReadingUnitID,trg_fkTblAssetToTblMeterReadingUnitViaIntLastMeterReadingUnitID_del_parent,PARENT_DELETE_RESTRICT,FAILURE,"Code: 1 | Error: E0211 16:59:23.694535   68542 main.go:60] rpc error: code = Unknown desc = TabletManager.ExecuteFetchAsDba on zone1-3072903978: rpc error: code = Unknown desc = Identifier name 'trg_fkTblAssetToTblMeterReadingUnitViaIntLastMeterReadingUnitID_del_parent' is too long (errno 1059) (sqlstate 42000) during query: CREATE TRIGGER `trg_fkTblAssetToTblMeterReadingUnitViaIntLastMeterReadingUnitID_del_parent` BEFORE DELETE ON `tblMeterReadingUnit`         FOR EACH ROW         BEGIN             IF (SELECT COUNT(*) FROM `tblAsset` WHERE `intLastMeterReadingUnitID` = OLD.`id`) > 0 THEN                 SIGNAL SQLSTATE '45000'                  SET MESSAGE_TEXT = 'FK Violation: fkTblAssetToTblMeterReadingUnitViaIntLastMeterReadingUnitID - Cannot delete, children exist in tblAsset';             END IF;         END"
2026-02-11T16:59:23.806198,fkTblAssetToTblMeterReadingUnitViaIntLastMeterReadingUnitID,trg_fkTblAssetToTblMeterReadingUnitViaIntLastMeterReadingUnitID_upd_parent,PARENT_UPDATE_RESTRICT,FAILURE,"Code: 1 | Error: E0211 16:59:23.802345   68543 main.go:60] rpc error: code = Unknown desc = TabletManager.ExecuteFetchAsDba on zone1-3072903978: rpc error: code = Unknown desc = Identifier name 'trg_fkTblAssetToTblMeterReadingUnitViaIntLastMeterReadingUnitID_upd_parent' is too long (errno 1059) (sqlstate 42000) during query: CREATE TRIGGER `trg_fkTblAssetToTblMeterReadingUnitViaIntLastMeterReadingUnitID_upd_parent` BEFORE UPDATE ON `tblMeterReadingUnit`     FOR EACH ROW     BEGIN         IF NOT (NEW.`id` <=> OLD.`id`) THEN             IF (SELECT COUNT(*) FROM `tblAsset` WHERE `intLastMeterReadingUnitID` = OLD.`id`) > 0 THEN                  SIGNAL SQLSTATE '45000'                   SET MESSAGE_TEXT = 'FK Violation: fkTblAssetToTblMeterReadingUnitViaIntLastMeterReadingUnitID - Cannot update key, children exist in tblAsset';             END IF;         END IF;     END"
2026-02-11T16:59:23.958807,fkTblAssetToTblPurchaseOrderLineItemViaIntCreatedForPu518539163,trg_fkTblAssetToTblPurchaseOrderLineItemViaIntCreatedForPu518539163_ins_valid,CHILD_INSERT_VALIDATE,FAILURE,Code: 1 | Error: E0211 16:59:23.953965   68544 main.go:60] rpc error: code = Unknown desc = TabletManager.ExecuteFetchAsDba on zone1-3072903978: rpc error: code = Unknown desc = Identifier name 'trg_fkTblAssetToTblPurchaseOrderLineItemViaIntCreatedForPu518539163_ins_valid' is too long (errno 1059) (sqlstate 42000) during query: CREATE TRIGGER `trg_fkTblAssetToTblPurchaseOrderLineItemViaIntCreatedForPu518539163_ins_valid` BEFORE INSERT ON `tblAsset`     FOR EACH ROW     BEGIN         IF (SELECT COUNT(*) FROM `tblPurchaseOrderLineItem` WHERE `id` = NEW.`intCreatedForPurchaseOrderLineItemID`) = 0 THEN             SIGNAL SQLSTATE '45000'              SET MESSAGE_TEXT = 'FK Violation: fkTblAssetToTblPurchaseOrderLineItemViaIntCreatedForPu518539163 - Referenced key not found in tblPurchaseOrderLineItem';         END IF;     END
2026-02-11T16:59:24.074287,fkTblAssetToTblPurchaseOrderLineItemViaIntCreatedForPu518539163,trg_fkTblAssetToTblPurchaseOrderLineItemViaIntCreatedForPu518539163_upd_valid,CHILD_UPDATE_VALIDATE,FAILURE,Code: 1 | Error: E0211 16:59:24.070537   68545 main.go:60] rpc error: code = Unknown desc = TabletManager.ExecuteFetchAsDba on zone1-3072903978: rpc error: code = Unknown desc = Identifier name 'trg_fkTblAssetToTblPurchaseOrderLineItemViaIntCreatedForPu518539163_upd_valid' is too long (errno 1059) (sqlstate 42000) during query: CREATE TRIGGER `trg_fkTblAssetToTblPurchaseOrderLineItemViaIntCreatedForPu518539163_upd_valid` BEFORE UPDATE ON `tblAsset`     FOR EACH ROW     BEGIN         IF NOT (NEW.`intCreatedForPurchaseOrderLineItemID` <=> OLD.`intCreatedForPurchaseOrderLineItemID`) THEN             IF (SELECT COUNT(*) FROM `tblPurchaseOrderLineItem` WHERE `id` = NEW.`intCreatedForPurchaseOrderLineItemID`) = 0 THEN                 SIGNAL SQLSTATE '45000'                  SET MESSAGE_TEXT = 'FK Violation: fkTblAssetToTblPurchaseOrderLineItemViaIntCreatedForPu518539163 - Referenced key not found in tblPurchaseOrderLineItem';             END IF;         END IF;     END
2026-02-11T16:59:24.182344,fkTblAssetToTblPurchaseOrderLineItemViaIntCreatedForPu518539163,trg_fkTblAssetToTblPurchaseOrderLineItemViaIntCreatedForPu518539163_del_parent,PARENT_DELETE_RESTRICT,FAILURE,"Code: 1 | Error: E0211 16:59:24.178785   68546 main.go:60] rpc error: code = Unknown desc = TabletManager.ExecuteFetchAsDba on zone1-3072903978: rpc error: code = Unknown desc = Identifier name 'trg_fkTblAssetToTblPurchaseOrderLineItemViaIntCreatedForPu518539163_del_parent' is too long (errno 1059) (sqlstate 42000) during query: CREATE TRIGGER `trg_fkTblAssetToTblPurchaseOrderLineItemViaIntCreatedForPu518539163_del_parent` BEFORE DELETE ON `tblPurchaseOrderLineItem`         FOR EACH ROW         BEGIN             IF (SELECT COUNT(*) FROM `tblAsset` WHERE `intCreatedForPurchaseOrderLineItemID` = OLD.`id`) > 0 THEN                 SIGNAL SQLSTATE '45000'                  SET MESSAGE_TEXT = 'FK Violation: fkTblAssetToTblPurchaseOrderLineItemViaIntCreatedForPu518539163 - Cannot delete, children exist in tblAsset';             END IF;         END"
2026-02-11T16:59:24.302002,fkTblAssetToTblPurchaseOrderLineItemViaIntCreatedForPu518539163,trg_fkTblAssetToTblPurchaseOrderLineItemViaIntCreatedForPu518539163_upd_parent,PARENT_UPDATE_RESTRICT,FAILURE,"Code: 1 | Error: E0211 16:59:24.297006   68547 main.go:60] rpc error: code = Unknown desc = TabletManager.ExecuteFetchAsDba on zone1-3072903978: rpc error: code = Unknown desc = Identifier name 'trg_fkTblAssetToTblPurchaseOrderLineItemViaIntCreatedForPu518539163_upd_parent' is too long (errno 1059) (sqlstate 42000) during query: CREATE TRIGGER `trg_fkTblAssetToTblPurchaseOrderLineItemViaIntCreatedForPu518539163_upd_parent` BEFORE UPDATE ON `tblPurchaseOrderLineItem`     FOR EACH ROW     BEGIN         IF NOT (NEW.`id` <=> OLD.`id`) THEN             IF (SELECT COUNT(*) FROM `tblAsset` WHERE `intCreatedForPurchaseOrderLineItemID` = OLD.`id`) > 0 THEN                  SIGNAL SQLSTATE '45000'                   SET MESSAGE_TEXT = 'FK Violation: fkTblAssetToTblPurchaseOrderLineItemViaIntCreatedForPu518539163 - Cannot update key, children exist in tblAsset';             END IF;         END IF;     END"
2026-02-11T16:59:24.434189,fkTblAssetToTblReceiptLineItemViaIntCreatedFromReceipt145304412,trg_fkTblAssetToTblReceiptLineItemViaIntCreatedFromReceipt145304412_ins_valid,CHILD_INSERT_VALIDATE,FAILURE,Code: 1 | Error: E0211 16:59:24.429863   68548 main.go:60] rpc error: code = Unknown desc = TabletManager.ExecuteFetchAsDba on zone1-3072903978: rpc error: code = Unknown desc = Identifier name 'trg_fkTblAssetToTblReceiptLineItemViaIntCreatedFromReceipt145304412_ins_valid' is too long (errno 1059) (sqlstate 42000) during query: CREATE TRIGGER `trg_fkTblAssetToTblReceiptLineItemViaIntCreatedFromReceipt145304412_ins_valid` BEFORE INSERT ON `tblAsset`     FOR EACH ROW     BEGIN         IF (SELECT COUNT(*) FROM `tblReceiptLineItem` WHERE `id` = NEW.`intCreatedFromReceiptLineItemID`) = 0 THEN             SIGNAL SQLSTATE '45000'              SET MESSAGE_TEXT = 'FK Violation: fkTblAssetToTblReceiptLineItemViaIntCreatedFromReceipt145304412 - Referenced key not found in tblReceiptLineItem';         END IF;     END
2026-02-11T16:59:24.600138,fkTblAssetToTblReceiptLineItemViaIntCreatedFromReceipt145304412,trg_fkTblAssetToTblReceiptLineItemViaIntCreatedFromReceipt145304412_upd_valid,CHILD_UPDATE_VALIDATE,FAILURE,Code: 1 | Error: E0211 16:59:24.596380   68550 main.go:60] rpc error: code = Unknown desc = TabletManager.ExecuteFetchAsDba on zone1-3072903978: rpc error: code = Unknown desc = Identifier name 'trg_fkTblAssetToTblReceiptLineItemViaIntCreatedFromReceipt145304412_upd_valid' is too long (errno 1059) (sqlstate 42000) during query: CREATE TRIGGER `trg_fkTblAssetToTblReceiptLineItemViaIntCreatedFromReceipt145304412_upd_valid` BEFORE UPDATE ON `tblAsset`     FOR EACH ROW     BEGIN         IF NOT (NEW.`intCreatedFromReceiptLineItemID` <=> OLD.`intCreatedFromReceiptLineItemID`) THEN             IF (SELECT COUNT(*) FROM `tblReceiptLineItem` WHERE `id` = NEW.`intCreatedFromReceiptLineItemID`) = 0 THEN                 SIGNAL SQLSTATE '45000'                  SET MESSAGE_TEXT = 'FK Violation: fkTblAssetToTblReceiptLineItemViaIntCreatedFromReceipt145304412 - Referenced key not found in tblReceiptLineItem';             END IF;         END IF;     END
2026-02-11T16:59:24.711172,fkTblAssetToTblReceiptLineItemViaIntCreatedFromReceipt145304412,trg_fkTblAssetToTblReceiptLineItemViaIntCreatedFromReceipt145304412_del_parent,PARENT_DELETE_RESTRICT,FAILURE,"Code: 1 | Error: E0211 16:59:24.707571   68551 main.go:60] rpc error: code = Unknown desc = TabletManager.ExecuteFetchAsDba on zone1-3072903978: rpc error: code = Unknown desc = Identifier name 'trg_fkTblAssetToTblReceiptLineItemViaIntCreatedFromReceipt145304412_del_parent' is too long (errno 1059) (sqlstate 42000) during query: CREATE TRIGGER `trg_fkTblAssetToTblReceiptLineItemViaIntCreatedFromReceipt145304412_del_parent` BEFORE DELETE ON `tblReceiptLineItem`         FOR EACH ROW         BEGIN             IF (SELECT COUNT(*) FROM `tblAsset` WHERE `intCreatedFromReceiptLineItemID` = OLD.`id`) > 0 THEN                 SIGNAL SQLSTATE '45000'                  SET MESSAGE_TEXT = 'FK Violation: fkTblAssetToTblReceiptLineItemViaIntCreatedFromReceipt145304412 - Cannot delete, children exist in tblAsset';             END IF;         END"
2026-02-11T16:59:24.820035,fkTblAssetToTblReceiptLineItemViaIntCreatedFromReceipt145304412,trg_fkTblAssetToTblReceiptLineItemViaIntCreatedFromReceipt145304412_upd_parent,PARENT_UPDATE_RESTRICT,FAILURE,"Code: 1 | Error: E0211 16:59:24.815986   68552 main.go:60] rpc error: code = Unknown desc = TabletManager.ExecuteFetchAsDba on zone1-3072903978: rpc error: code = Unknown desc = Identifier name 'trg_fkTblAssetToTblReceiptLineItemViaIntCreatedFromReceipt145304412_upd_parent' is too long (errno 1059) (sqlstate 42000) during query: CREATE TRIGGER `trg_fkTblAssetToTblReceiptLineItemViaIntCreatedFromReceipt145304412_upd_parent` BEFORE UPDATE ON `tblReceiptLineItem`     FOR EACH ROW     BEGIN         IF NOT (NEW.`id` <=> OLD.`id`) THEN             IF (SELECT COUNT(*) FROM `tblAsset` WHERE `intCreatedFromReceiptLineItemID` = OLD.`id`) > 0 THEN                  SIGNAL SQLSTATE '45000'                   SET MESSAGE_TEXT = 'FK Violation: fkTblAssetToTblReceiptLineItemViaIntCreatedFromReceipt145304412 - Cannot update key, children exist in tblAsset';             END IF;         END IF;     END"
2026-02-11T16:59:24.937364,fkTblAssetActivityLogToTblActivityLogViaIntActivityLogID,trg_fkTblAssetActivityLogToTblActivityLogViaIntActivityLogID_ins_valid,CHILD_INSERT_VALIDATE,FAILURE,Code: 1 | Error: E0211 16:59:24.932050   68553 main.go:60] rpc error: code = Unknown desc = TabletManager.ExecuteFetchAsDba on zone1-3072903978: rpc error: code = Unknown desc = Identifier name 'trg_fkTblAssetActivityLogToTblActivityLogViaIntActivityLogID_ins_valid' is too long (errno 1059) (sqlstate 42000) during query: CREATE TRIGGER `trg_fkTblAssetActivityLogToTblActivityLogViaIntActivityLogID_ins_valid` BEFORE INSERT ON `tblAssetActivityLog`     FOR EACH ROW     BEGIN         IF (SELECT COUNT(*) FROM `tblActivityLog` WHERE `id` = NEW.`intActivityLogID`) = 0 THEN             SIGNAL SQLSTATE '45000'              SET MESSAGE_TEXT = 'FK Violation: fkTblAssetActivityLogToTblActivityLogViaIntActivityLogID - Referenced key not found in tblActivityLog';         END IF;     END
2026-02-11T16:59:25.053486,fkTblAssetActivityLogToTblActivityLogViaIntActivityLogID,trg_fkTblAssetActivityLogToTblActivityLogViaIntActivityLogID_upd_valid,CHILD_UPDATE_VALIDATE,FAILURE,Code: 1 | Error: E0211 16:59:25.048255   68554 main.go:60] rpc error: code = Unknown desc = TabletManager.ExecuteFetchAsDba on zone1-3072903978: rpc error: code = Unknown desc = Identifier name 'trg_fkTblAssetActivityLogToTblActivityLogViaIntActivityLogID_upd_valid' is too long (errno 1059) (sqlstate 42000) during query: CREATE TRIGGER `trg_fkTblAssetActivityLogToTblActivityLogViaIntActivityLogID_upd_valid` BEFORE UPDATE ON `tblAssetActivityLog`     FOR EACH ROW     BEGIN         IF NOT (NEW.`intActivityLogID` <=> OLD.`intActivityLogID`) THEN             IF (SELECT COUNT(*) FROM `tblActivityLog` WHERE `id` = NEW.`intActivityLogID`) = 0 THEN                 SIGNAL SQLSTATE '45000'                  SET MESSAGE_TEXT = 'FK Violation: fkTblAssetActivityLogToTblActivityLogViaIntActivityLogID - Referenced key not found in tblActivityLog';             END IF;         END IF;     END
2026-02-11T16:59:25.166931,fkTblAssetActivityLogToTblActivityLogViaIntActivityLogID,trg_fkTblAssetActivityLogToTblActivityLogViaIntActivityLogID_del_parent,PARENT_DELETE_CASCADE,FAILURE,Code: 1 | Error: E0211 16:59:25.162779   68555 main.go:60] rpc error: code = Unknown desc = TabletManager.ExecuteFetchAsDba on zone1-3072903978: rpc error: code = Unknown desc = Identifier name 'trg_fkTblAssetActivityLogToTblActivityLogViaIntActivityLogID_del_parent' is too long (errno 1059) (sqlstate 42000) during query: CREATE TRIGGER `trg_fkTblAssetActivityLogToTblActivityLogViaIntActivityLogID_del_parent` BEFORE DELETE ON `tblActivityLog`         FOR EACH ROW         BEGIN             DELETE FROM `tblAssetActivityLog` WHERE `intActivityLogID` = OLD.`id`;         END
2026-02-11T16:59:25.281640,fkTblAssetActivityLogToTblActivityLogViaIntActivityLogID,trg_fkTblAssetActivityLogToTblActivityLogViaIntActivityLogID_upd_parent,PARENT_UPDATE_RESTRICT,FAILURE,"Code: 1 | Error: E0211 16:59:25.277282   68556 main.go:60] rpc error: code = Unknown desc = TabletManager.ExecuteFetchAsDba on zone1-3072903978: rpc error: code = Unknown desc = Identifier name 'trg_fkTblAssetActivityLogToTblActivityLogViaIntActivityLogID_upd_parent' is too long (errno 1059) (sqlstate 42000) during query: CREATE TRIGGER `trg_fkTblAssetActivityLogToTblActivityLogViaIntActivityLogID_upd_parent` BEFORE UPDATE ON `tblActivityLog`     FOR EACH ROW     BEGIN         IF NOT (NEW.`id` <=> OLD.`id`) THEN             IF (SELECT COUNT(*) FROM `tblAssetActivityLog` WHERE `intActivityLogID` = OLD.`id`) > 0 THEN                  SIGNAL SQLSTATE '45000'                   SET MESSAGE_TEXT = 'FK Violation: fkTblAssetActivityLogToTblActivityLogViaIntActivityLogID - Cannot update key, children exist in tblAssetActivityLog';             END IF;         END IF;     END"
2026-02-11T16:59:25.412643,fkTblAssetActivityLogToTblUserViaIntUserID,trg_fkTblAssetActivityLogToTblUserViaIntUserID_ins_valid,CHILD_INSERT_VALIDATE,SUCCESS,Success
2026-02-11T16:59:25.546378,fkTblAssetActivityLogToTblUserViaIntUserID,trg_fkTblAssetActivityLogToTblUserViaIntUserID_upd_valid,CHILD_UPDATE_VALIDATE,SUCCESS,Success
2026-02-11T16:59:25.708285,fkTblAssetActivityLogToTblUserViaIntUserID,trg_fkTblAssetActivityLogToTblUserViaIntUserID_del_parent,PARENT_DELETE_RESTRICT,SUCCESS,Success
2026-02-11T16:59:25.821267,fkTblAssetActivityLogToTblUserViaIntUserID,trg_fkTblAssetActivityLogToTblUserViaIntUserID_upd_parent,PARENT_UPDATE_RESTRICT,SUCCESS,Success
2026-02-11T16:59:25.940933,fkTblAssetCategoryBarcodeFormatTypeToTblAssetCategory1870575391,trg_fkTblAssetCategoryBarcodeFormatTypeToTblAssetCategory1870575391_ins_valid,CHILD_INSERT_VALIDATE,FAILURE,Code: 1 | Error: E0211 16:59:25.936341   68561 main.go:60] rpc error: code = Unknown desc = TabletManager.ExecuteFetchAsDba on zone1-3072903978: rpc error: code = Unknown desc = Identifier name 'trg_fkTblAssetCategoryBarcodeFormatTypeToTblAssetCategory1870575391_ins_valid' is too long (errno 1059) (sqlstate 42000) during query: CREATE TRIGGER `trg_fkTblAssetCategoryBarcodeFormatTypeToTblAssetCategory1870575391_ins_valid` BEFORE INSERT ON `tblAssetCategoryBarcodeFormatType`     FOR EACH ROW     BEGIN         IF (SELECT COUNT(*) FROM `tblAssetCategory` WHERE `id` = NEW.`intAssetCategoryID`) = 0 THEN             SIGNAL SQLSTATE '45000'              SET MESSAGE_TEXT = 'FK Violation: fkTblAssetCategoryBarcodeFormatTypeToTblAssetCategory1870575391 - Referenced key not found in tblAssetCategory';         END IF;     END
2026-02-11T16:59:26.058755,fkTblAssetCategoryBarcodeFormatTypeToTblAssetCategory1870575391,trg_fkTblAssetCategoryBarcodeFormatTypeToTblAssetCategory1870575391_upd_valid,CHILD_UPDATE_VALIDATE,FAILURE,Code: 1 | Error: E0211 16:59:26.053937   68562 main.go:60] rpc error: code = Unknown desc = TabletManager.ExecuteFetchAsDba on zone1-3072903978: rpc error: code = Unknown desc = Identifier name 'trg_fkTblAssetCategoryBarcodeFormatTypeToTblAssetCategory1870575391_upd_valid' is too long (errno 1059) (sqlstate 42000) during query: CREATE TRIGGER `trg_fkTblAssetCategoryBarcodeFormatTypeToTblAssetCategory1870575391_upd_valid` BEFORE UPDATE ON `tblAssetCategoryBarcodeFormatType`     FOR EACH ROW     BEGIN         IF NOT (NEW.`intAssetCategoryID` <=> OLD.`intAssetCategoryID`) THEN             IF (SELECT COUNT(*) FROM `tblAssetCategory` WHERE `id` = NEW.`intAssetCategoryID`) = 0 THEN                 SIGNAL SQLSTATE '45000'                  SET MESSAGE_TEXT = 'FK Violation: fkTblAssetCategoryBarcodeFormatTypeToTblAssetCategory1870575391 - Referenced key not found in tblAssetCategory';             END IF;         END IF;     END
2026-02-11T16:59:26.169841,fkTblAssetCategoryBarcodeFormatTypeToTblAssetCategory1870575391,trg_fkTblAssetCategoryBarcodeFormatTypeToTblAssetCategory1870575391_del_parent,PARENT_DELETE_RESTRICT,FAILURE,"Code: 1 | Error: E0211 16:59:26.166290   68563 main.go:60] rpc error: code = Unknown desc = TabletManager.ExecuteFetchAsDba on zone1-3072903978: rpc error: code = Unknown desc = Identifier name 'trg_fkTblAssetCategoryBarcodeFormatTypeToTblAssetCategory1870575391_del_parent' is too long (errno 1059) (sqlstate 42000) during query: CREATE TRIGGER `trg_fkTblAssetCategoryBarcodeFormatTypeToTblAssetCategory1870575391_del_parent` BEFORE DELETE ON `tblAssetCategory`         FOR EACH ROW         BEGIN             IF (SELECT COUNT(*) FROM `tblAssetCategoryBarcodeFormatType` WHERE `intAssetCategoryID` = OLD.`id`) > 0 THEN                 SIGNAL SQLSTATE '45000'                  SET MESSAGE_TEXT = 'FK Violation: fkTblAssetCategoryBarcodeFormatTypeToTblAssetCategory1870575391 - Cannot delete, children exist in tblAssetCategoryBarcodeFormatType';             END IF;         END"
2026-02-11T16:59:26.276931,fkTblAssetCategoryBarcodeFormatTypeToTblAssetCategory1870575391,trg_fkTblAssetCategoryBarcodeFormatTypeToTblAssetCategory1870575391_upd_parent,PARENT_UPDATE_RESTRICT,FAILURE,"Code: 1 | Error: E0211 16:59:26.273026   68564 main.go:60] rpc error: code = Unknown desc = TabletManager.ExecuteFetchAsDba on zone1-3072903978: rpc error: code = Unknown desc = Identifier name 'trg_fkTblAssetCategoryBarcodeFormatTypeToTblAssetCategory1870575391_upd_parent' is too long (errno 1059) (sqlstate 42000) during query: CREATE TRIGGER `trg_fkTblAssetCategoryBarcodeFormatTypeToTblAssetCategory1870575391_upd_parent` BEFORE UPDATE ON `tblAssetCategory`     FOR EACH ROW     BEGIN         IF NOT (NEW.`id` <=> OLD.`id`) THEN             IF (SELECT COUNT(*) FROM `tblAssetCategoryBarcodeFormatType` WHERE `intAssetCategoryID` = OLD.`id`) > 0 THEN                  SIGNAL SQLSTATE '45000'                   SET MESSAGE_TEXT = 'FK Violation: fkTblAssetCategoryBarcodeFormatTypeToTblAssetCategory1870575391 - Cannot update key, children exist in tblAssetCategoryBarcodeFormatType';             END IF;         END IF;     END"
2026-02-11T16:59:26.384748,fkTblAssetClassificationToTblAssetViaIntAssetID,trg_fkTblAssetClassificationToTblAssetViaIntAssetID_ins_valid,CHILD_INSERT_VALIDATE,SUCCESS,Success
2026-02-11T16:59:26.491140,fkTblAssetClassificationToTblAssetViaIntAssetID,trg_fkTblAssetClassificationToTblAssetViaIntAssetID_upd_valid,CHILD_UPDATE_VALIDATE,SUCCESS,Success
2026-02-11T16:59:26.612310,fkTblAssetClassificationToTblAssetViaIntAssetID,trg_fkTblAssetClassificationToTblAssetViaIntAssetID_del_parent,PARENT_DELETE_CASCADE,SUCCESS,Success
2026-02-11T16:59:26.729081,fkTblAssetClassificationToTblAssetViaIntAssetID,trg_fkTblAssetClassificationToTblAssetViaIntAssetID_upd_parent,PARENT_UPDATE_RESTRICT,SUCCESS,Success
2026-02-11T16:59:26.836787,fkTblAssetClassificationToTblAssetViaIntSiteID,trg_fkTblAssetClassificationToTblAssetViaIntSiteID_ins_valid,CHILD_INSERT_VALIDATE,SUCCESS,Success
2026-02-11T16:59:26.991778,fkTblAssetClassificationToTblAssetViaIntSiteID,trg_fkTblAssetClassificationToTblAssetViaIntSiteID_upd_valid,CHILD_UPDATE_VALIDATE,SUCCESS,Success
2026-02-11T16:59:27.114551,fkTblAssetClassificationToTblAssetViaIntSiteID,trg_fkTblAssetClassificationToTblAssetViaIntSiteID_del_parent,PARENT_DELETE_CASCADE,SUCCESS,Success
2026-02-11T16:59:27.232427,fkTblAssetClassificationToTblAssetViaIntSiteID,trg_fkTblAssetClassificationToTblAssetViaIntSiteID_upd_parent,PARENT_UPDATE_RESTRICT,SUCCESS,Success
2026-02-11T16:59:27.345013,fkTblAssetConsumingReferenceToTblBOMGroupPartViaIntBO2061768786,trg_fkTblAssetConsumingReferenceToTblBOMGroupPartViaIntBO2061768786_ins_valid,CHILD_INSERT_VALIDATE,FAILURE,Code: 1 | Error: E0211 16:59:27.341341   68573 main.go:60] rpc error: code = Unknown desc = TabletManager.ExecuteFetchAsDba on zone1-3072903978: rpc error: code = Unknown desc = Identifier name 'trg_fkTblAssetConsumingReferenceToTblBOMGroupPartViaIntBO2061768786_ins_valid' is too long (errno 1059) (sqlstate 42000) during query: CREATE TRIGGER `trg_fkTblAssetConsumingReferenceToTblBOMGroupPartViaIntBO2061768786_ins_valid` BEFORE INSERT ON `tblAssetConsumingReference`     FOR EACH ROW     BEGIN         IF (SELECT COUNT(*) FROM `tblBOMGroupPart` WHERE `id` = NEW.`intBOMPartControlID`) = 0 THEN             SIGNAL SQLSTATE '45000'              SET MESSAGE_TEXT = 'FK Violation: fkTblAssetConsumingReferenceToTblBOMGroupPartViaIntBO2061768786 - Referenced key not found in tblBOMGroupPart';         END IF;     END
2026-02-11T16:59:27.451827,fkTblAssetConsumingReferenceToTblBOMGroupPartViaIntBO2061768786,trg_fkTblAssetConsumingReferenceToTblBOMGroupPartViaIntBO2061768786_upd_valid,CHILD_UPDATE_VALIDATE,FAILURE,Code: 1 | Error: E0211 16:59:27.448123   68574 main.go:60] rpc error: code = Unknown desc = TabletManager.ExecuteFetchAsDba on zone1-3072903978: rpc error: code = Unknown desc = Identifier name 'trg_fkTblAssetConsumingReferenceToTblBOMGroupPartViaIntBO2061768786_upd_valid' is too long (errno 1059) (sqlstate 42000) during query: CREATE TRIGGER `trg_fkTblAssetConsumingReferenceToTblBOMGroupPartViaIntBO2061768786_upd_valid` BEFORE UPDATE ON `tblAssetConsumingReference`     FOR EACH ROW     BEGIN         IF NOT (NEW.`intBOMPartControlID` <=> OLD.`intBOMPartControlID`) THEN             IF (SELECT COUNT(*) FROM `tblBOMGroupPart` WHERE `id` = NEW.`intBOMPartControlID`) = 0 THEN                 SIGNAL SQLSTATE '45000'                  SET MESSAGE_TEXT = 'FK Violation: fkTblAssetConsumingReferenceToTblBOMGroupPartViaIntBO2061768786 - Referenced key not found in tblBOMGroupPart';             END IF;         END IF;     END
2026-02-11T16:59:27.568804,fkTblAssetConsumingReferenceToTblBOMGroupPartViaIntBO2061768786,trg_fkTblAssetConsumingReferenceToTblBOMGroupPartViaIntBO2061768786_del_parent,PARENT_DELETE_RESTRICT,FAILURE,"Code: 1 | Error: E0211 16:59:27.564511   68575 main.go:60] rpc error: code = Unknown desc = TabletManager.ExecuteFetchAsDba on zone1-3072903978: rpc error: code = Unknown desc = Identifier name 'trg_fkTblAssetConsumingReferenceToTblBOMGroupPartViaIntBO2061768786_del_parent' is too long (errno 1059) (sqlstate 42000) during query: CREATE TRIGGER `trg_fkTblAssetConsumingReferenceToTblBOMGroupPartViaIntBO2061768786_del_parent` BEFORE DELETE ON `tblBOMGroupPart`         FOR EACH ROW         BEGIN             IF (SELECT COUNT(*) FROM `tblAssetConsumingReference` WHERE `intBOMPartControlID` = OLD.`id`) > 0 THEN                 SIGNAL SQLSTATE '45000'                  SET MESSAGE_TEXT = 'FK Violation: fkTblAssetConsumingReferenceToTblBOMGroupPartViaIntBO2061768786 - Cannot delete, children exist in tblAssetConsumingReference';             END IF;         END"
2026-02-11T16:59:27.692197,fkTblAssetConsumingReferenceToTblBOMGroupPartViaIntBO2061768786,trg_fkTblAssetConsumingReferenceToTblBOMGroupPartViaIntBO2061768786_upd_parent,PARENT_UPDATE_RESTRICT,FAILURE,"Code: 1 | Error: E0211 16:59:27.686194   68576 main.go:60] rpc error: code = Unknown desc = TabletManager.ExecuteFetchAsDba on zone1-3072903978: rpc error: code = Unknown desc = Identifier name 'trg_fkTblAssetConsumingReferenceToTblBOMGroupPartViaIntBO2061768786_upd_parent' is too long (errno 1059) (sqlstate 42000) during query: CREATE TRIGGER `trg_fkTblAssetConsumingReferenceToTblBOMGroupPartViaIntBO2061768786_upd_parent` BEFORE UPDATE ON `tblBOMGroupPart`     FOR EACH ROW     BEGIN         IF NOT (NEW.`id` <=> OLD.`id`) THEN             IF (SELECT COUNT(*) FROM `tblAssetConsumingReference` WHERE `intBOMPartControlID` = OLD.`id`) > 0 THEN                  SIGNAL SQLSTATE '45000'                   SET MESSAGE_TEXT = 'FK Violation: fkTblAssetConsumingReferenceToTblBOMGroupPartViaIntBO2061768786 - Cannot update key, children exist in tblAssetConsumingReference';             END IF;         END IF;     END"
2026-02-11T16:59:27.808035,fkTblAssetConsumingReferenceToTblBOMGroupViaIntBOMControlID,trg_fkTblAssetConsumingReferenceToTblBOMGroupViaIntBOMControlID_ins_valid,CHILD_INSERT_VALIDATE,FAILURE,Code: 1 | Error: E0211 16:59:27.804190   68577 main.go:60] rpc error: code = Unknown desc = TabletManager.ExecuteFetchAsDba on zone1-3072903978: rpc error: code = Unknown desc = Identifier name 'trg_fkTblAssetConsumingReferenceToTblBOMGroupViaIntBOMControlID_ins_valid' is too long (errno 1059) (sqlstate 42000) during query: CREATE TRIGGER `trg_fkTblAssetConsumingReferenceToTblBOMGroupViaIntBOMControlID_ins_valid` BEFORE INSERT ON `tblAssetConsumingReference`     FOR EACH ROW     BEGIN         IF (SELECT COUNT(*) FROM `tblBOMGroup` WHERE `id` = NEW.`intBOMControlID`) = 0 THEN             SIGNAL SQLSTATE '45000'              SET MESSAGE_TEXT = 'FK Violation: fkTblAssetConsumingReferenceToTblBOMGroupViaIntBOMControlID - Referenced key not found in tblBOMGroup';         END IF;     END
2026-02-11T16:59:27.917999,fkTblAssetConsumingReferenceToTblBOMGroupViaIntBOMControlID,trg_fkTblAssetConsumingReferenceToTblBOMGroupViaIntBOMControlID_upd_valid,CHILD_UPDATE_VALIDATE,FAILURE,Code: 1 | Error: E0211 16:59:27.914148   68578 main.go:60] rpc error: code = Unknown desc = TabletManager.ExecuteFetchAsDba on zone1-3072903978: rpc error: code = Unknown desc = Identifier name 'trg_fkTblAssetConsumingReferenceToTblBOMGroupViaIntBOMControlID_upd_valid' is too long (errno 1059) (sqlstate 42000) during query: CREATE TRIGGER `trg_fkTblAssetConsumingReferenceToTblBOMGroupViaIntBOMControlID_upd_valid` BEFORE UPDATE ON `tblAssetConsumingReference`     FOR EACH ROW     BEGIN         IF NOT (NEW.`intBOMControlID` <=> OLD.`intBOMControlID`) THEN             IF (SELECT COUNT(*) FROM `tblBOMGroup` WHERE `id` = NEW.`intBOMControlID`) = 0 THEN                 SIGNAL SQLSTATE '45000'                  SET MESSAGE_TEXT = 'FK Violation: fkTblAssetConsumingReferenceToTblBOMGroupViaIntBOMControlID - Referenced key not found in tblBOMGroup';             END IF;         END IF;     END
2026-02-11T16:59:28.026248,fkTblAssetConsumingReferenceToTblBOMGroupViaIntBOMControlID,trg_fkTblAssetConsumingReferenceToTblBOMGroupViaIntBOMControlID_del_parent,PARENT_DELETE_RESTRICT,FAILURE,"Code: 1 | Error: E0211 16:59:28.023128   68580 main.go:60] rpc error: code = Unknown desc = TabletManager.ExecuteFetchAsDba on zone1-3072903978: rpc error: code = Unknown desc = Identifier name 'trg_fkTblAssetConsumingReferenceToTblBOMGroupViaIntBOMControlID_del_parent' is too long (errno 1059) (sqlstate 42000) during query: CREATE TRIGGER `trg_fkTblAssetConsumingReferenceToTblBOMGroupViaIntBOMControlID_del_parent` BEFORE DELETE ON `tblBOMGroup`         FOR EACH ROW         BEGIN             IF (SELECT COUNT(*) FROM `tblAssetConsumingReference` WHERE `intBOMControlID` = OLD.`id`) > 0 THEN                 SIGNAL SQLSTATE '45000'                  SET MESSAGE_TEXT = 'FK Violation: fkTblAssetConsumingReferenceToTblBOMGroupViaIntBOMControlID - Cannot delete, children exist in tblAssetConsumingReference';             END IF;         END"
2026-02-11T16:59:28.130438,fkTblAssetConsumingReferenceToTblBOMGroupViaIntBOMControlID,trg_fkTblAssetConsumingReferenceToTblBOMGroupViaIntBOMControlID_upd_parent,PARENT_UPDATE_RESTRICT,FAILURE,"Code: 1 | Error: E0211 16:59:28.127359   68598 main.go:60] rpc error: code = Unknown desc = TabletManager.ExecuteFetchAsDba on zone1-3072903978: rpc error: code = Unknown desc = Identifier name 'trg_fkTblAssetConsumingReferenceToTblBOMGroupViaIntBOMControlID_upd_parent' is too long (errno 1059) (sqlstate 42000) during query: CREATE TRIGGER `trg_fkTblAssetConsumingReferenceToTblBOMGroupViaIntBOMControlID_upd_parent` BEFORE UPDATE ON `tblBOMGroup`     FOR EACH ROW     BEGIN         IF NOT (NEW.`id` <=> OLD.`id`) THEN             IF (SELECT COUNT(*) FROM `tblAssetConsumingReference` WHERE `intBOMControlID` = OLD.`id`) > 0 THEN                  SIGNAL SQLSTATE '45000'                   SET MESSAGE_TEXT = 'FK Violation: fkTblAssetConsumingReferenceToTblBOMGroupViaIntBOMControlID - Cannot update key, children exist in tblAssetConsumingReference';             END IF;         END IF;     END"
2026-02-11T16:59:28.236709,fkTblAssetDepletionTrackingToTblAssetPurchaseTrackingV698527743,trg_fkTblAssetDepletionTrackingToTblAssetPurchaseTrackingV698527743_ins_valid,CHILD_INSERT_VALIDATE,FAILURE,Code: 1 | Error: E0211 16:59:28.232775   68632 main.go:60] rpc error: code = Unknown desc = TabletManager.ExecuteFetchAsDba on zone1-3072903978: rpc error: code = Unknown desc = Identifier name 'trg_fkTblAssetDepletionTrackingToTblAssetPurchaseTrackingV698527743_ins_valid' is too long (errno 1059) (sqlstate 42000) during query: CREATE TRIGGER `trg_fkTblAssetDepletionTrackingToTblAssetPurchaseTrackingV698527743_ins_valid` BEFORE INSERT ON `tblAssetDepletionTracking`     FOR EACH ROW     BEGIN         IF (SELECT COUNT(*) FROM `tblAssetPurchaseTracking` WHERE `id` = NEW.`intAssetPurchaseTrackingID`) = 0 THEN             SIGNAL SQLSTATE '45000'              SET MESSAGE_TEXT = 'FK Violation: fkTblAssetDepletionTrackingToTblAssetPurchaseTrackingV698527743 - Referenced key not found in tblAssetPurchaseTracking';         END IF;     END
2026-02-11T16:59:28.349354,fkTblAssetDepletionTrackingToTblAssetPurchaseTrackingV698527743,trg_fkTblAssetDepletionTrackingToTblAssetPurchaseTrackingV698527743_upd_valid,CHILD_UPDATE_VALIDATE,FAILURE,Code: 1 | Error: E0211 16:59:28.345836   68663 main.go:60] rpc error: code = Unknown desc = TabletManager.ExecuteFetchAsDba on zone1-3072903978: rpc error: code = Unknown desc = Identifier name 'trg_fkTblAssetDepletionTrackingToTblAssetPurchaseTrackingV698527743_upd_valid' is too long (errno 1059) (sqlstate 42000) during query: CREATE TRIGGER `trg_fkTblAssetDepletionTrackingToTblAssetPurchaseTrackingV698527743_upd_valid` BEFORE UPDATE ON `tblAssetDepletionTracking`     FOR EACH ROW     BEGIN         IF NOT (NEW.`intAssetPurchaseTrackingID` <=> OLD.`intAssetPurchaseTrackingID`) THEN             IF (SELECT COUNT(*) FROM `tblAssetPurchaseTracking` WHERE `id` = NEW.`intAssetPurchaseTrackingID`) = 0 THEN                 SIGNAL SQLSTATE '45000'                  SET MESSAGE_TEXT = 'FK Violation: fkTblAssetDepletionTrackingToTblAssetPurchaseTrackingV698527743 - Referenced key not found in tblAssetPurchaseTracking';             END IF;         END IF;     END
2026-02-11T16:59:28.456863,fkTblAssetDepletionTrackingToTblAssetPurchaseTrackingV698527743,trg_fkTblAssetDepletionTrackingToTblAssetPurchaseTrackingV698527743_del_parent,PARENT_DELETE_CASCADE,FAILURE,Code: 1 | Error: E0211 16:59:28.453625   68689 main.go:60] rpc error: code = Unknown desc = TabletManager.ExecuteFetchAsDba on zone1-3072903978: rpc error: code = Unknown desc = Identifier name 'trg_fkTblAssetDepletionTrackingToTblAssetPurchaseTrackingV698527743_del_parent' is too long (errno 1059) (sqlstate 42000) during query: CREATE TRIGGER `trg_fkTblAssetDepletionTrackingToTblAssetPurchaseTrackingV698527743_del_parent` BEFORE DELETE ON `tblAssetPurchaseTracking`         FOR EACH ROW         BEGIN             DELETE FROM `tblAssetDepletionTracking` WHERE `intAssetPurchaseTrackingID` = OLD.`id`;         END
2026-02-11T16:59:28.568058,fkTblAssetDepletionTrackingToTblAssetPurchaseTrackingV698527743,trg_fkTblAssetDepletionTrackingToTblAssetPurchaseTrackingV698527743_upd_parent,PARENT_UPDATE_RESTRICT,FAILURE,"Code: 1 | Error: E0211 16:59:28.564737   68711 main.go:60] rpc error: code = Unknown desc = TabletManager.ExecuteFetchAsDba on zone1-3072903978: rpc error: code = Unknown desc = Identifier name 'trg_fkTblAssetDepletionTrackingToTblAssetPurchaseTrackingV698527743_upd_parent' is too long (errno 1059) (sqlstate 42000) during query: CREATE TRIGGER `trg_fkTblAssetDepletionTrackingToTblAssetPurchaseTrackingV698527743_upd_parent` BEFORE UPDATE ON `tblAssetPurchaseTracking`     FOR EACH ROW     BEGIN         IF NOT (NEW.`id` <=> OLD.`id`) THEN             IF (SELECT COUNT(*) FROM `tblAssetDepletionTracking` WHERE `intAssetPurchaseTrackingID` = OLD.`id`) > 0 THEN                  SIGNAL SQLSTATE '45000'                   SET MESSAGE_TEXT = 'FK Violation: fkTblAssetDepletionTrackingToTblAssetPurchaseTrackingV698527743 - Cannot update key, children exist in tblAssetDepletionTracking';             END IF;         END IF;     END"
2026-02-11T16:59:28.717776,fkTblAssetDepletionTrackingToTblWorkOrderPartViaIntWo1744765951,trg_fkTblAssetDepletionTrackingToTblWorkOrderPartViaIntWo1744765951_ins_valid,CHILD_INSERT_VALIDATE,FAILURE,Code: 1 | Error: E0211 16:59:28.712561   68716 main.go:60] rpc error: code = Unknown desc = TabletManager.ExecuteFetchAsDba on zone1-3072903978: rpc error: code = Unknown desc = Identifier name 'trg_fkTblAssetDepletionTrackingToTblWorkOrderPartViaIntWo1744765951_ins_valid' is too long (errno 1059) (sqlstate 42000) during query: CREATE TRIGGER `trg_fkTblAssetDepletionTrackingToTblWorkOrderPartViaIntWo1744765951_ins_valid` BEFORE INSERT ON `tblAssetDepletionTracking`     FOR EACH ROW     BEGIN         IF (SELECT COUNT(*) FROM `tblWorkOrderPart` WHERE `id` = NEW.`intWorkOrderPartID`) = 0 THEN             SIGNAL SQLSTATE '45000'              SET MESSAGE_TEXT = 'FK Violation: fkTblAssetDepletionTrackingToTblWorkOrderPartViaIntWo1744765951 - Referenced key not found in tblWorkOrderPart';         END IF;     END
2026-02-11T16:59:28.842698,fkTblAssetDepletionTrackingToTblWorkOrderPartViaIntWo1744765951,trg_fkTblAssetDepletionTrackingToTblWorkOrderPartViaIntWo1744765951_upd_valid,CHILD_UPDATE_VALIDATE,FAILURE,Code: 1 | Error: E0211 16:59:28.837376   68717 main.go:60] rpc error: code = Unknown desc = TabletManager.ExecuteFetchAsDba on zone1-3072903978: rpc error: code = Unknown desc = Identifier name 'trg_fkTblAssetDepletionTrackingToTblWorkOrderPartViaIntWo1744765951_upd_valid' is too long (errno 1059) (sqlstate 42000) during query: CREATE TRIGGER `trg_fkTblAssetDepletionTrackingToTblWorkOrderPartViaIntWo1744765951_upd_valid` BEFORE UPDATE ON `tblAssetDepletionTracking`     FOR EACH ROW     BEGIN         IF NOT (NEW.`intWorkOrderPartID` <=> OLD.`intWorkOrderPartID`) THEN             IF (SELECT COUNT(*) FROM `tblWorkOrderPart` WHERE `id` = NEW.`intWorkOrderPartID`) = 0 THEN                 SIGNAL SQLSTATE '45000'                  SET MESSAGE_TEXT = 'FK Violation: fkTblAssetDepletionTrackingToTblWorkOrderPartViaIntWo1744765951 - Referenced key not found in tblWorkOrderPart';             END IF;         END IF;     END
2026-02-11T16:59:28.953100,fkTblAssetDepletionTrackingToTblWorkOrderPartViaIntWo1744765951,trg_fkTblAssetDepletionTrackingToTblWorkOrderPartViaIntWo1744765951_del_parent,PARENT_DELETE_CASCADE,FAILURE,Code: 1 | Error: E0211 16:59:28.949243   68718 main.go:60] rpc error: code = Unknown desc = TabletManager.ExecuteFetchAsDba on zone1-3072903978: rpc error: code = Unknown desc = Identifier name 'trg_fkTblAssetDepletionTrackingToTblWorkOrderPartViaIntWo1744765951_del_parent' is too long (errno 1059) (sqlstate 42000) during query: CREATE TRIGGER `trg_fkTblAssetDepletionTrackingToTblWorkOrderPartViaIntWo1744765951_del_parent` BEFORE DELETE ON `tblWorkOrderPart`         FOR EACH ROW         BEGIN             DELETE FROM `tblAssetDepletionTracking` WHERE `intWorkOrderPartID` = OLD.`id`;         END
2026-02-11T16:59:29.069873,fkTblAssetDepletionTrackingToTblWorkOrderPartViaIntWo1744765951,trg_fkTblAssetDepletionTrackingToTblWorkOrderPartViaIntWo1744765951_upd_parent,PARENT_UPDATE_RESTRICT,FAILURE,"Code: 1 | Error: E0211 16:59:29.064750   68719 main.go:60] rpc error: code = Unknown desc = TabletManager.ExecuteFetchAsDba on zone1-3072903978: rpc error: code = Unknown desc = Identifier name 'trg_fkTblAssetDepletionTrackingToTblWorkOrderPartViaIntWo1744765951_upd_parent' is too long (errno 1059) (sqlstate 42000) during query: CREATE TRIGGER `trg_fkTblAssetDepletionTrackingToTblWorkOrderPartViaIntWo1744765951_upd_parent` BEFORE UPDATE ON `tblWorkOrderPart`     FOR EACH ROW     BEGIN         IF NOT (NEW.`id` <=> OLD.`id`) THEN             IF (SELECT COUNT(*) FROM `tblAssetDepletionTracking` WHERE `intWorkOrderPartID` = OLD.`id`) > 0 THEN                  SIGNAL SQLSTATE '45000'                   SET MESSAGE_TEXT = 'FK Violation: fkTblAssetDepletionTrackingToTblWorkOrderPartViaIntWo1744765951 - Cannot update key, children exist in tblAssetDepletionTracking';             END IF;         END IF;     END"
2026-02-11T16:59:29.195187,fkTblAssetEventToTblAssetViaIntAssetID,trg_fkTblAssetEventToTblAssetViaIntAssetID_ins_valid,CHILD_INSERT_VALIDATE,SUCCESS,Success
2026-02-11T16:59:29.316073,fkTblAssetEventToTblAssetViaIntAssetID,trg_fkTblAssetEventToTblAssetViaIntAssetID_upd_valid,CHILD_UPDATE_VALIDATE,SUCCESS,Success
2026-02-11T16:59:29.437512,fkTblAssetEventToTblAssetViaIntAssetID,trg_fkTblAssetEventToTblAssetViaIntAssetID_del_parent,PARENT_DELETE_CASCADE,SUCCESS,Success
2026-02-11T16:59:29.543690,fkTblAssetEventToTblAssetViaIntAssetID,trg_fkTblAssetEventToTblAssetViaIntAssetID_upd_parent,PARENT_UPDATE_RESTRICT,SUCCESS,Success
2026-02-11T16:59:29.698997,fkTblAssetEventToTblUserViaIntSubmittedByUserID,trg_fkTblAssetEventToTblUserViaIntSubmittedByUserID_ins_valid,CHILD_INSERT_VALIDATE,SUCCESS,Success
2026-02-11T16:59:29.815542,fkTblAssetEventToTblUserViaIntSubmittedByUserID,trg_fkTblAssetEventToTblUserViaIntSubmittedByUserID_upd_valid,CHILD_UPDATE_VALIDATE,SUCCESS,Success
2026-02-11T16:59:29.972519,fkTblAssetEventToTblUserViaIntSubmittedByUserID,trg_fkTblAssetEventToTblUserViaIntSubmittedByUserID_del_parent,PARENT_DELETE_RESTRICT,SUCCESS,Success
2026-02-11T16:59:30.095871,fkTblAssetEventToTblUserViaIntSubmittedByUserID,trg_fkTblAssetEventToTblUserViaIntSubmittedByUserID_upd_parent,PARENT_UPDATE_RESTRICT,SUCCESS,Success
2026-02-11T16:59:30.212321,fkTblAssetOfflineTrackerToTblAssetEventTypeViaIntAsse1328600581,trg_fkTblAssetOfflineTrackerToTblAssetEventTypeViaIntAsse1328600581_ins_valid,CHILD_INSERT_VALIDATE,FAILURE,Code: 1 | Error: E0211 16:59:30.208429   68731 main.go:60] rpc error: code = Unknown desc = TabletManager.ExecuteFetchAsDba on zone1-3072903978: rpc error: code = Unknown desc = Identifier name 'trg_fkTblAssetOfflineTrackerToTblAssetEventTypeViaIntAsse1328600581_ins_valid' is too long (errno 1059) (sqlstate 42000) during query: CREATE TRIGGER `trg_fkTblAssetOfflineTrackerToTblAssetEventTypeViaIntAsse1328600581_ins_valid` BEFORE INSERT ON `tblAssetOfflineTracker`     FOR EACH ROW     BEGIN         IF (SELECT COUNT(*) FROM `tblAssetEventType` WHERE `id` = NEW.`intAssetEventTypeID`) = 0 THEN             SIGNAL SQLSTATE '45000'              SET MESSAGE_TEXT = 'FK Violation: fkTblAssetOfflineTrackerToTblAssetEventTypeViaIntAsse1328600581 - Referenced key not found in tblAssetEventType';         END IF;     END
2026-02-11T16:59:30.329910,fkTblAssetOfflineTrackerToTblAssetEventTypeViaIntAsse1328600581,trg_fkTblAssetOfflineTrackerToTblAssetEventTypeViaIntAsse1328600581_upd_valid,CHILD_UPDATE_VALIDATE,FAILURE,Code: 1 | Error: E0211 16:59:30.325492   68732 main.go:60] rpc error: code = Unknown desc = TabletManager.ExecuteFetchAsDba on zone1-3072903978: rpc error: code = Unknown desc = Identifier name 'trg_fkTblAssetOfflineTrackerToTblAssetEventTypeViaIntAsse1328600581_upd_valid' is too long (errno 1059) (sqlstate 42000) during query: CREATE TRIGGER `trg_fkTblAssetOfflineTrackerToTblAssetEventTypeViaIntAsse1328600581_upd_valid` BEFORE UPDATE ON `tblAssetOfflineTracker`     FOR EACH ROW     BEGIN         IF NOT (NEW.`intAssetEventTypeID` <=> OLD.`intAssetEventTypeID`) THEN             IF (SELECT COUNT(*) FROM `tblAssetEventType` WHERE `id` = NEW.`intAssetEventTypeID`) = 0 THEN                 SIGNAL SQLSTATE '45000'                  SET MESSAGE_TEXT = 'FK Violation: fkTblAssetOfflineTrackerToTblAssetEventTypeViaIntAsse1328600581 - Referenced key not found in tblAssetEventType';             END IF;         END IF;     END
2026-02-11T16:59:30.446283,fkTblAssetOfflineTrackerToTblAssetEventTypeViaIntAsse1328600581,trg_fkTblAssetOfflineTrackerToTblAssetEventTypeViaIntAsse1328600581_del_parent,PARENT_DELETE_RESTRICT,FAILURE,"Code: 1 | Error: E0211 16:59:30.442548   68733 main.go:60] rpc error: code = Unknown desc = TabletManager.ExecuteFetchAsDba on zone1-3072903978: rpc error: code = Unknown desc = Identifier name 'trg_fkTblAssetOfflineTrackerToTblAssetEventTypeViaIntAsse1328600581_del_parent' is too long (errno 1059) (sqlstate 42000) during query: CREATE TRIGGER `trg_fkTblAssetOfflineTrackerToTblAssetEventTypeViaIntAsse1328600581_del_parent` BEFORE DELETE ON `tblAssetEventType`         FOR EACH ROW         BEGIN             IF (SELECT COUNT(*) FROM `tblAssetOfflineTracker` WHERE `intAssetEventTypeID` = OLD.`id`) > 0 THEN                 SIGNAL SQLSTATE '45000'                  SET MESSAGE_TEXT = 'FK Violation: fkTblAssetOfflineTrackerToTblAssetEventTypeViaIntAsse1328600581 - Cannot delete, children exist in tblAssetOfflineTracker';             END IF;         END"
2026-02-11T16:59:30.562941,fkTblAssetOfflineTrackerToTblAssetEventTypeViaIntAsse1328600581,trg_fkTblAssetOfflineTrackerToTblAssetEventTypeViaIntAsse1328600581_upd_parent,PARENT_UPDATE_RESTRICT,FAILURE,"Code: 1 | Error: E0211 16:59:30.557939   68734 main.go:60] rpc error: code = Unknown desc = TabletManager.ExecuteFetchAsDba on zone1-3072903978: rpc error: code = Unknown desc = Identifier name 'trg_fkTblAssetOfflineTrackerToTblAssetEventTypeViaIntAsse1328600581_upd_parent' is too long (errno 1059) (sqlstate 42000) during query: CREATE TRIGGER `trg_fkTblAssetOfflineTrackerToTblAssetEventTypeViaIntAsse1328600581_upd_parent` BEFORE UPDATE ON `tblAssetEventType`     FOR EACH ROW     BEGIN         IF NOT (NEW.`id` <=> OLD.`id`) THEN             IF (SELECT COUNT(*) FROM `tblAssetOfflineTracker` WHERE `intAssetEventTypeID` = OLD.`id`) > 0 THEN                  SIGNAL SQLSTATE '45000'                   SET MESSAGE_TEXT = 'FK Violation: fkTblAssetOfflineTrackerToTblAssetEventTypeViaIntAsse1328600581 - Cannot update key, children exist in tblAssetOfflineTracker';             END IF;         END IF;     END"
2026-02-11T16:59:30.679892,fkTblAssetOfflineTrackerToTblAssetViaIntAssetIsLocate1063347007,trg_fkTblAssetOfflineTrackerToTblAssetViaIntAssetIsLocate1063347007_ins_valid,CHILD_INSERT_VALIDATE,FAILURE,Code: 1 | Error: E0211 16:59:30.676077   68735 main.go:60] rpc error: code = Unknown desc = TabletManager.ExecuteFetchAsDba on zone1-3072903978: rpc error: code = Unknown desc = Identifier name 'trg_fkTblAssetOfflineTrackerToTblAssetViaIntAssetIsLocate1063347007_ins_valid' is too long (errno 1059) (sqlstate 42000) during query: CREATE TRIGGER `trg_fkTblAssetOfflineTrackerToTblAssetViaIntAssetIsLocate1063347007_ins_valid` BEFORE INSERT ON `tblAssetOfflineTracker`     FOR EACH ROW     BEGIN         IF (SELECT COUNT(*) FROM `tblAsset` WHERE `id` = NEW.`intAssetIsLocatedAtAsssetID`) = 0 THEN             SIGNAL SQLSTATE '45000'              SET MESSAGE_TEXT = 'FK Violation: fkTblAssetOfflineTrackerToTblAssetViaIntAssetIsLocate1063347007 - Referenced key not found in tblAsset';         END IF;     END
2026-02-11T16:59:30.833791,fkTblAssetOfflineTrackerToTblAssetViaIntAssetIsLocate1063347007,trg_fkTblAssetOfflineTrackerToTblAssetViaIntAssetIsLocate1063347007_upd_valid,CHILD_UPDATE_VALIDATE,FAILURE,Code: 1 | Error: E0211 16:59:30.829288   68736 main.go:60] rpc error: code = Unknown desc = TabletManager.ExecuteFetchAsDba on zone1-3072903978: rpc error: code = Unknown desc = Identifier name 'trg_fkTblAssetOfflineTrackerToTblAssetViaIntAssetIsLocate1063347007_upd_valid' is too long (errno 1059) (sqlstate 42000) during query: CREATE TRIGGER `trg_fkTblAssetOfflineTrackerToTblAssetViaIntAssetIsLocate1063347007_upd_valid` BEFORE UPDATE ON `tblAssetOfflineTracker`     FOR EACH ROW     BEGIN         IF NOT (NEW.`intAssetIsLocatedAtAsssetID` <=> OLD.`intAssetIsLocatedAtAsssetID`) THEN             IF (SELECT COUNT(*) FROM `tblAsset` WHERE `id` = NEW.`intAssetIsLocatedAtAsssetID`) = 0 THEN                 SIGNAL SQLSTATE '45000'                  SET MESSAGE_TEXT = 'FK Violation: fkTblAssetOfflineTrackerToTblAssetViaIntAssetIsLocate1063347007 - Referenced key not found in tblAsset';             END IF;         END IF;     END
2026-02-11T16:59:30.958891,fkTblAssetOfflineTrackerToTblAssetViaIntAssetIsLocate1063347007,trg_fkTblAssetOfflineTrackerToTblAssetViaIntAssetIsLocate1063347007_del_parent,PARENT_DELETE_RESTRICT,FAILURE,"Code: 1 | Error: E0211 16:59:30.953602   68737 main.go:60] rpc error: code = Unknown desc = TabletManager.ExecuteFetchAsDba on zone1-3072903978: rpc error: code = Unknown desc = Identifier name 'trg_fkTblAssetOfflineTrackerToTblAssetViaIntAssetIsLocate1063347007_del_parent' is too long (errno 1059) (sqlstate 42000) during query: CREATE TRIGGER `trg_fkTblAssetOfflineTrackerToTblAssetViaIntAssetIsLocate1063347007_del_parent` BEFORE DELETE ON `tblAsset`         FOR EACH ROW         BEGIN             IF (SELECT COUNT(*) FROM `tblAssetOfflineTracker` WHERE `intAssetIsLocatedAtAsssetID` = OLD.`id`) > 0 THEN                 SIGNAL SQLSTATE '45000'                  SET MESSAGE_TEXT = 'FK Violation: fkTblAssetOfflineTrackerToTblAssetViaIntAssetIsLocate1063347007 - Cannot delete, children exist in tblAssetOfflineTracker';             END IF;         END"
2026-02-11T16:59:31.073265,fkTblAssetOfflineTrackerToTblAssetViaIntAssetIsLocate1063347007,trg_fkTblAssetOfflineTrackerToTblAssetViaIntAssetIsLocate1063347007_upd_parent,PARENT_UPDATE_RESTRICT,FAILURE,"Code: 1 | Error: E0211 16:59:31.069699   68738 main.go:60] rpc error: code = Unknown desc = TabletManager.ExecuteFetchAsDba on zone1-3072903978: rpc error: code = Unknown desc = Identifier name 'trg_fkTblAssetOfflineTrackerToTblAssetViaIntAssetIsLocate1063347007_upd_parent' is too long (errno 1059) (sqlstate 42000) during query: CREATE TRIGGER `trg_fkTblAssetOfflineTrackerToTblAssetViaIntAssetIsLocate1063347007_upd_parent` BEFORE UPDATE ON `tblAsset`     FOR EACH ROW     BEGIN         IF NOT (NEW.`id` <=> OLD.`id`) THEN             IF (SELECT COUNT(*) FROM `tblAssetOfflineTracker` WHERE `intAssetIsLocatedAtAsssetID` = OLD.`id`) > 0 THEN                  SIGNAL SQLSTATE '45000'                   SET MESSAGE_TEXT = 'FK Violation: fkTblAssetOfflineTrackerToTblAssetViaIntAssetIsLocate1063347007 - Cannot update key, children exist in tblAssetOfflineTracker';             END IF;         END IF;     END"
2026-02-11T16:59:31.187184,fkTblAssetOfflineTrackerToTblAssetViaIntAssetIsPartOfAssetID,trg_fkTblAssetOfflineTrackerToTblAssetViaIntAssetIsPartOfAssetID_ins_valid,CHILD_INSERT_VALIDATE,FAILURE,Code: 1 | Error: E0211 16:59:31.182008   68739 main.go:60] rpc error: code = Unknown desc = TabletManager.ExecuteFetchAsDba on zone1-3072903978: rpc error: code = Unknown desc = Identifier name 'trg_fkTblAssetOfflineTrackerToTblAssetViaIntAssetIsPartOfAssetID_ins_valid' is too long (errno 1059) (sqlstate 42000) during query: CREATE TRIGGER `trg_fkTblAssetOfflineTrackerToTblAssetViaIntAssetIsPartOfAssetID_ins_valid` BEFORE INSERT ON `tblAssetOfflineTracker`     FOR EACH ROW     BEGIN         IF (SELECT COUNT(*) FROM `tblAsset` WHERE `id` = NEW.`intAssetIsPartOfAssetID`) = 0 THEN             SIGNAL SQLSTATE '45000'              SET MESSAGE_TEXT = 'FK Violation: fkTblAssetOfflineTrackerToTblAssetViaIntAssetIsPartOfAssetID - Referenced key not found in tblAsset';         END IF;     END
2026-02-11T16:59:31.299823,fkTblAssetOfflineTrackerToTblAssetViaIntAssetIsPartOfAssetID,trg_fkTblAssetOfflineTrackerToTblAssetViaIntAssetIsPartOfAssetID_upd_valid,CHILD_UPDATE_VALIDATE,FAILURE,Code: 1 | Error: E0211 16:59:31.296428   68740 main.go:60] rpc error: code = Unknown desc = TabletManager.ExecuteFetchAsDba on zone1-3072903978: rpc error: code = Unknown desc = Identifier name 'trg_fkTblAssetOfflineTrackerToTblAssetViaIntAssetIsPartOfAssetID_upd_valid' is too long (errno 1059) (sqlstate 42000) during query: CREATE TRIGGER `trg_fkTblAssetOfflineTrackerToTblAssetViaIntAssetIsPartOfAssetID_upd_valid` BEFORE UPDATE ON `tblAssetOfflineTracker`     FOR EACH ROW     BEGIN         IF NOT (NEW.`intAssetIsPartOfAssetID` <=> OLD.`intAssetIsPartOfAssetID`) THEN             IF (SELECT COUNT(*) FROM `tblAsset` WHERE `id` = NEW.`intAssetIsPartOfAssetID`) = 0 THEN                 SIGNAL SQLSTATE '45000'                  SET MESSAGE_TEXT = 'FK Violation: fkTblAssetOfflineTrackerToTblAssetViaIntAssetIsPartOfAssetID - Referenced key not found in tblAsset';             END IF;         END IF;     END
2026-02-11T16:59:31.451359,fkTblAssetOfflineTrackerToTblAssetViaIntAssetIsPartOfAssetID,trg_fkTblAssetOfflineTrackerToTblAssetViaIntAssetIsPartOfAssetID_del_parent,PARENT_DELETE_RESTRICT,FAILURE,"Code: 1 | Error: E0211 16:59:31.448145   68741 main.go:60] rpc error: code = Unknown desc = TabletManager.ExecuteFetchAsDba on zone1-3072903978: rpc error: code = Unknown desc = Identifier name 'trg_fkTblAssetOfflineTrackerToTblAssetViaIntAssetIsPartOfAssetID_del_parent' is too long (errno 1059) (sqlstate 42000) during query: CREATE TRIGGER `trg_fkTblAssetOfflineTrackerToTblAssetViaIntAssetIsPartOfAssetID_del_parent` BEFORE DELETE ON `tblAsset`         FOR EACH ROW         BEGIN             IF (SELECT COUNT(*) FROM `tblAssetOfflineTracker` WHERE `intAssetIsPartOfAssetID` = OLD.`id`) > 0 THEN                 SIGNAL SQLSTATE '45000'                  SET MESSAGE_TEXT = 'FK Violation: fkTblAssetOfflineTrackerToTblAssetViaIntAssetIsPartOfAssetID - Cannot delete, children exist in tblAssetOfflineTracker';             END IF;         END"
2026-02-11T16:59:31.568353,fkTblAssetOfflineTrackerToTblAssetViaIntAssetIsPartOfAssetID,trg_fkTblAssetOfflineTrackerToTblAssetViaIntAssetIsPartOfAssetID_upd_parent,PARENT_UPDATE_RESTRICT,FAILURE,"Code: 1 | Error: E0211 16:59:31.564990   68742 main.go:60] rpc error: code = Unknown desc = TabletManager.ExecuteFetchAsDba on zone1-3072903978: rpc error: code = Unknown desc = Identifier name 'trg_fkTblAssetOfflineTrackerToTblAssetViaIntAssetIsPartOfAssetID_upd_parent' is too long (errno 1059) (sqlstate 42000) during query: CREATE TRIGGER `trg_fkTblAssetOfflineTrackerToTblAssetViaIntAssetIsPartOfAssetID_upd_parent` BEFORE UPDATE ON `tblAsset`     FOR EACH ROW     BEGIN         IF NOT (NEW.`id` <=> OLD.`id`) THEN             IF (SELECT COUNT(*) FROM `tblAssetOfflineTracker` WHERE `intAssetIsPartOfAssetID` = OLD.`id`) > 0 THEN                  SIGNAL SQLSTATE '45000'                   SET MESSAGE_TEXT = 'FK Violation: fkTblAssetOfflineTrackerToTblAssetViaIntAssetIsPartOfAssetID - Cannot update key, children exist in tblAssetOfflineTracker';             END IF;         END IF;     END"
2026-02-11T16:59:31.682191,fkTblAssetOfflineTrackerToTblAssetViaIntSendToFacilityID,trg_fkTblAssetOfflineTrackerToTblAssetViaIntSendToFacilityID_ins_valid,CHILD_INSERT_VALIDATE,FAILURE,Code: 1 | Error: E0211 16:59:31.678688   68743 main.go:60] rpc error: code = Unknown desc = TabletManager.ExecuteFetchAsDba on zone1-3072903978: rpc error: code = Unknown desc = Identifier name 'trg_fkTblAssetOfflineTrackerToTblAssetViaIntSendToFacilityID_ins_valid' is too long (errno 1059) (sqlstate 42000) during query: CREATE TRIGGER `trg_fkTblAssetOfflineTrackerToTblAssetViaIntSendToFacilityID_ins_valid` BEFORE INSERT ON `tblAssetOfflineTracker`     FOR EACH ROW     BEGIN         IF (SELECT COUNT(*) FROM `tblAsset` WHERE `id` = NEW.`intSendToFacilityID`) = 0 THEN             SIGNAL SQLSTATE '45000'              SET MESSAGE_TEXT = 'FK Violation: fkTblAssetOfflineTrackerToTblAssetViaIntSendToFacilityID - Referenced key not found in tblAsset';         END IF;     END
2026-02-11T16:59:31.791952,fkTblAssetOfflineTrackerToTblAssetViaIntSendToFacilityID,trg_fkTblAssetOfflineTrackerToTblAssetViaIntSendToFacilityID_upd_valid,CHILD_UPDATE_VALIDATE,FAILURE,Code: 1 | Error: E0211 16:59:31.788091   68744 main.go:60] rpc error: code = Unknown desc = TabletManager.ExecuteFetchAsDba on zone1-3072903978: rpc error: code = Unknown desc = Identifier name 'trg_fkTblAssetOfflineTrackerToTblAssetViaIntSendToFacilityID_upd_valid' is too long (errno 1059) (sqlstate 42000) during query: CREATE TRIGGER `trg_fkTblAssetOfflineTrackerToTblAssetViaIntSendToFacilityID_upd_valid` BEFORE UPDATE ON `tblAssetOfflineTracker`     FOR EACH ROW     BEGIN         IF NOT (NEW.`intSendToFacilityID` <=> OLD.`intSendToFacilityID`) THEN             IF (SELECT COUNT(*) FROM `tblAsset` WHERE `id` = NEW.`intSendToFacilityID`) = 0 THEN                 SIGNAL SQLSTATE '45000'                  SET MESSAGE_TEXT = 'FK Violation: fkTblAssetOfflineTrackerToTblAssetViaIntSendToFacilityID - Referenced key not found in tblAsset';             END IF;         END IF;     END
2026-02-11T16:59:31.904568,fkTblAssetOfflineTrackerToTblAssetViaIntSendToFacilityID,trg_fkTblAssetOfflineTrackerToTblAssetViaIntSendToFacilityID_del_parent,PARENT_DELETE_RESTRICT,FAILURE,"Code: 1 | Error: E0211 16:59:31.899762   68745 main.go:60] rpc error: code = Unknown desc = TabletManager.ExecuteFetchAsDba on zone1-3072903978: rpc error: code = Unknown desc = Identifier name 'trg_fkTblAssetOfflineTrackerToTblAssetViaIntSendToFacilityID_del_parent' is too long (errno 1059) (sqlstate 42000) during query: CREATE TRIGGER `trg_fkTblAssetOfflineTrackerToTblAssetViaIntSendToFacilityID_del_parent` BEFORE DELETE ON `tblAsset`         FOR EACH ROW         BEGIN             IF (SELECT COUNT(*) FROM `tblAssetOfflineTracker` WHERE `intSendToFacilityID` = OLD.`id`) > 0 THEN                 SIGNAL SQLSTATE '45000'                  SET MESSAGE_TEXT = 'FK Violation: fkTblAssetOfflineTrackerToTblAssetViaIntSendToFacilityID - Cannot delete, children exist in tblAssetOfflineTracker';             END IF;         END"
2026-02-11T16:59:32.016102,fkTblAssetOfflineTrackerToTblAssetViaIntSendToFacilityID,trg_fkTblAssetOfflineTrackerToTblAssetViaIntSendToFacilityID_upd_parent,PARENT_UPDATE_RESTRICT,FAILURE,"Code: 1 | Error: E0211 16:59:32.012369   68746 main.go:60] rpc error: code = Unknown desc = TabletManager.ExecuteFetchAsDba on zone1-3072903978: rpc error: code = Unknown desc = Identifier name 'trg_fkTblAssetOfflineTrackerToTblAssetViaIntSendToFacilityID_upd_parent' is too long (errno 1059) (sqlstate 42000) during query: CREATE TRIGGER `trg_fkTblAssetOfflineTrackerToTblAssetViaIntSendToFacilityID_upd_parent` BEFORE UPDATE ON `tblAsset`     FOR EACH ROW     BEGIN         IF NOT (NEW.`id` <=> OLD.`id`) THEN             IF (SELECT COUNT(*) FROM `tblAssetOfflineTracker` WHERE `intSendToFacilityID` = OLD.`id`) > 0 THEN                  SIGNAL SQLSTATE '45000'                   SET MESSAGE_TEXT = 'FK Violation: fkTblAssetOfflineTrackerToTblAssetViaIntSendToFacilityID - Cannot update key, children exist in tblAssetOfflineTracker';             END IF;         END IF;     END"
2026-02-11T16:59:32.125479,fkTblAssetOfflineTrackerToTblAssetViaIntSwapWithAssetID,trg_fkTblAssetOfflineTrackerToTblAssetViaIntSwapWithAssetID_ins_valid,CHILD_INSERT_VALIDATE,FAILURE,Code: 1 | Error: E0211 16:59:32.121562   68747 main.go:60] rpc error: code = Unknown desc = TabletManager.ExecuteFetchAsDba on zone1-3072903978: rpc error: code = Unknown desc = Identifier name 'trg_fkTblAssetOfflineTrackerToTblAssetViaIntSwapWithAssetID_ins_valid' is too long (errno 1059) (sqlstate 42000) during query: CREATE TRIGGER `trg_fkTblAssetOfflineTrackerToTblAssetViaIntSwapWithAssetID_ins_valid` BEFORE INSERT ON `tblAssetOfflineTracker`     FOR EACH ROW     BEGIN         IF (SELECT COUNT(*) FROM `tblAsset` WHERE `id` = NEW.`intSwapWithAssetID`) = 0 THEN             SIGNAL SQLSTATE '45000'              SET MESSAGE_TEXT = 'FK Violation: fkTblAssetOfflineTrackerToTblAssetViaIntSwapWithAssetID - Referenced key not found in tblAsset';         END IF;     END
2026-02-11T16:59:32.233025,fkTblAssetOfflineTrackerToTblAssetViaIntSwapWithAssetID,trg_fkTblAssetOfflineTrackerToTblAssetViaIntSwapWithAssetID_upd_valid,CHILD_UPDATE_VALIDATE,FAILURE,Code: 1 | Error: E0211 16:59:32.229543   68748 main.go:60] rpc error: code = Unknown desc = TabletManager.ExecuteFetchAsDba on zone1-3072903978: rpc error: code = Unknown desc = Identifier name 'trg_fkTblAssetOfflineTrackerToTblAssetViaIntSwapWithAssetID_upd_valid' is too long (errno 1059) (sqlstate 42000) during query: CREATE TRIGGER `trg_fkTblAssetOfflineTrackerToTblAssetViaIntSwapWithAssetID_upd_valid` BEFORE UPDATE ON `tblAssetOfflineTracker`     FOR EACH ROW     BEGIN         IF NOT (NEW.`intSwapWithAssetID` <=> OLD.`intSwapWithAssetID`) THEN             IF (SELECT COUNT(*) FROM `tblAsset` WHERE `id` = NEW.`intSwapWithAssetID`) = 0 THEN                 SIGNAL SQLSTATE '45000'                  SET MESSAGE_TEXT = 'FK Violation: fkTblAssetOfflineTrackerToTblAssetViaIntSwapWithAssetID - Referenced key not found in tblAsset';             END IF;         END IF;     END
2026-02-11T16:59:32.335553,fkTblAssetOfflineTrackerToTblAssetViaIntSwapWithAssetID,trg_fkTblAssetOfflineTrackerToTblAssetViaIntSwapWithAssetID_del_parent,PARENT_DELETE_RESTRICT,FAILURE,"Code: 1 | Error: E0211 16:59:32.332203   68749 main.go:60] rpc error: code = Unknown desc = TabletManager.ExecuteFetchAsDba on zone1-3072903978: rpc error: code = Unknown desc = Identifier name 'trg_fkTblAssetOfflineTrackerToTblAssetViaIntSwapWithAssetID_del_parent' is too long (errno 1059) (sqlstate 42000) during query: CREATE TRIGGER `trg_fkTblAssetOfflineTrackerToTblAssetViaIntSwapWithAssetID_del_parent` BEFORE DELETE ON `tblAsset`         FOR EACH ROW         BEGIN             IF (SELECT COUNT(*) FROM `tblAssetOfflineTracker` WHERE `intSwapWithAssetID` = OLD.`id`) > 0 THEN                 SIGNAL SQLSTATE '45000'                  SET MESSAGE_TEXT = 'FK Violation: fkTblAssetOfflineTrackerToTblAssetViaIntSwapWithAssetID - Cannot delete, children exist in tblAssetOfflineTracker';             END IF;         END"
2026-02-11T16:59:32.445141,fkTblAssetOfflineTrackerToTblAssetViaIntSwapWithAssetID,trg_fkTblAssetOfflineTrackerToTblAssetViaIntSwapWithAssetID_upd_parent,PARENT_UPDATE_RESTRICT,FAILURE,"Code: 1 | Error: E0211 16:59:32.440358   68750 main.go:60] rpc error: code = Unknown desc = TabletManager.ExecuteFetchAsDba on zone1-3072903978: rpc error: code = Unknown desc = Identifier name 'trg_fkTblAssetOfflineTrackerToTblAssetViaIntSwapWithAssetID_upd_parent' is too long (errno 1059) (sqlstate 42000) during query: CREATE TRIGGER `trg_fkTblAssetOfflineTrackerToTblAssetViaIntSwapWithAssetID_upd_parent` BEFORE UPDATE ON `tblAsset`     FOR EACH ROW     BEGIN         IF NOT (NEW.`id` <=> OLD.`id`) THEN             IF (SELECT COUNT(*) FROM `tblAssetOfflineTracker` WHERE `intSwapWithAssetID` = OLD.`id`) > 0 THEN                  SIGNAL SQLSTATE '45000'                   SET MESSAGE_TEXT = 'FK Violation: fkTblAssetOfflineTrackerToTblAssetViaIntSwapWithAssetID - Cannot update key, children exist in tblAssetOfflineTracker';             END IF;         END IF;     END"
2026-02-11T16:59:32.551074,fkTblAssetOfflineTrackerToTblUserViaIntSetOfflineByUserID,trg_fkTblAssetOfflineTrackerToTblUserViaIntSetOfflineByUserID_ins_valid,CHILD_INSERT_VALIDATE,FAILURE,Code: 1 | Error: E0211 16:59:32.547615   68751 main.go:60] rpc error: code = Unknown desc = TabletManager.ExecuteFetchAsDba on zone1-3072903978: rpc error: code = Unknown desc = Identifier name 'trg_fkTblAssetOfflineTrackerToTblUserViaIntSetOfflineByUserID_ins_valid' is too long (errno 1059) (sqlstate 42000) during query: CREATE TRIGGER `trg_fkTblAssetOfflineTrackerToTblUserViaIntSetOfflineByUserID_ins_valid` BEFORE INSERT ON `tblAssetOfflineTracker`     FOR EACH ROW     BEGIN         IF (SELECT COUNT(*) FROM `tblUser` WHERE `id` = NEW.`intSetOfflineByUserID`) = 0 THEN             SIGNAL SQLSTATE '45000'              SET MESSAGE_TEXT = 'FK Violation: fkTblAssetOfflineTrackerToTblUserViaIntSetOfflineByUserID - Referenced key not found in tblUser';         END IF;     END
2026-02-11T16:59:32.662267,fkTblAssetOfflineTrackerToTblUserViaIntSetOfflineByUserID,trg_fkTblAssetOfflineTrackerToTblUserViaIntSetOfflineByUserID_upd_valid,CHILD_UPDATE_VALIDATE,FAILURE,Code: 1 | Error: E0211 16:59:32.658197   68752 main.go:60] rpc error: code = Unknown desc = TabletManager.ExecuteFetchAsDba on zone1-3072903978: rpc error: code = Unknown desc = Identifier name 'trg_fkTblAssetOfflineTrackerToTblUserViaIntSetOfflineByUserID_upd_valid' is too long (errno 1059) (sqlstate 42000) during query: CREATE TRIGGER `trg_fkTblAssetOfflineTrackerToTblUserViaIntSetOfflineByUserID_upd_valid` BEFORE UPDATE ON `tblAssetOfflineTracker`     FOR EACH ROW     BEGIN         IF NOT (NEW.`intSetOfflineByUserID` <=> OLD.`intSetOfflineByUserID`) THEN             IF (SELECT COUNT(*) FROM `tblUser` WHERE `id` = NEW.`intSetOfflineByUserID`) = 0 THEN                 SIGNAL SQLSTATE '45000'                  SET MESSAGE_TEXT = 'FK Violation: fkTblAssetOfflineTrackerToTblUserViaIntSetOfflineByUserID - Referenced key not found in tblUser';             END IF;         END IF;     END
2026-02-11T16:59:32.819006,fkTblAssetOfflineTrackerToTblUserViaIntSetOfflineByUserID,trg_fkTblAssetOfflineTrackerToTblUserViaIntSetOfflineByUserID_del_parent,PARENT_DELETE_RESTRICT,FAILURE,"Code: 1 | Error: E0211 16:59:32.814917   68753 main.go:60] rpc error: code = Unknown desc = TabletManager.ExecuteFetchAsDba on zone1-3072903978: rpc error: code = Unknown desc = Identifier name 'trg_fkTblAssetOfflineTrackerToTblUserViaIntSetOfflineByUserID_del_parent' is too long (errno 1059) (sqlstate 42000) during query: CREATE TRIGGER `trg_fkTblAssetOfflineTrackerToTblUserViaIntSetOfflineByUserID_del_parent` BEFORE DELETE ON `tblUser`         FOR EACH ROW         BEGIN             IF (SELECT COUNT(*) FROM `tblAssetOfflineTracker` WHERE `intSetOfflineByUserID` = OLD.`id`) > 0 THEN                 SIGNAL SQLSTATE '45000'                  SET MESSAGE_TEXT = 'FK Violation: fkTblAssetOfflineTrackerToTblUserViaIntSetOfflineByUserID - Cannot delete, children exist in tblAssetOfflineTracker';             END IF;         END"
2026-02-11T16:59:32.979182,fkTblAssetOfflineTrackerToTblUserViaIntSetOfflineByUserID,trg_fkTblAssetOfflineTrackerToTblUserViaIntSetOfflineByUserID_upd_parent,PARENT_UPDATE_RESTRICT,FAILURE,"Code: 1 | Error: E0211 16:59:32.974956   68754 main.go:60] rpc error: code = Unknown desc = TabletManager.ExecuteFetchAsDba on zone1-3072903978: rpc error: code = Unknown desc = Identifier name 'trg_fkTblAssetOfflineTrackerToTblUserViaIntSetOfflineByUserID_upd_parent' is too long (errno 1059) (sqlstate 42000) during query: CREATE TRIGGER `trg_fkTblAssetOfflineTrackerToTblUserViaIntSetOfflineByUserID_upd_parent` BEFORE UPDATE ON `tblUser`     FOR EACH ROW     BEGIN         IF NOT (NEW.`id` <=> OLD.`id`) THEN             IF (SELECT COUNT(*) FROM `tblAssetOfflineTracker` WHERE `intSetOfflineByUserID` = OLD.`id`) > 0 THEN                  SIGNAL SQLSTATE '45000'                   SET MESSAGE_TEXT = 'FK Violation: fkTblAssetOfflineTrackerToTblUserViaIntSetOfflineByUserID - Cannot update key, children exist in tblAssetOfflineTracker';             END IF;         END IF;     END"
2026-02-11T16:59:33.102419,fkTblAssetOfflineTrackerToTblUserViaIntSetOnlineByUserID,trg_fkTblAssetOfflineTrackerToTblUserViaIntSetOnlineByUserID_ins_valid,CHILD_INSERT_VALIDATE,FAILURE,Code: 1 | Error: E0211 16:59:33.098813   68755 main.go:60] rpc error: code = Unknown desc = TabletManager.ExecuteFetchAsDba on zone1-3072903978: rpc error: code = Unknown desc = Identifier name 'trg_fkTblAssetOfflineTrackerToTblUserViaIntSetOnlineByUserID_ins_valid' is too long (errno 1059) (sqlstate 42000) during query: CREATE TRIGGER `trg_fkTblAssetOfflineTrackerToTblUserViaIntSetOnlineByUserID_ins_valid` BEFORE INSERT ON `tblAssetOfflineTracker`     FOR EACH ROW     BEGIN         IF (SELECT COUNT(*) FROM `tblUser` WHERE `id` = NEW.`intSetOnlineByUserID`) = 0 THEN             SIGNAL SQLSTATE '45000'              SET MESSAGE_TEXT = 'FK Violation: fkTblAssetOfflineTrackerToTblUserViaIntSetOnlineByUserID - Referenced key not found in tblUser';         END IF;     END
2026-02-11T16:59:33.210134,fkTblAssetOfflineTrackerToTblUserViaIntSetOnlineByUserID,trg_fkTblAssetOfflineTrackerToTblUserViaIntSetOnlineByUserID_upd_valid,CHILD_UPDATE_VALIDATE,FAILURE,Code: 1 | Error: E0211 16:59:33.206492   68756 main.go:60] rpc error: code = Unknown desc = TabletManager.ExecuteFetchAsDba on zone1-3072903978: rpc error: code = Unknown desc = Identifier name 'trg_fkTblAssetOfflineTrackerToTblUserViaIntSetOnlineByUserID_upd_valid' is too long (errno 1059) (sqlstate 42000) during query: CREATE TRIGGER `trg_fkTblAssetOfflineTrackerToTblUserViaIntSetOnlineByUserID_upd_valid` BEFORE UPDATE ON `tblAssetOfflineTracker`     FOR EACH ROW     BEGIN         IF NOT (NEW.`intSetOnlineByUserID` <=> OLD.`intSetOnlineByUserID`) THEN             IF (SELECT COUNT(*) FROM `tblUser` WHERE `id` = NEW.`intSetOnlineByUserID`) = 0 THEN                 SIGNAL SQLSTATE '45000'                  SET MESSAGE_TEXT = 'FK Violation: fkTblAssetOfflineTrackerToTblUserViaIntSetOnlineByUserID - Referenced key not found in tblUser';             END IF;         END IF;     END
2026-02-11T16:59:33.320726,fkTblAssetOfflineTrackerToTblUserViaIntSetOnlineByUserID,trg_fkTblAssetOfflineTrackerToTblUserViaIntSetOnlineByUserID_del_parent,PARENT_DELETE_RESTRICT,FAILURE,"Code: 1 | Error: E0211 16:59:33.315825   68757 main.go:60] rpc error: code = Unknown desc = TabletManager.ExecuteFetchAsDba on zone1-3072903978: rpc error: code = Unknown desc = Identifier name 'trg_fkTblAssetOfflineTrackerToTblUserViaIntSetOnlineByUserID_del_parent' is too long (errno 1059) (sqlstate 42000) during query: CREATE TRIGGER `trg_fkTblAssetOfflineTrackerToTblUserViaIntSetOnlineByUserID_del_parent` BEFORE DELETE ON `tblUser`         FOR EACH ROW         BEGIN             IF (SELECT COUNT(*) FROM `tblAssetOfflineTracker` WHERE `intSetOnlineByUserID` = OLD.`id`) > 0 THEN                 SIGNAL SQLSTATE '45000'                  SET MESSAGE_TEXT = 'FK Violation: fkTblAssetOfflineTrackerToTblUserViaIntSetOnlineByUserID - Cannot delete, children exist in tblAssetOfflineTracker';             END IF;         END"
2026-02-11T16:59:33.430736,fkTblAssetOfflineTrackerToTblUserViaIntSetOnlineByUserID,trg_fkTblAssetOfflineTrackerToTblUserViaIntSetOnlineByUserID_upd_parent,PARENT_UPDATE_RESTRICT,FAILURE,"Code: 1 | Error: E0211 16:59:33.427035   68758 main.go:60] rpc error: code = Unknown desc = TabletManager.ExecuteFetchAsDba on zone1-3072903978: rpc error: code = Unknown desc = Identifier name 'trg_fkTblAssetOfflineTrackerToTblUserViaIntSetOnlineByUserID_upd_parent' is too long (errno 1059) (sqlstate 42000) during query: CREATE TRIGGER `trg_fkTblAssetOfflineTrackerToTblUserViaIntSetOnlineByUserID_upd_parent` BEFORE UPDATE ON `tblUser`     FOR EACH ROW     BEGIN         IF NOT (NEW.`id` <=> OLD.`id`) THEN             IF (SELECT COUNT(*) FROM `tblAssetOfflineTracker` WHERE `intSetOnlineByUserID` = OLD.`id`) > 0 THEN                  SIGNAL SQLSTATE '45000'                   SET MESSAGE_TEXT = 'FK Violation: fkTblAssetOfflineTrackerToTblUserViaIntSetOnlineByUserID - Cannot update key, children exist in tblAssetOfflineTracker';             END IF;         END IF;     END"
2026-02-11T16:59:33.556415,fkTblAssetOfflineTrackerToTblUserViaIntStatusChangedByUserID,trg_fkTblAssetOfflineTrackerToTblUserViaIntStatusChangedByUserID_ins_valid,CHILD_INSERT_VALIDATE,FAILURE,Code: 1 | Error: E0211 16:59:33.552370   68759 main.go:60] rpc error: code = Unknown desc = TabletManager.ExecuteFetchAsDba on zone1-3072903978: rpc error: code = Unknown desc = Identifier name 'trg_fkTblAssetOfflineTrackerToTblUserViaIntStatusChangedByUserID_ins_valid' is too long (errno 1059) (sqlstate 42000) during query: CREATE TRIGGER `trg_fkTblAssetOfflineTrackerToTblUserViaIntStatusChangedByUserID_ins_valid` BEFORE INSERT ON `tblAssetOfflineTracker`     FOR EACH ROW     BEGIN         IF (SELECT COUNT(*) FROM `tblUser` WHERE `id` = NEW.`intStatusChangedByUserID`) = 0 THEN             SIGNAL SQLSTATE '45000'              SET MESSAGE_TEXT = 'FK Violation: fkTblAssetOfflineTrackerToTblUserViaIntStatusChangedByUserID - Referenced key not found in tblUser';         END IF;     END
2026-02-11T16:59:33.665128,fkTblAssetOfflineTrackerToTblUserViaIntStatusChangedByUserID,trg_fkTblAssetOfflineTrackerToTblUserViaIntStatusChangedByUserID_upd_valid,CHILD_UPDATE_VALIDATE,FAILURE,Code: 1 | Error: E0211 16:59:33.661560   68762 main.go:60] rpc error: code = Unknown desc = TabletManager.ExecuteFetchAsDba on zone1-3072903978: rpc error: code = Unknown desc = Identifier name 'trg_fkTblAssetOfflineTrackerToTblUserViaIntStatusChangedByUserID_upd_valid' is too long (errno 1059) (sqlstate 42000) during query: CREATE TRIGGER `trg_fkTblAssetOfflineTrackerToTblUserViaIntStatusChangedByUserID_upd_valid` BEFORE UPDATE ON `tblAssetOfflineTracker`     FOR EACH ROW     BEGIN         IF NOT (NEW.`intStatusChangedByUserID` <=> OLD.`intStatusChangedByUserID`) THEN             IF (SELECT COUNT(*) FROM `tblUser` WHERE `id` = NEW.`intStatusChangedByUserID`) = 0 THEN                 SIGNAL SQLSTATE '45000'                  SET MESSAGE_TEXT = 'FK Violation: fkTblAssetOfflineTrackerToTblUserViaIntStatusChangedByUserID - Referenced key not found in tblUser';             END IF;         END IF;     END
2026-02-11T16:59:33.779489,fkTblAssetOfflineTrackerToTblUserViaIntStatusChangedByUserID,trg_fkTblAssetOfflineTrackerToTblUserViaIntStatusChangedByUserID_del_parent,PARENT_DELETE_RESTRICT,FAILURE,"Code: 1 | Error: E0211 16:59:33.774555   68763 main.go:60] rpc error: code = Unknown desc = TabletManager.ExecuteFetchAsDba on zone1-3072903978: rpc error: code = Unknown desc = Identifier name 'trg_fkTblAssetOfflineTrackerToTblUserViaIntStatusChangedByUserID_del_parent' is too long (errno 1059) (sqlstate 42000) during query: CREATE TRIGGER `trg_fkTblAssetOfflineTrackerToTblUserViaIntStatusChangedByUserID_del_parent` BEFORE DELETE ON `tblUser`         FOR EACH ROW         BEGIN             IF (SELECT COUNT(*) FROM `tblAssetOfflineTracker` WHERE `intStatusChangedByUserID` = OLD.`id`) > 0 THEN                 SIGNAL SQLSTATE '45000'                  SET MESSAGE_TEXT = 'FK Violation: fkTblAssetOfflineTrackerToTblUserViaIntStatusChangedByUserID - Cannot delete, children exist in tblAssetOfflineTracker';             END IF;         END"
2026-02-11T16:59:33.901337,fkTblAssetOfflineTrackerToTblUserViaIntStatusChangedByUserID,trg_fkTblAssetOfflineTrackerToTblUserViaIntStatusChangedByUserID_upd_parent,PARENT_UPDATE_RESTRICT,FAILURE,"Code: 1 | Error: E0211 16:59:33.897494   68764 main.go:60] rpc error: code = Unknown desc = TabletManager.ExecuteFetchAsDba on zone1-3072903978: rpc error: code = Unknown desc = Identifier name 'trg_fkTblAssetOfflineTrackerToTblUserViaIntStatusChangedByUserID_upd_parent' is too long (errno 1059) (sqlstate 42000) during query: CREATE TRIGGER `trg_fkTblAssetOfflineTrackerToTblUserViaIntStatusChangedByUserID_upd_parent` BEFORE UPDATE ON `tblUser`     FOR EACH ROW     BEGIN         IF NOT (NEW.`id` <=> OLD.`id`) THEN             IF (SELECT COUNT(*) FROM `tblAssetOfflineTracker` WHERE `intStatusChangedByUserID` = OLD.`id`) > 0 THEN                  SIGNAL SQLSTATE '45000'                   SET MESSAGE_TEXT = 'FK Violation: fkTblAssetOfflineTrackerToTblUserViaIntStatusChangedByUserID - Cannot update key, children exist in tblAssetOfflineTracker';             END IF;         END IF;     END"
2026-02-11T16:59:34.020287,fkTblAssetOfflineTrackerToTblWorkOrderViaIntWorkOrderID,trg_fkTblAssetOfflineTrackerToTblWorkOrderViaIntWorkOrderID_ins_valid,CHILD_INSERT_VALIDATE,FAILURE,Code: 1 | Error: E0211 16:59:34.015578   68765 main.go:60] rpc error: code = Unknown desc = TabletManager.ExecuteFetchAsDba on zone1-3072903978: rpc error: code = Unknown desc = Identifier name 'trg_fkTblAssetOfflineTrackerToTblWorkOrderViaIntWorkOrderID_ins_valid' is too long (errno 1059) (sqlstate 42000) during query: CREATE TRIGGER `trg_fkTblAssetOfflineTrackerToTblWorkOrderViaIntWorkOrderID_ins_valid` BEFORE INSERT ON `tblAssetOfflineTracker`     FOR EACH ROW     BEGIN         IF (SELECT COUNT(*) FROM `tblWorkOrder` WHERE `id` = NEW.`intWorkOrderID`) = 0 THEN             SIGNAL SQLSTATE '45000'              SET MESSAGE_TEXT = 'FK Violation: fkTblAssetOfflineTrackerToTblWorkOrderViaIntWorkOrderID - Referenced key not found in tblWorkOrder';         END IF;     END
2026-02-11T16:59:34.141073,fkTblAssetOfflineTrackerToTblWorkOrderViaIntWorkOrderID,trg_fkTblAssetOfflineTrackerToTblWorkOrderViaIntWorkOrderID_upd_valid,CHILD_UPDATE_VALIDATE,FAILURE,Code: 1 | Error: E0211 16:59:34.136194   68766 main.go:60] rpc error: code = Unknown desc = TabletManager.ExecuteFetchAsDba on zone1-3072903978: rpc error: code = Unknown desc = Identifier name 'trg_fkTblAssetOfflineTrackerToTblWorkOrderViaIntWorkOrderID_upd_valid' is too long (errno 1059) (sqlstate 42000) during query: CREATE TRIGGER `trg_fkTblAssetOfflineTrackerToTblWorkOrderViaIntWorkOrderID_upd_valid` BEFORE UPDATE ON `tblAssetOfflineTracker`     FOR EACH ROW     BEGIN         IF NOT (NEW.`intWorkOrderID` <=> OLD.`intWorkOrderID`) THEN             IF (SELECT COUNT(*) FROM `tblWorkOrder` WHERE `id` = NEW.`intWorkOrderID`) = 0 THEN                 SIGNAL SQLSTATE '45000'                  SET MESSAGE_TEXT = 'FK Violation: fkTblAssetOfflineTrackerToTblWorkOrderViaIntWorkOrderID - Referenced key not found in tblWorkOrder';             END IF;         END IF;     END
2026-02-11T16:59:34.250301,fkTblAssetOfflineTrackerToTblWorkOrderViaIntWorkOrderID,trg_fkTblAssetOfflineTrackerToTblWorkOrderViaIntWorkOrderID_del_parent,PARENT_DELETE_RESTRICT,FAILURE,"Code: 1 | Error: E0211 16:59:34.246211   68767 main.go:60] rpc error: code = Unknown desc = TabletManager.ExecuteFetchAsDba on zone1-3072903978: rpc error: code = Unknown desc = Identifier name 'trg_fkTblAssetOfflineTrackerToTblWorkOrderViaIntWorkOrderID_del_parent' is too long (errno 1059) (sqlstate 42000) during query: CREATE TRIGGER `trg_fkTblAssetOfflineTrackerToTblWorkOrderViaIntWorkOrderID_del_parent` BEFORE DELETE ON `tblWorkOrder`         FOR EACH ROW         BEGIN             IF (SELECT COUNT(*) FROM `tblAssetOfflineTracker` WHERE `intWorkOrderID` = OLD.`id`) > 0 THEN                 SIGNAL SQLSTATE '45000'                  SET MESSAGE_TEXT = 'FK Violation: fkTblAssetOfflineTrackerToTblWorkOrderViaIntWorkOrderID - Cannot delete, children exist in tblAssetOfflineTracker';             END IF;         END"
2026-02-11T16:59:34.398287,fkTblAssetOfflineTrackerToTblWorkOrderViaIntWorkOrderID,trg_fkTblAssetOfflineTrackerToTblWorkOrderViaIntWorkOrderID_upd_parent,PARENT_UPDATE_RESTRICT,FAILURE,"Code: 1 | Error: E0211 16:59:34.393816   68768 main.go:60] rpc error: code = Unknown desc = TabletManager.ExecuteFetchAsDba on zone1-3072903978: rpc error: code = Unknown desc = Identifier name 'trg_fkTblAssetOfflineTrackerToTblWorkOrderViaIntWorkOrderID_upd_parent' is too long (errno 1059) (sqlstate 42000) during query: CREATE TRIGGER `trg_fkTblAssetOfflineTrackerToTblWorkOrderViaIntWorkOrderID_upd_parent` BEFORE UPDATE ON `tblWorkOrder`     FOR EACH ROW     BEGIN         IF NOT (NEW.`id` <=> OLD.`id`) THEN             IF (SELECT COUNT(*) FROM `tblAssetOfflineTracker` WHERE `intWorkOrderID` = OLD.`id`) > 0 THEN                  SIGNAL SQLSTATE '45000'                   SET MESSAGE_TEXT = 'FK Violation: fkTblAssetOfflineTrackerToTblWorkOrderViaIntWorkOrderID - Cannot update key, children exist in tblAssetOfflineTracker';             END IF;         END IF;     END"
2026-02-11T16:59:34.531754,fkTblAssetPropertyValueToTblAssetViaIntSensorOrDeviceID,trg_fkTblAssetPropertyValueToTblAssetViaIntSensorOrDeviceID_ins_valid,CHILD_INSERT_VALIDATE,FAILURE,Code: 1 | Error: E0211 16:59:34.527233   68769 main.go:60] rpc error: code = Unknown desc = TabletManager.ExecuteFetchAsDba on zone1-3072903978: rpc error: code = Unknown desc = Identifier name 'trg_fkTblAssetPropertyValueToTblAssetViaIntSensorOrDeviceID_ins_valid' is too long (errno 1059) (sqlstate 42000) during query: CREATE TRIGGER `trg_fkTblAssetPropertyValueToTblAssetViaIntSensorOrDeviceID_ins_valid` BEFORE INSERT ON `tblAssetPropertyValue`     FOR EACH ROW     BEGIN         IF (SELECT COUNT(*) FROM `tblAsset` WHERE `id` = NEW.`intSensorOrDeviceID`) = 0 THEN             SIGNAL SQLSTATE '45000'              SET MESSAGE_TEXT = 'FK Violation: fkTblAssetPropertyValueToTblAssetViaIntSensorOrDeviceID - Referenced key not found in tblAsset';         END IF;     END
2026-02-11T16:59:34.654844,fkTblAssetPropertyValueToTblAssetViaIntSensorOrDeviceID,trg_fkTblAssetPropertyValueToTblAssetViaIntSensorOrDeviceID_upd_valid,CHILD_UPDATE_VALIDATE,FAILURE,Code: 1 | Error: E0211 16:59:34.650962   68770 main.go:60] rpc error: code = Unknown desc = TabletManager.ExecuteFetchAsDba on zone1-3072903978: rpc error: code = Unknown desc = Identifier name 'trg_fkTblAssetPropertyValueToTblAssetViaIntSensorOrDeviceID_upd_valid' is too long (errno 1059) (sqlstate 42000) during query: CREATE TRIGGER `trg_fkTblAssetPropertyValueToTblAssetViaIntSensorOrDeviceID_upd_valid` BEFORE UPDATE ON `tblAssetPropertyValue`     FOR EACH ROW     BEGIN         IF NOT (NEW.`intSensorOrDeviceID` <=> OLD.`intSensorOrDeviceID`) THEN             IF (SELECT COUNT(*) FROM `tblAsset` WHERE `id` = NEW.`intSensorOrDeviceID`) = 0 THEN                 SIGNAL SQLSTATE '45000'                  SET MESSAGE_TEXT = 'FK Violation: fkTblAssetPropertyValueToTblAssetViaIntSensorOrDeviceID - Referenced key not found in tblAsset';             END IF;         END IF;     END
2026-02-11T16:59:34.769823,fkTblAssetPropertyValueToTblAssetViaIntSensorOrDeviceID,trg_fkTblAssetPropertyValueToTblAssetViaIntSensorOrDeviceID_del_parent,PARENT_DELETE_RESTRICT,FAILURE,"Code: 1 | Error: E0211 16:59:34.766206   68771 main.go:60] rpc error: code = Unknown desc = TabletManager.ExecuteFetchAsDba on zone1-3072903978: rpc error: code = Unknown desc = Identifier name 'trg_fkTblAssetPropertyValueToTblAssetViaIntSensorOrDeviceID_del_parent' is too long (errno 1059) (sqlstate 42000) during query: CREATE TRIGGER `trg_fkTblAssetPropertyValueToTblAssetViaIntSensorOrDeviceID_del_parent` BEFORE DELETE ON `tblAsset`         FOR EACH ROW         BEGIN             IF (SELECT COUNT(*) FROM `tblAssetPropertyValue` WHERE `intSensorOrDeviceID` = OLD.`id`) > 0 THEN                 SIGNAL SQLSTATE '45000'                  SET MESSAGE_TEXT = 'FK Violation: fkTblAssetPropertyValueToTblAssetViaIntSensorOrDeviceID - Cannot delete, children exist in tblAssetPropertyValue';             END IF;         END"
2026-02-11T16:59:34.874838,fkTblAssetPropertyValueToTblAssetViaIntSensorOrDeviceID,trg_fkTblAssetPropertyValueToTblAssetViaIntSensorOrDeviceID_upd_parent,PARENT_UPDATE_RESTRICT,FAILURE,"Code: 1 | Error: E0211 16:59:34.871339   68772 main.go:60] rpc error: code = Unknown desc = TabletManager.ExecuteFetchAsDba on zone1-3072903978: rpc error: code = Unknown desc = Identifier name 'trg_fkTblAssetPropertyValueToTblAssetViaIntSensorOrDeviceID_upd_parent' is too long (errno 1059) (sqlstate 42000) during query: CREATE TRIGGER `trg_fkTblAssetPropertyValueToTblAssetViaIntSensorOrDeviceID_upd_parent` BEFORE UPDATE ON `tblAsset`     FOR EACH ROW     BEGIN         IF NOT (NEW.`id` <=> OLD.`id`) THEN             IF (SELECT COUNT(*) FROM `tblAssetPropertyValue` WHERE `intSensorOrDeviceID` = OLD.`id`) > 0 THEN                  SIGNAL SQLSTATE '45000'                   SET MESSAGE_TEXT = 'FK Violation: fkTblAssetPropertyValueToTblAssetViaIntSensorOrDeviceID - Cannot update key, children exist in tblAssetPropertyValue';             END IF;         END IF;     END"
2026-02-11T16:59:34.990081,fkTblAssetPropertyValueToTblUserViaIntCreatedByApiUserID,trg_fkTblAssetPropertyValueToTblUserViaIntCreatedByApiUserID_ins_valid,CHILD_INSERT_VALIDATE,FAILURE,Code: 1 | Error: E0211 16:59:34.984736   68773 main.go:60] rpc error: code = Unknown desc = TabletManager.ExecuteFetchAsDba on zone1-3072903978: rpc error: code = Unknown desc = Identifier name 'trg_fkTblAssetPropertyValueToTblUserViaIntCreatedByApiUserID_ins_valid' is too long (errno 1059) (sqlstate 42000) during query: CREATE TRIGGER `trg_fkTblAssetPropertyValueToTblUserViaIntCreatedByApiUserID_ins_valid` BEFORE INSERT ON `tblAssetPropertyValue`     FOR EACH ROW     BEGIN         IF (SELECT COUNT(*) FROM `tblUser` WHERE `id` = NEW.`intCreatedByApiUserID`) = 0 THEN             SIGNAL SQLSTATE '45000'              SET MESSAGE_TEXT = 'FK Violation: fkTblAssetPropertyValueToTblUserViaIntCreatedByApiUserID - Referenced key not found in tblUser';         END IF;     END
2026-02-11T16:59:35.111553,fkTblAssetPropertyValueToTblUserViaIntCreatedByApiUserID,trg_fkTblAssetPropertyValueToTblUserViaIntCreatedByApiUserID_upd_valid,CHILD_UPDATE_VALIDATE,FAILURE,Code: 1 | Error: E0211 16:59:35.107078   68774 main.go:60] rpc error: code = Unknown desc = TabletManager.ExecuteFetchAsDba on zone1-3072903978: rpc error: code = Unknown desc = Identifier name 'trg_fkTblAssetPropertyValueToTblUserViaIntCreatedByApiUserID_upd_valid' is too long (errno 1059) (sqlstate 42000) during query: CREATE TRIGGER `trg_fkTblAssetPropertyValueToTblUserViaIntCreatedByApiUserID_upd_valid` BEFORE UPDATE ON `tblAssetPropertyValue`     FOR EACH ROW     BEGIN         IF NOT (NEW.`intCreatedByApiUserID` <=> OLD.`intCreatedByApiUserID`) THEN             IF (SELECT COUNT(*) FROM `tblUser` WHERE `id` = NEW.`intCreatedByApiUserID`) = 0 THEN                 SIGNAL SQLSTATE '45000'                  SET MESSAGE_TEXT = 'FK Violation: fkTblAssetPropertyValueToTblUserViaIntCreatedByApiUserID - Referenced key not found in tblUser';             END IF;         END IF;     END
2026-02-11T16:59:35.227932,fkTblAssetPropertyValueToTblUserViaIntCreatedByApiUserID,trg_fkTblAssetPropertyValueToTblUserViaIntCreatedByApiUserID_del_parent,PARENT_DELETE_RESTRICT,FAILURE,"Code: 1 | Error: E0211 16:59:35.224315   68775 main.go:60] rpc error: code = Unknown desc = TabletManager.ExecuteFetchAsDba on zone1-3072903978: rpc error: code = Unknown desc = Identifier name 'trg_fkTblAssetPropertyValueToTblUserViaIntCreatedByApiUserID_del_parent' is too long (errno 1059) (sqlstate 42000) during query: CREATE TRIGGER `trg_fkTblAssetPropertyValueToTblUserViaIntCreatedByApiUserID_del_parent` BEFORE DELETE ON `tblUser`         FOR EACH ROW         BEGIN             IF (SELECT COUNT(*) FROM `tblAssetPropertyValue` WHERE `intCreatedByApiUserID` = OLD.`id`) > 0 THEN                 SIGNAL SQLSTATE '45000'                  SET MESSAGE_TEXT = 'FK Violation: fkTblAssetPropertyValueToTblUserViaIntCreatedByApiUserID - Cannot delete, children exist in tblAssetPropertyValue';             END IF;         END"
2026-02-11T16:59:35.336403,fkTblAssetPropertyValueToTblUserViaIntCreatedByApiUserID,trg_fkTblAssetPropertyValueToTblUserViaIntCreatedByApiUserID_upd_parent,PARENT_UPDATE_RESTRICT,FAILURE,"Code: 1 | Error: E0211 16:59:35.332160   68776 main.go:60] rpc error: code = Unknown desc = TabletManager.ExecuteFetchAsDba on zone1-3072903978: rpc error: code = Unknown desc = Identifier name 'trg_fkTblAssetPropertyValueToTblUserViaIntCreatedByApiUserID_upd_parent' is too long (errno 1059) (sqlstate 42000) during query: CREATE TRIGGER `trg_fkTblAssetPropertyValueToTblUserViaIntCreatedByApiUserID_upd_parent` BEFORE UPDATE ON `tblUser`     FOR EACH ROW     BEGIN         IF NOT (NEW.`id` <=> OLD.`id`) THEN             IF (SELECT COUNT(*) FROM `tblAssetPropertyValue` WHERE `intCreatedByApiUserID` = OLD.`id`) > 0 THEN                  SIGNAL SQLSTATE '45000'                   SET MESSAGE_TEXT = 'FK Violation: fkTblAssetPropertyValueToTblUserViaIntCreatedByApiUserID - Cannot update key, children exist in tblAssetPropertyValue';             END IF;         END IF;     END"
2026-02-11T16:59:35.451580,fkTblAssetPropertyValueToTblUserViaIntCreatedByUserID,trg_fkTblAssetPropertyValueToTblUserViaIntCreatedByUserID_ins_valid,CHILD_INSERT_VALIDATE,FAILURE,Code: 1 | Error: E0211 16:59:35.447816   68777 main.go:60] rpc error: code = Unknown desc = TabletManager.ExecuteFetchAsDba on zone1-3072903978: rpc error: code = Unknown desc = Identifier name 'trg_fkTblAssetPropertyValueToTblUserViaIntCreatedByUserID_ins_valid' is too long (errno 1059) (sqlstate 42000) during query: CREATE TRIGGER `trg_fkTblAssetPropertyValueToTblUserViaIntCreatedByUserID_ins_valid` BEFORE INSERT ON `tblAssetPropertyValue`     FOR EACH ROW     BEGIN         IF (SELECT COUNT(*) FROM `tblUser` WHERE `id` = NEW.`intCreatedByUserID`) = 0 THEN             SIGNAL SQLSTATE '45000'              SET MESSAGE_TEXT = 'FK Violation: fkTblAssetPropertyValueToTblUserViaIntCreatedByUserID - Referenced key not found in tblUser';         END IF;     END
2026-02-11T16:59:35.567592,fkTblAssetPropertyValueToTblUserViaIntCreatedByUserID,trg_fkTblAssetPropertyValueToTblUserViaIntCreatedByUserID_upd_valid,CHILD_UPDATE_VALIDATE,FAILURE,Code: 1 | Error: E0211 16:59:35.564019   68778 main.go:60] rpc error: code = Unknown desc = TabletManager.ExecuteFetchAsDba on zone1-3072903978: rpc error: code = Unknown desc = Identifier name 'trg_fkTblAssetPropertyValueToTblUserViaIntCreatedByUserID_upd_valid' is too long (errno 1059) (sqlstate 42000) during query: CREATE TRIGGER `trg_fkTblAssetPropertyValueToTblUserViaIntCreatedByUserID_upd_valid` BEFORE UPDATE ON `tblAssetPropertyValue`     FOR EACH ROW     BEGIN         IF NOT (NEW.`intCreatedByUserID` <=> OLD.`intCreatedByUserID`) THEN             IF (SELECT COUNT(*) FROM `tblUser` WHERE `id` = NEW.`intCreatedByUserID`) = 0 THEN                 SIGNAL SQLSTATE '45000'                  SET MESSAGE_TEXT = 'FK Violation: fkTblAssetPropertyValueToTblUserViaIntCreatedByUserID - Referenced key not found in tblUser';             END IF;         END IF;     END
2026-02-11T16:59:35.683257,fkTblAssetPropertyValueToTblUserViaIntCreatedByUserID,trg_fkTblAssetPropertyValueToTblUserViaIntCreatedByUserID_del_parent,PARENT_DELETE_RESTRICT,FAILURE,"Code: 1 | Error: E0211 16:59:35.679308   68779 main.go:60] rpc error: code = Unknown desc = TabletManager.ExecuteFetchAsDba on zone1-3072903978: rpc error: code = Unknown desc = Identifier name 'trg_fkTblAssetPropertyValueToTblUserViaIntCreatedByUserID_del_parent' is too long (errno 1059) (sqlstate 42000) during query: CREATE TRIGGER `trg_fkTblAssetPropertyValueToTblUserViaIntCreatedByUserID_del_parent` BEFORE DELETE ON `tblUser`         FOR EACH ROW         BEGIN             IF (SELECT COUNT(*) FROM `tblAssetPropertyValue` WHERE `intCreatedByUserID` = OLD.`id`) > 0 THEN                 SIGNAL SQLSTATE '45000'                  SET MESSAGE_TEXT = 'FK Violation: fkTblAssetPropertyValueToTblUserViaIntCreatedByUserID - Cannot delete, children exist in tblAssetPropertyValue';             END IF;         END"
2026-02-11T16:59:35.787805,fkTblAssetPropertyValueToTblUserViaIntCreatedByUserID,trg_fkTblAssetPropertyValueToTblUserViaIntCreatedByUserID_upd_parent,PARENT_UPDATE_RESTRICT,FAILURE,"Code: 1 | Error: E0211 16:59:35.784580   68780 main.go:60] rpc error: code = Unknown desc = TabletManager.ExecuteFetchAsDba on zone1-3072903978: rpc error: code = Unknown desc = Identifier name 'trg_fkTblAssetPropertyValueToTblUserViaIntCreatedByUserID_upd_parent' is too long (errno 1059) (sqlstate 42000) during query: CREATE TRIGGER `trg_fkTblAssetPropertyValueToTblUserViaIntCreatedByUserID_upd_parent` BEFORE UPDATE ON `tblUser`     FOR EACH ROW     BEGIN         IF NOT (NEW.`id` <=> OLD.`id`) THEN             IF (SELECT COUNT(*) FROM `tblAssetPropertyValue` WHERE `intCreatedByUserID` = OLD.`id`) > 0 THEN                  SIGNAL SQLSTATE '45000'                   SET MESSAGE_TEXT = 'FK Violation: fkTblAssetPropertyValueToTblUserViaIntCreatedByUserID - Cannot update key, children exist in tblAssetPropertyValue';             END IF;         END IF;     END"
2026-02-11T16:59:35.911666,fkTblAssetPurchaseTrackingToTblAssetViaIntAssetID,trg_fkTblAssetPurchaseTrackingToTblAssetViaIntAssetID_ins_valid,CHILD_INSERT_VALIDATE,SUCCESS,Success
2026-02-11T16:59:36.044986,fkTblAssetPurchaseTrackingToTblAssetViaIntAssetID,trg_fkTblAssetPurchaseTrackingToTblAssetViaIntAssetID_upd_valid,CHILD_UPDATE_VALIDATE,SUCCESS,Success
2026-02-11T16:59:36.162847,fkTblAssetPurchaseTrackingToTblAssetViaIntAssetID,trg_fkTblAssetPurchaseTrackingToTblAssetViaIntAssetID_del_parent,PARENT_DELETE_CASCADE,SUCCESS,Success
2026-02-11T16:59:36.283992,fkTblAssetPurchaseTrackingToTblAssetViaIntAssetID,trg_fkTblAssetPurchaseTrackingToTblAssetViaIntAssetID_upd_parent,PARENT_UPDATE_RESTRICT,SUCCESS,Success
2026-02-11T16:59:36.445769,fkTblAssetPurchaseTrackingToTblBusinessViaIntBusinessID,trg_fkTblAssetPurchaseTrackingToTblBusinessViaIntBusinessID_ins_valid,CHILD_INSERT_VALIDATE,FAILURE,Code: 1 | Error: E0211 16:59:36.441963   68785 main.go:60] rpc error: code = Unknown desc = TabletManager.ExecuteFetchAsDba on zone1-3072903978: rpc error: code = Unknown desc = Identifier name 'trg_fkTblAssetPurchaseTrackingToTblBusinessViaIntBusinessID_ins_valid' is too long (errno 1059) (sqlstate 42000) during query: CREATE TRIGGER `trg_fkTblAssetPurchaseTrackingToTblBusinessViaIntBusinessID_ins_valid` BEFORE INSERT ON `tblAssetPurchaseTracking`     FOR EACH ROW     BEGIN         IF (SELECT COUNT(*) FROM `tblBusiness` WHERE `id` = NEW.`intBusinessID`) = 0 THEN             SIGNAL SQLSTATE '45000'              SET MESSAGE_TEXT = 'FK Violation: fkTblAssetPurchaseTrackingToTblBusinessViaIntBusinessID - Referenced key not found in tblBusiness';         END IF;     END
2026-02-11T16:59:36.572669,fkTblAssetPurchaseTrackingToTblBusinessViaIntBusinessID,trg_fkTblAssetPurchaseTrackingToTblBusinessViaIntBusinessID_upd_valid,CHILD_UPDATE_VALIDATE,FAILURE,Code: 1 | Error: E0211 16:59:36.567737   68786 main.go:60] rpc error: code = Unknown desc = TabletManager.ExecuteFetchAsDba on zone1-3072903978: rpc error: code = Unknown desc = Identifier name 'trg_fkTblAssetPurchaseTrackingToTblBusinessViaIntBusinessID_upd_valid' is too long (errno 1059) (sqlstate 42000) during query: CREATE TRIGGER `trg_fkTblAssetPurchaseTrackingToTblBusinessViaIntBusinessID_upd_valid` BEFORE UPDATE ON `tblAssetPurchaseTracking`     FOR EACH ROW     BEGIN         IF NOT (NEW.`intBusinessID` <=> OLD.`intBusinessID`) THEN             IF (SELECT COUNT(*) FROM `tblBusiness` WHERE `id` = NEW.`intBusinessID`) = 0 THEN                 SIGNAL SQLSTATE '45000'                  SET MESSAGE_TEXT = 'FK Violation: fkTblAssetPurchaseTrackingToTblBusinessViaIntBusinessID - Referenced key not found in tblBusiness';             END IF;         END IF;     END
2026-02-11T16:59:36.686721,fkTblAssetPurchaseTrackingToTblBusinessViaIntBusinessID,trg_fkTblAssetPurchaseTrackingToTblBusinessViaIntBusinessID_del_parent,PARENT_DELETE_RESTRICT,FAILURE,"Code: 1 | Error: E0211 16:59:36.683317   68787 main.go:60] rpc error: code = Unknown desc = TabletManager.ExecuteFetchAsDba on zone1-3072903978: rpc error: code = Unknown desc = Identifier name 'trg_fkTblAssetPurchaseTrackingToTblBusinessViaIntBusinessID_del_parent' is too long (errno 1059) (sqlstate 42000) during query: CREATE TRIGGER `trg_fkTblAssetPurchaseTrackingToTblBusinessViaIntBusinessID_del_parent` BEFORE DELETE ON `tblBusiness`         FOR EACH ROW         BEGIN             IF (SELECT COUNT(*) FROM `tblAssetPurchaseTracking` WHERE `intBusinessID` = OLD.`id`) > 0 THEN                 SIGNAL SQLSTATE '45000'                  SET MESSAGE_TEXT = 'FK Violation: fkTblAssetPurchaseTrackingToTblBusinessViaIntBusinessID - Cannot delete, children exist in tblAssetPurchaseTracking';             END IF;         END"
2026-02-11T16:59:36.798579,fkTblAssetPurchaseTrackingToTblBusinessViaIntBusinessID,trg_fkTblAssetPurchaseTrackingToTblBusinessViaIntBusinessID_upd_parent,PARENT_UPDATE_RESTRICT,FAILURE,"Code: 1 | Error: E0211 16:59:36.794580   68788 main.go:60] rpc error: code = Unknown desc = TabletManager.ExecuteFetchAsDba on zone1-3072903978: rpc error: code = Unknown desc = Identifier name 'trg_fkTblAssetPurchaseTrackingToTblBusinessViaIntBusinessID_upd_parent' is too long (errno 1059) (sqlstate 42000) during query: CREATE TRIGGER `trg_fkTblAssetPurchaseTrackingToTblBusinessViaIntBusinessID_upd_parent` BEFORE UPDATE ON `tblBusiness`     FOR EACH ROW     BEGIN         IF NOT (NEW.`id` <=> OLD.`id`) THEN             IF (SELECT COUNT(*) FROM `tblAssetPurchaseTracking` WHERE `intBusinessID` = OLD.`id`) > 0 THEN                  SIGNAL SQLSTATE '45000'                   SET MESSAGE_TEXT = 'FK Violation: fkTblAssetPurchaseTrackingToTblBusinessViaIntBusinessID - Cannot update key, children exist in tblAssetPurchaseTracking';             END IF;         END IF;     END"
2026-02-11T16:59:36.916376,fkTblAssetUserToTblUserViaIntUserID,trg_fkTblAssetUserToTblUserViaIntUserID_ins_valid,CHILD_INSERT_VALIDATE,SUCCESS,Success
2026-02-11T16:59:37.034332,fkTblAssetUserToTblUserViaIntUserID,trg_fkTblAssetUserToTblUserViaIntUserID_upd_valid,CHILD_UPDATE_VALIDATE,SUCCESS,Success
2026-02-11T16:59:37.157628,fkTblAssetUserToTblUserViaIntUserID,trg_fkTblAssetUserToTblUserViaIntUserID_del_parent,PARENT_DELETE_CASCADE,SUCCESS,Success
2026-02-11T16:59:37.278830,fkTblAssetUserToTblUserViaIntUserID,trg_fkTblAssetUserToTblUserViaIntUserID_upd_parent,PARENT_UPDATE_RESTRICT,SUCCESS,Success
2026-02-11T16:59:37.392794,fkTblAuditLogToTblUserViaIntUserID,trg_fkTblAuditLogToTblUserViaIntUserID_ins_valid,CHILD_INSERT_VALIDATE,SUCCESS,Success
2026-02-11T16:59:37.504711,fkTblAuditLogToTblUserViaIntUserID,trg_fkTblAuditLogToTblUserViaIntUserID_upd_valid,CHILD_UPDATE_VALIDATE,SUCCESS,Success
2026-02-11T16:59:37.678954,fkTblAuditLogToTblUserViaIntUserID,trg_fkTblAuditLogToTblUserViaIntUserID_del_parent,PARENT_DELETE_RESTRICT,SUCCESS,Success
2026-02-11T16:59:37.817328,fkTblAuditLogToTblUserViaIntUserID,trg_fkTblAuditLogToTblUserViaIntUserID_upd_parent,PARENT_UPDATE_RESTRICT,SUCCESS,Success
2026-02-11T16:59:37.937558,fkTblAuthorizationToTblApiConsumerViaIntApiConsumerID,trg_fkTblAuthorizationToTblApiConsumerViaIntApiConsumerID_ins_valid,CHILD_INSERT_VALIDATE,FAILURE,Code: 1 | Error: E0211 16:59:37.932722   68797 main.go:60] rpc error: code = Unknown desc = TabletManager.ExecuteFetchAsDba on zone1-3072903978: rpc error: code = Unknown desc = Identifier name 'trg_fkTblAuthorizationToTblApiConsumerViaIntApiConsumerID_ins_valid' is too long (errno 1059) (sqlstate 42000) during query: CREATE TRIGGER `trg_fkTblAuthorizationToTblApiConsumerViaIntApiConsumerID_ins_valid` BEFORE INSERT ON `tblAuthorization`     FOR EACH ROW     BEGIN         IF (SELECT COUNT(*) FROM `tblApiConsumer` WHERE `id` = NEW.`intApiConsumerID`) = 0 THEN             SIGNAL SQLSTATE '45000'              SET MESSAGE_TEXT = 'FK Violation: fkTblAuthorizationToTblApiConsumerViaIntApiConsumerID - Referenced key not found in tblApiConsumer';         END IF;     END
2026-02-11T16:59:38.051645,fkTblAuthorizationToTblApiConsumerViaIntApiConsumerID,trg_fkTblAuthorizationToTblApiConsumerViaIntApiConsumerID_upd_valid,CHILD_UPDATE_VALIDATE,FAILURE,Code: 1 | Error: E0211 16:59:38.048197   68798 main.go:60] rpc error: code = Unknown desc = TabletManager.ExecuteFetchAsDba on zone1-3072903978: rpc error: code = Unknown desc = Identifier name 'trg_fkTblAuthorizationToTblApiConsumerViaIntApiConsumerID_upd_valid' is too long (errno 1059) (sqlstate 42000) during query: CREATE TRIGGER `trg_fkTblAuthorizationToTblApiConsumerViaIntApiConsumerID_upd_valid` BEFORE UPDATE ON `tblAuthorization`     FOR EACH ROW     BEGIN         IF NOT (NEW.`intApiConsumerID` <=> OLD.`intApiConsumerID`) THEN             IF (SELECT COUNT(*) FROM `tblApiConsumer` WHERE `id` = NEW.`intApiConsumerID`) = 0 THEN                 SIGNAL SQLSTATE '45000'                  SET MESSAGE_TEXT = 'FK Violation: fkTblAuthorizationToTblApiConsumerViaIntApiConsumerID - Referenced key not found in tblApiConsumer';             END IF;         END IF;     END
2026-02-11T16:59:38.160009,fkTblAuthorizationToTblApiConsumerViaIntApiConsumerID,trg_fkTblAuthorizationToTblApiConsumerViaIntApiConsumerID_del_parent,PARENT_DELETE_CASCADE,FAILURE,Code: 1 | Error: E0211 16:59:38.155975   68799 main.go:60] rpc error: code = Unknown desc = TabletManager.ExecuteFetchAsDba on zone1-3072903978: rpc error: code = Unknown desc = Identifier name 'trg_fkTblAuthorizationToTblApiConsumerViaIntApiConsumerID_del_parent' is too long (errno 1059) (sqlstate 42000) during query: CREATE TRIGGER `trg_fkTblAuthorizationToTblApiConsumerViaIntApiConsumerID_del_parent` BEFORE DELETE ON `tblApiConsumer`         FOR EACH ROW         BEGIN             DELETE FROM `tblAuthorization` WHERE `intApiConsumerID` = OLD.`id`;         END
2026-02-11T16:59:38.269055,fkTblAuthorizationToTblApiConsumerViaIntApiConsumerID,trg_fkTblAuthorizationToTblApiConsumerViaIntApiConsumerID_upd_parent,PARENT_UPDATE_RESTRICT,FAILURE,"Code: 1 | Error: E0211 16:59:38.265154   68800 main.go:60] rpc error: code = Unknown desc = TabletManager.ExecuteFetchAsDba on zone1-3072903978: rpc error: code = Unknown desc = Identifier name 'trg_fkTblAuthorizationToTblApiConsumerViaIntApiConsumerID_upd_parent' is too long (errno 1059) (sqlstate 42000) during query: CREATE TRIGGER `trg_fkTblAuthorizationToTblApiConsumerViaIntApiConsumerID_upd_parent` BEFORE UPDATE ON `tblApiConsumer`     FOR EACH ROW     BEGIN         IF NOT (NEW.`id` <=> OLD.`id`) THEN             IF (SELECT COUNT(*) FROM `tblAuthorization` WHERE `intApiConsumerID` = OLD.`id`) > 0 THEN                  SIGNAL SQLSTATE '45000'                   SET MESSAGE_TEXT = 'FK Violation: fkTblAuthorizationToTblApiConsumerViaIntApiConsumerID - Cannot update key, children exist in tblAuthorization';             END IF;         END IF;     END"
2026-02-11T16:59:38.382152,fkTblAuthorizationToTblUserViaIntUserId,trg_fkTblAuthorizationToTblUserViaIntUserId_ins_valid,CHILD_INSERT_VALIDATE,SUCCESS,Success
2026-02-11T16:59:38.493321,fkTblAuthorizationToTblUserViaIntUserId,trg_fkTblAuthorizationToTblUserViaIntUserId_upd_valid,CHILD_UPDATE_VALIDATE,SUCCESS,Success
2026-02-11T16:59:38.605568,fkTblAuthorizationToTblUserViaIntUserId,trg_fkTblAuthorizationToTblUserViaIntUserId_del_parent,PARENT_DELETE_RESTRICT,SUCCESS,Success
2026-02-11T16:59:38.718597,fkTblAuthorizationToTblUserViaIntUserId,trg_fkTblAuthorizationToTblUserViaIntUserId_upd_parent,PARENT_UPDATE_RESTRICT,SUCCESS,Success
2026-02-11T16:59:38.826545,fkTblBOMGroupToTblUserViaIntCreatedByUserID,trg_fkTblBOMGroupToTblUserViaIntCreatedByUserID_ins_valid,CHILD_INSERT_VALIDATE,SUCCESS,Success
2026-02-11T16:59:38.934487,fkTblBOMGroupToTblUserViaIntCreatedByUserID,trg_fkTblBOMGroupToTblUserViaIntCreatedByUserID_upd_valid,CHILD_UPDATE_VALIDATE,SUCCESS,Success
2026-02-11T16:59:39.047739,fkTblBOMGroupToTblUserViaIntCreatedByUserID,trg_fkTblBOMGroupToTblUserViaIntCreatedByUserID_del_parent,PARENT_DELETE_RESTRICT,SUCCESS,Success
2026-02-11T16:59:39.160108,fkTblBOMGroupToTblUserViaIntCreatedByUserID,trg_fkTblBOMGroupToTblUserViaIntCreatedByUserID_upd_parent,PARENT_UPDATE_RESTRICT,SUCCESS,Success
2026-02-11T16:59:39.319730,fkTblBOMGroupToTblUserViaIntLastUpdatedByUserID,trg_fkTblBOMGroupToTblUserViaIntLastUpdatedByUserID_ins_valid,CHILD_INSERT_VALIDATE,SUCCESS,Success
2026-02-11T16:59:39.502327,fkTblBOMGroupToTblUserViaIntLastUpdatedByUserID,trg_fkTblBOMGroupToTblUserViaIntLastUpdatedByUserID_upd_valid,CHILD_UPDATE_VALIDATE,SUCCESS,Success
2026-02-11T16:59:39.670975,fkTblBOMGroupToTblUserViaIntLastUpdatedByUserID,trg_fkTblBOMGroupToTblUserViaIntLastUpdatedByUserID_del_parent,PARENT_DELETE_RESTRICT,SUCCESS,Success
2026-02-11T16:59:39.792317,fkTblBOMGroupToTblUserViaIntLastUpdatedByUserID,trg_fkTblBOMGroupToTblUserViaIntLastUpdatedByUserID_upd_parent,PARENT_UPDATE_RESTRICT,SUCCESS,Success
2026-02-11T16:59:39.904285,fkTblBOMGroupPartToTblAssetViaIntAssetID,trg_fkTblBOMGroupPartToTblAssetViaIntAssetID_ins_valid,CHILD_INSERT_VALIDATE,SUCCESS,Success
2026-02-11T16:59:40.024579,fkTblBOMGroupPartToTblAssetViaIntAssetID,trg_fkTblBOMGroupPartToTblAssetViaIntAssetID_upd_valid,CHILD_UPDATE_VALIDATE,SUCCESS,Success
2026-02-11T16:59:40.148917,fkTblBOMGroupPartToTblAssetViaIntAssetID,trg_fkTblBOMGroupPartToTblAssetViaIntAssetID_del_parent,PARENT_DELETE_CASCADE,SUCCESS,Success
2026-02-11T16:59:40.269329,fkTblBOMGroupPartToTblAssetViaIntAssetID,trg_fkTblBOMGroupPartToTblAssetViaIntAssetID_upd_parent,PARENT_UPDATE_RESTRICT,SUCCESS,Success
2026-02-11T16:59:40.425537,fkTblBOMGroupPartToTblBOMGroupViaIntBOMGroupID,trg_fkTblBOMGroupPartToTblBOMGroupViaIntBOMGroupID_ins_valid,CHILD_INSERT_VALIDATE,SUCCESS,Success
2026-02-11T16:59:40.547320,fkTblBOMGroupPartToTblBOMGroupViaIntBOMGroupID,trg_fkTblBOMGroupPartToTblBOMGroupViaIntBOMGroupID_upd_valid,CHILD_UPDATE_VALIDATE,SUCCESS,Success
2026-02-11T16:59:40.659593,fkTblBOMGroupPartToTblBOMGroupViaIntBOMGroupID,trg_fkTblBOMGroupPartToTblBOMGroupViaIntBOMGroupID_del_parent,PARENT_DELETE_CASCADE,SUCCESS,Success
2026-02-11T16:59:40.772788,fkTblBOMGroupPartToTblBOMGroupViaIntBOMGroupID,trg_fkTblBOMGroupPartToTblBOMGroupViaIntBOMGroupID_upd_parent,PARENT_UPDATE_RESTRICT,SUCCESS,Success
2026-02-11T16:59:40.887567,fkTblBrandingToTblFileContentsViaIntFileContentsID,trg_fkTblBrandingToTblFileContentsViaIntFileContentsID_ins_valid,CHILD_INSERT_VALIDATE,SUCCESS,Success
2026-02-11T16:59:40.999300,fkTblBrandingToTblFileContentsViaIntFileContentsID,trg_fkTblBrandingToTblFileContentsViaIntFileContentsID_upd_valid,CHILD_UPDATE_VALIDATE,SUCCESS,Success
2026-02-11T16:59:41.156101,fkTblBrandingToTblFileContentsViaIntFileContentsID,trg_fkTblBrandingToTblFileContentsViaIntFileContentsID_del_parent,PARENT_DELETE_CASCADE,FAILURE,Code: 1 | Error: E0211 16:59:41.151082   68957 main.go:60] rpc error: code = Unknown desc = TabletManager.ExecuteFetchAsDba on zone1-3072903978: rpc error: code = Unknown desc = Identifier name 'trg_fkTblBrandingToTblFileContentsViaIntFileContentsID_del_parent' is too long (errno 1059) (sqlstate 42000) during query: CREATE TRIGGER `trg_fkTblBrandingToTblFileContentsViaIntFileContentsID_del_parent` BEFORE DELETE ON `tblFileContents`         FOR EACH ROW         BEGIN             DELETE FROM `tblBranding` WHERE `intFileContentsID` = OLD.`id`;         END
2026-02-11T16:59:41.295045,fkTblBrandingToTblFileContentsViaIntFileContentsID,trg_fkTblBrandingToTblFileContentsViaIntFileContentsID_upd_parent,PARENT_UPDATE_RESTRICT,FAILURE,"Code: 1 | Error: E0211 16:59:41.289666   68958 main.go:60] rpc error: code = Unknown desc = TabletManager.ExecuteFetchAsDba on zone1-3072903978: rpc error: code = Unknown desc = Identifier name 'trg_fkTblBrandingToTblFileContentsViaIntFileContentsID_upd_parent' is too long (errno 1059) (sqlstate 42000) during query: CREATE TRIGGER `trg_fkTblBrandingToTblFileContentsViaIntFileContentsID_upd_parent` BEFORE UPDATE ON `tblFileContents`     FOR EACH ROW     BEGIN         IF NOT (NEW.`id` <=> OLD.`id`) THEN             IF (SELECT COUNT(*) FROM `tblBranding` WHERE `intFileContentsID` = OLD.`id`) > 0 THEN                  SIGNAL SQLSTATE '45000'                   SET MESSAGE_TEXT = 'FK Violation: fkTblBrandingToTblFileContentsViaIntFileContentsID - Cannot update key, children exist in tblBranding';             END IF;         END IF;     END"
2026-02-11T16:59:41.451076,fkTblBusinessToTblMASourceSellerViaIntMASourceSellerID,trg_fkTblBusinessToTblMASourceSellerViaIntMASourceSellerID_ins_valid,CHILD_INSERT_VALIDATE,FAILURE,Code: 1 | Error: E0211 16:59:41.447422   68959 main.go:60] rpc error: code = Unknown desc = TabletManager.ExecuteFetchAsDba on zone1-3072903978: rpc error: code = Unknown desc = Identifier name 'trg_fkTblBusinessToTblMASourceSellerViaIntMASourceSellerID_ins_valid' is too long (errno 1059) (sqlstate 42000) during query: CREATE TRIGGER `trg_fkTblBusinessToTblMASourceSellerViaIntMASourceSellerID_ins_valid` BEFORE INSERT ON `tblBusiness`     FOR EACH ROW     BEGIN         IF (SELECT COUNT(*) FROM `tblMASourceSeller` WHERE `id` = NEW.`intMASourceSellerID`) = 0 THEN             SIGNAL SQLSTATE '45000'              SET MESSAGE_TEXT = 'FK Violation: fkTblBusinessToTblMASourceSellerViaIntMASourceSellerID - Referenced key not found in tblMASourceSeller';         END IF;     END
2026-02-11T16:59:41.611140,fkTblBusinessToTblMASourceSellerViaIntMASourceSellerID,trg_fkTblBusinessToTblMASourceSellerViaIntMASourceSellerID_upd_valid,CHILD_UPDATE_VALIDATE,FAILURE,Code: 1 | Error: E0211 16:59:41.606248   68960 main.go:60] rpc error: code = Unknown desc = TabletManager.ExecuteFetchAsDba on zone1-3072903978: rpc error: code = Unknown desc = Identifier name 'trg_fkTblBusinessToTblMASourceSellerViaIntMASourceSellerID_upd_valid' is too long (errno 1059) (sqlstate 42000) during query: CREATE TRIGGER `trg_fkTblBusinessToTblMASourceSellerViaIntMASourceSellerID_upd_valid` BEFORE UPDATE ON `tblBusiness`     FOR EACH ROW     BEGIN         IF NOT (NEW.`intMASourceSellerID` <=> OLD.`intMASourceSellerID`) THEN             IF (SELECT COUNT(*) FROM `tblMASourceSeller` WHERE `id` = NEW.`intMASourceSellerID`) = 0 THEN                 SIGNAL SQLSTATE '45000'                  SET MESSAGE_TEXT = 'FK Violation: fkTblBusinessToTblMASourceSellerViaIntMASourceSellerID - Referenced key not found in tblMASourceSeller';             END IF;         END IF;     END
2026-02-11T16:59:41.724314,fkTblBusinessToTblMASourceSellerViaIntMASourceSellerID,trg_fkTblBusinessToTblMASourceSellerViaIntMASourceSellerID_del_parent,PARENT_DELETE_RESTRICT,FAILURE,"Code: 1 | Error: E0211 16:59:41.720760   68961 main.go:60] rpc error: code = Unknown desc = TabletManager.ExecuteFetchAsDba on zone1-3072903978: rpc error: code = Unknown desc = Identifier name 'trg_fkTblBusinessToTblMASourceSellerViaIntMASourceSellerID_del_parent' is too long (errno 1059) (sqlstate 42000) during query: CREATE TRIGGER `trg_fkTblBusinessToTblMASourceSellerViaIntMASourceSellerID_del_parent` BEFORE DELETE ON `tblMASourceSeller`         FOR EACH ROW         BEGIN             IF (SELECT COUNT(*) FROM `tblBusiness` WHERE `intMASourceSellerID` = OLD.`id`) > 0 THEN                 SIGNAL SQLSTATE '45000'                  SET MESSAGE_TEXT = 'FK Violation: fkTblBusinessToTblMASourceSellerViaIntMASourceSellerID - Cannot delete, children exist in tblBusiness';             END IF;         END"
2026-02-11T16:59:41.845255,fkTblBusinessToTblMASourceSellerViaIntMASourceSellerID,trg_fkTblBusinessToTblMASourceSellerViaIntMASourceSellerID_upd_parent,PARENT_UPDATE_RESTRICT,FAILURE,"Code: 1 | Error: E0211 16:59:41.840691   68962 main.go:60] rpc error: code = Unknown desc = TabletManager.ExecuteFetchAsDba on zone1-3072903978: rpc error: code = Unknown desc = Identifier name 'trg_fkTblBusinessToTblMASourceSellerViaIntMASourceSellerID_upd_parent' is too long (errno 1059) (sqlstate 42000) during query: CREATE TRIGGER `trg_fkTblBusinessToTblMASourceSellerViaIntMASourceSellerID_upd_parent` BEFORE UPDATE ON `tblMASourceSeller`     FOR EACH ROW     BEGIN         IF NOT (NEW.`id` <=> OLD.`id`) THEN             IF (SELECT COUNT(*) FROM `tblBusiness` WHERE `intMASourceSellerID` = OLD.`id`) > 0 THEN                  SIGNAL SQLSTATE '45000'                   SET MESSAGE_TEXT = 'FK Violation: fkTblBusinessToTblMASourceSellerViaIntMASourceSellerID - Cannot update key, children exist in tblBusiness';             END IF;         END IF;     END"
2026-02-11T16:59:41.965868,fkTblBusinessToTblTemplateViaIntRFQTemplateID,trg_fkTblBusinessToTblTemplateViaIntRFQTemplateID_ins_valid,CHILD_INSERT_VALIDATE,SUCCESS,Success
2026-02-11T16:59:42.088747,fkTblBusinessToTblTemplateViaIntRFQTemplateID,trg_fkTblBusinessToTblTemplateViaIntRFQTemplateID_upd_valid,CHILD_UPDATE_VALIDATE,SUCCESS,Success
2026-02-11T16:59:42.259323,fkTblBusinessToTblTemplateViaIntRFQTemplateID,trg_fkTblBusinessToTblTemplateViaIntRFQTemplateID_del_parent,PARENT_DELETE_RESTRICT,SUCCESS,Success
2026-02-11T16:59:42.375593,fkTblBusinessToTblTemplateViaIntRFQTemplateID,trg_fkTblBusinessToTblTemplateViaIntRFQTemplateID_upd_parent,PARENT_UPDATE_RESTRICT,SUCCESS,Success
2026-02-11T16:59:42.491272,fkTblBusinessContactToTblBusinessViaIntBusinessID,trg_fkTblBusinessContactToTblBusinessViaIntBusinessID_ins_valid,CHILD_INSERT_VALIDATE,SUCCESS,Success
2026-02-11T16:59:42.610583,fkTblBusinessContactToTblBusinessViaIntBusinessID,trg_fkTblBusinessContactToTblBusinessViaIntBusinessID_upd_valid,CHILD_UPDATE_VALIDATE,SUCCESS,Success
2026-02-11T16:59:42.723786,fkTblBusinessContactToTblBusinessViaIntBusinessID,trg_fkTblBusinessContactToTblBusinessViaIntBusinessID_del_parent,PARENT_DELETE_CASCADE,SUCCESS,Success
2026-02-11T16:59:42.879845,fkTblBusinessContactToTblBusinessViaIntBusinessID,trg_fkTblBusinessContactToTblBusinessViaIntBusinessID_upd_parent,PARENT_UPDATE_RESTRICT,SUCCESS,Success
2026-02-11T16:59:43.048829,fkTblBusinessContactToTblUserViaIntUserID,trg_fkTblBusinessContactToTblUserViaIntUserID_ins_valid,CHILD_INSERT_VALIDATE,SUCCESS,Success
2026-02-11T16:59:43.164008,fkTblBusinessContactToTblUserViaIntUserID,trg_fkTblBusinessContactToTblUserViaIntUserID_upd_valid,CHILD_UPDATE_VALIDATE,SUCCESS,Success
2026-02-11T16:59:43.285424,fkTblBusinessContactToTblUserViaIntUserID,trg_fkTblBusinessContactToTblUserViaIntUserID_del_parent,PARENT_DELETE_CASCADE,SUCCESS,Success
2026-02-11T16:59:43.450765,fkTblBusinessContactToTblUserViaIntUserID,trg_fkTblBusinessContactToTblUserViaIntUserID_upd_parent,PARENT_UPDATE_RESTRICT,SUCCESS,Success
2026-02-11T16:59:43.567164,fkTblBusinessRoleToTblBusinessGroupViaIntBusinessGroupID,trg_fkTblBusinessRoleToTblBusinessGroupViaIntBusinessGroupID_ins_valid,CHILD_INSERT_VALIDATE,FAILURE,Code: 1 | Error: E0211 16:59:43.563286   68975 main.go:60] rpc error: code = Unknown desc = TabletManager.ExecuteFetchAsDba on zone1-3072903978: rpc error: code = Unknown desc = Identifier name 'trg_fkTblBusinessRoleToTblBusinessGroupViaIntBusinessGroupID_ins_valid' is too long (errno 1059) (sqlstate 42000) during query: CREATE TRIGGER `trg_fkTblBusinessRoleToTblBusinessGroupViaIntBusinessGroupID_ins_valid` BEFORE INSERT ON `tblBusinessRole`     FOR EACH ROW     BEGIN         IF (SELECT COUNT(*) FROM `tblBusinessGroup` WHERE `id` = NEW.`intBusinessGroupID`) = 0 THEN             SIGNAL SQLSTATE '45000'              SET MESSAGE_TEXT = 'FK Violation: fkTblBusinessRoleToTblBusinessGroupViaIntBusinessGroupID - Referenced key not found in tblBusinessGroup';         END IF;     END
2026-02-11T16:59:43.673294,fkTblBusinessRoleToTblBusinessGroupViaIntBusinessGroupID,trg_fkTblBusinessRoleToTblBusinessGroupViaIntBusinessGroupID_upd_valid,CHILD_UPDATE_VALIDATE,FAILURE,Code: 1 | Error: E0211 16:59:43.670136   68978 main.go:60] rpc error: code = Unknown desc = TabletManager.ExecuteFetchAsDba on zone1-3072903978: rpc error: code = Unknown desc = Identifier name 'trg_fkTblBusinessRoleToTblBusinessGroupViaIntBusinessGroupID_upd_valid' is too long (errno 1059) (sqlstate 42000) during query: CREATE TRIGGER `trg_fkTblBusinessRoleToTblBusinessGroupViaIntBusinessGroupID_upd_valid` BEFORE UPDATE ON `tblBusinessRole`     FOR EACH ROW     BEGIN         IF NOT (NEW.`intBusinessGroupID` <=> OLD.`intBusinessGroupID`) THEN             IF (SELECT COUNT(*) FROM `tblBusinessGroup` WHERE `id` = NEW.`intBusinessGroupID`) = 0 THEN                 SIGNAL SQLSTATE '45000'                  SET MESSAGE_TEXT = 'FK Violation: fkTblBusinessRoleToTblBusinessGroupViaIntBusinessGroupID - Referenced key not found in tblBusinessGroup';             END IF;         END IF;     END
2026-02-11T16:59:43.790838,fkTblBusinessRoleToTblBusinessGroupViaIntBusinessGroupID,trg_fkTblBusinessRoleToTblBusinessGroupViaIntBusinessGroupID_del_parent,PARENT_DELETE_RESTRICT,FAILURE,"Code: 1 | Error: E0211 16:59:43.787113   68979 main.go:60] rpc error: code = Unknown desc = TabletManager.ExecuteFetchAsDba on zone1-3072903978: rpc error: code = Unknown desc = Identifier name 'trg_fkTblBusinessRoleToTblBusinessGroupViaIntBusinessGroupID_del_parent' is too long (errno 1059) (sqlstate 42000) during query: CREATE TRIGGER `trg_fkTblBusinessRoleToTblBusinessGroupViaIntBusinessGroupID_del_parent` BEFORE DELETE ON `tblBusinessGroup`         FOR EACH ROW         BEGIN             IF (SELECT COUNT(*) FROM `tblBusinessRole` WHERE `intBusinessGroupID` = OLD.`id`) > 0 THEN                 SIGNAL SQLSTATE '45000'                  SET MESSAGE_TEXT = 'FK Violation: fkTblBusinessRoleToTblBusinessGroupViaIntBusinessGroupID - Cannot delete, children exist in tblBusinessRole';             END IF;         END"
2026-02-11T16:59:43.895798,fkTblBusinessRoleToTblBusinessGroupViaIntBusinessGroupID,trg_fkTblBusinessRoleToTblBusinessGroupViaIntBusinessGroupID_upd_parent,PARENT_UPDATE_RESTRICT,FAILURE,"Code: 1 | Error: E0211 16:59:43.892324   68980 main.go:60] rpc error: code = Unknown desc = TabletManager.ExecuteFetchAsDba on zone1-3072903978: rpc error: code = Unknown desc = Identifier name 'trg_fkTblBusinessRoleToTblBusinessGroupViaIntBusinessGroupID_upd_parent' is too long (errno 1059) (sqlstate 42000) during query: CREATE TRIGGER `trg_fkTblBusinessRoleToTblBusinessGroupViaIntBusinessGroupID_upd_parent` BEFORE UPDATE ON `tblBusinessGroup`     FOR EACH ROW     BEGIN         IF NOT (NEW.`id` <=> OLD.`id`) THEN             IF (SELECT COUNT(*) FROM `tblBusinessRole` WHERE `intBusinessGroupID` = OLD.`id`) > 0 THEN                  SIGNAL SQLSTATE '45000'                   SET MESSAGE_TEXT = 'FK Violation: fkTblBusinessRoleToTblBusinessGroupViaIntBusinessGroupID - Cannot update key, children exist in tblBusinessRole';             END IF;         END IF;     END"
2026-02-11T16:59:44.009075,fkTblBusinessRoleToTblBusinessViaIntBusinessID,trg_fkTblBusinessRoleToTblBusinessViaIntBusinessID_ins_valid,CHILD_INSERT_VALIDATE,SUCCESS,Success
2026-02-11T16:59:44.126613,fkTblBusinessRoleToTblBusinessViaIntBusinessID,trg_fkTblBusinessRoleToTblBusinessViaIntBusinessID_upd_valid,CHILD_UPDATE_VALIDATE,SUCCESS,Success
2026-02-11T16:59:44.246094,fkTblBusinessRoleToTblBusinessViaIntBusinessID,trg_fkTblBusinessRoleToTblBusinessViaIntBusinessID_del_parent,PARENT_DELETE_RESTRICT,SUCCESS,Success
2026-02-11T16:59:44.360511,fkTblBusinessRoleToTblBusinessViaIntBusinessID,trg_fkTblBusinessRoleToTblBusinessViaIntBusinessID_upd_parent,PARENT_UPDATE_RESTRICT,SUCCESS,Success
2026-02-11T16:59:44.474893,fkTblCalendarEventToTblScheduleTriggerViaIntScheduleTriggerID,trg_fkTblCalendarEventToTblScheduleTriggerViaIntScheduleTriggerID_ins_valid,CHILD_INSERT_VALIDATE,FAILURE,Code: 1 | Error: E0211 16:59:44.469268   68985 main.go:60] rpc error: code = Unknown desc = TabletManager.ExecuteFetchAsDba on zone1-3072903978: rpc error: code = Unknown desc = Identifier name 'trg_fkTblCalendarEventToTblScheduleTriggerViaIntScheduleTriggerID_ins_valid' is too long (errno 1059) (sqlstate 42000) during query: CREATE TRIGGER `trg_fkTblCalendarEventToTblScheduleTriggerViaIntScheduleTriggerID_ins_valid` BEFORE INSERT ON `tblCalendarEvent`     FOR EACH ROW     BEGIN         IF (SELECT COUNT(*) FROM `tblScheduleTrigger` WHERE `id` = NEW.`intScheduleTriggerID`) = 0 THEN             SIGNAL SQLSTATE '45000'              SET MESSAGE_TEXT = 'FK Violation: fkTblCalendarEventToTblScheduleTriggerViaIntScheduleTriggerID - Referenced key not found in tblScheduleTrigger';         END IF;     END
2026-02-11T16:59:44.597338,fkTblCalendarEventToTblScheduleTriggerViaIntScheduleTriggerID,trg_fkTblCalendarEventToTblScheduleTriggerViaIntScheduleTriggerID_upd_valid,CHILD_UPDATE_VALIDATE,FAILURE,Code: 1 | Error: E0211 16:59:44.579627   68986 main.go:60] rpc error: code = Unknown desc = TabletManager.ExecuteFetchAsDba on zone1-3072903978: rpc error: code = Unknown desc = Identifier name 'trg_fkTblCalendarEventToTblScheduleTriggerViaIntScheduleTriggerID_upd_valid' is too long (errno 1059) (sqlstate 42000) during query: CREATE TRIGGER `trg_fkTblCalendarEventToTblScheduleTriggerViaIntScheduleTriggerID_upd_valid` BEFORE UPDATE ON `tblCalendarEvent`     FOR EACH ROW     BEGIN         IF NOT (NEW.`intScheduleTriggerID` <=> OLD.`intScheduleTriggerID`) THEN             IF (SELECT COUNT(*) FROM `tblScheduleTrigger` WHERE `id` = NEW.`intScheduleTriggerID`) = 0 THEN                 SIGNAL SQLSTATE '45000'                  SET MESSAGE_TEXT = 'FK Violation: fkTblCalendarEventToTblScheduleTriggerViaIntScheduleTriggerID - Referenced key not found in tblScheduleTrigger';             END IF;         END IF;     END
2026-02-11T16:59:44.709262,fkTblCalendarEventToTblScheduleTriggerViaIntScheduleTriggerID,trg_fkTblCalendarEventToTblScheduleTriggerViaIntScheduleTriggerID_del_parent,PARENT_DELETE_CASCADE,FAILURE,Code: 1 | Error: E0211 16:59:44.705710   68987 main.go:60] rpc error: code = Unknown desc = TabletManager.ExecuteFetchAsDba on zone1-3072903978: rpc error: code = Unknown desc = Identifier name 'trg_fkTblCalendarEventToTblScheduleTriggerViaIntScheduleTriggerID_del_parent' is too long (errno 1059) (sqlstate 42000) during query: CREATE TRIGGER `trg_fkTblCalendarEventToTblScheduleTriggerViaIntScheduleTriggerID_del_parent` BEFORE DELETE ON `tblScheduleTrigger`         FOR EACH ROW         BEGIN             DELETE FROM `tblCalendarEvent` WHERE `intScheduleTriggerID` = OLD.`id`;         END
2026-02-11T16:59:44.815397,fkTblCalendarEventToTblScheduleTriggerViaIntScheduleTriggerID,trg_fkTblCalendarEventToTblScheduleTriggerViaIntScheduleTriggerID_upd_parent,PARENT_UPDATE_RESTRICT,FAILURE,"Code: 1 | Error: E0211 16:59:44.811870   68988 main.go:60] rpc error: code = Unknown desc = TabletManager.ExecuteFetchAsDba on zone1-3072903978: rpc error: code = Unknown desc = Identifier name 'trg_fkTblCalendarEventToTblScheduleTriggerViaIntScheduleTriggerID_upd_parent' is too long (errno 1059) (sqlstate 42000) during query: CREATE TRIGGER `trg_fkTblCalendarEventToTblScheduleTriggerViaIntScheduleTriggerID_upd_parent` BEFORE UPDATE ON `tblScheduleTrigger`     FOR EACH ROW     BEGIN         IF NOT (NEW.`id` <=> OLD.`id`) THEN             IF (SELECT COUNT(*) FROM `tblCalendarEvent` WHERE `intScheduleTriggerID` = OLD.`id`) > 0 THEN                  SIGNAL SQLSTATE '45000'                   SET MESSAGE_TEXT = 'FK Violation: fkTblCalendarEventToTblScheduleTriggerViaIntScheduleTriggerID - Cannot update key, children exist in tblCalendarEvent';             END IF;         END IF;     END"
2026-02-11T16:59:44.929042,fkTblCategorySettingToTblAssetCategoryViaIntCategoryID,trg_fkTblCategorySettingToTblAssetCategoryViaIntCategoryID_ins_valid,CHILD_INSERT_VALIDATE,FAILURE,Code: 1 | Error: E0211 16:59:44.923988   68989 main.go:60] rpc error: code = Unknown desc = TabletManager.ExecuteFetchAsDba on zone1-3072903978: rpc error: code = Unknown desc = Identifier name 'trg_fkTblCategorySettingToTblAssetCategoryViaIntCategoryID_ins_valid' is too long (errno 1059) (sqlstate 42000) during query: CREATE TRIGGER `trg_fkTblCategorySettingToTblAssetCategoryViaIntCategoryID_ins_valid` BEFORE INSERT ON `tblCategorySetting`     FOR EACH ROW     BEGIN         IF (SELECT COUNT(*) FROM `tblAssetCategory` WHERE `id` = NEW.`intCategoryID`) = 0 THEN             SIGNAL SQLSTATE '45000'              SET MESSAGE_TEXT = 'FK Violation: fkTblCategorySettingToTblAssetCategoryViaIntCategoryID - Referenced key not found in tblAssetCategory';         END IF;     END
2026-02-11T16:59:45.049971,fkTblCategorySettingToTblAssetCategoryViaIntCategoryID,trg_fkTblCategorySettingToTblAssetCategoryViaIntCategoryID_upd_valid,CHILD_UPDATE_VALIDATE,FAILURE,Code: 1 | Error: E0211 16:59:45.044882   68990 main.go:60] rpc error: code = Unknown desc = TabletManager.ExecuteFetchAsDba on zone1-3072903978: rpc error: code = Unknown desc = Identifier name 'trg_fkTblCategorySettingToTblAssetCategoryViaIntCategoryID_upd_valid' is too long (errno 1059) (sqlstate 42000) during query: CREATE TRIGGER `trg_fkTblCategorySettingToTblAssetCategoryViaIntCategoryID_upd_valid` BEFORE UPDATE ON `tblCategorySetting`     FOR EACH ROW     BEGIN         IF NOT (NEW.`intCategoryID` <=> OLD.`intCategoryID`) THEN             IF (SELECT COUNT(*) FROM `tblAssetCategory` WHERE `id` = NEW.`intCategoryID`) = 0 THEN                 SIGNAL SQLSTATE '45000'                  SET MESSAGE_TEXT = 'FK Violation: fkTblCategorySettingToTblAssetCategoryViaIntCategoryID - Referenced key not found in tblAssetCategory';             END IF;         END IF;     END
2026-02-11T16:59:45.166405,fkTblCategorySettingToTblAssetCategoryViaIntCategoryID,trg_fkTblCategorySettingToTblAssetCategoryViaIntCategoryID_del_parent,PARENT_DELETE_CASCADE,FAILURE,Code: 1 | Error: E0211 16:59:45.162252   68991 main.go:60] rpc error: code = Unknown desc = TabletManager.ExecuteFetchAsDba on zone1-3072903978: rpc error: code = Unknown desc = Identifier name 'trg_fkTblCategorySettingToTblAssetCategoryViaIntCategoryID_del_parent' is too long (errno 1059) (sqlstate 42000) during query: CREATE TRIGGER `trg_fkTblCategorySettingToTblAssetCategoryViaIntCategoryID_del_parent` BEFORE DELETE ON `tblAssetCategory`         FOR EACH ROW         BEGIN             DELETE FROM `tblCategorySetting` WHERE `intCategoryID` = OLD.`id`;         END
2026-02-11T16:59:45.319068,fkTblCategorySettingToTblAssetCategoryViaIntCategoryID,trg_fkTblCategorySettingToTblAssetCategoryViaIntCategoryID_upd_parent,PARENT_UPDATE_RESTRICT,FAILURE,"Code: 1 | Error: E0211 16:59:45.313896   68992 main.go:60] rpc error: code = Unknown desc = TabletManager.ExecuteFetchAsDba on zone1-3072903978: rpc error: code = Unknown desc = Identifier name 'trg_fkTblCategorySettingToTblAssetCategoryViaIntCategoryID_upd_parent' is too long (errno 1059) (sqlstate 42000) during query: CREATE TRIGGER `trg_fkTblCategorySettingToTblAssetCategoryViaIntCategoryID_upd_parent` BEFORE UPDATE ON `tblAssetCategory`     FOR EACH ROW     BEGIN         IF NOT (NEW.`id` <=> OLD.`id`) THEN             IF (SELECT COUNT(*) FROM `tblCategorySetting` WHERE `intCategoryID` = OLD.`id`) > 0 THEN                  SIGNAL SQLSTATE '45000'                   SET MESSAGE_TEXT = 'FK Violation: fkTblCategorySettingToTblAssetCategoryViaIntCategoryID - Cannot update key, children exist in tblCategorySetting';             END IF;         END IF;     END"
2026-02-11T16:59:45.459253,fkTblCreditCardToTblPaymentProfileViaIntPaymentProfileID,trg_fkTblCreditCardToTblPaymentProfileViaIntPaymentProfileID_ins_valid,CHILD_INSERT_VALIDATE,FAILURE,Code: 1 | Error: E0211 16:59:45.445341   68993 main.go:60] rpc error: code = Unknown desc = TabletManager.ExecuteFetchAsDba on zone1-3072903978: rpc error: code = Unknown desc = Identifier name 'trg_fkTblCreditCardToTblPaymentProfileViaIntPaymentProfileID_ins_valid' is too long (errno 1059) (sqlstate 42000) during query: CREATE TRIGGER `trg_fkTblCreditCardToTblPaymentProfileViaIntPaymentProfileID_ins_valid` BEFORE INSERT ON `tblCreditCard`     FOR EACH ROW     BEGIN         IF (SELECT COUNT(*) FROM `tblPaymentProfile` WHERE `id` = NEW.`intPaymentProfileID`) = 0 THEN             SIGNAL SQLSTATE '45000'              SET MESSAGE_TEXT = 'FK Violation: fkTblCreditCardToTblPaymentProfileViaIntPaymentProfileID - Referenced key not found in tblPaymentProfile';         END IF;     END
2026-02-11T16:59:45.581382,fkTblCreditCardToTblPaymentProfileViaIntPaymentProfileID,trg_fkTblCreditCardToTblPaymentProfileViaIntPaymentProfileID_upd_valid,CHILD_UPDATE_VALIDATE,FAILURE,Code: 1 | Error: E0211 16:59:45.576846   68994 main.go:60] rpc error: code = Unknown desc = TabletManager.ExecuteFetchAsDba on zone1-3072903978: rpc error: code = Unknown desc = Identifier name 'trg_fkTblCreditCardToTblPaymentProfileViaIntPaymentProfileID_upd_valid' is too long (errno 1059) (sqlstate 42000) during query: CREATE TRIGGER `trg_fkTblCreditCardToTblPaymentProfileViaIntPaymentProfileID_upd_valid` BEFORE UPDATE ON `tblCreditCard`     FOR EACH ROW     BEGIN         IF NOT (NEW.`intPaymentProfileID` <=> OLD.`intPaymentProfileID`) THEN             IF (SELECT COUNT(*) FROM `tblPaymentProfile` WHERE `id` = NEW.`intPaymentProfileID`) = 0 THEN                 SIGNAL SQLSTATE '45000'                  SET MESSAGE_TEXT = 'FK Violation: fkTblCreditCardToTblPaymentProfileViaIntPaymentProfileID - Referenced key not found in tblPaymentProfile';             END IF;         END IF;     END
2026-02-11T16:59:45.688138,fkTblCreditCardToTblPaymentProfileViaIntPaymentProfileID,trg_fkTblCreditCardToTblPaymentProfileViaIntPaymentProfileID_del_parent,PARENT_DELETE_CASCADE,FAILURE,Code: 1 | Error: E0211 16:59:45.685068   68995 main.go:60] rpc error: code = Unknown desc = TabletManager.ExecuteFetchAsDba on zone1-3072903978: rpc error: code = Unknown desc = Identifier name 'trg_fkTblCreditCardToTblPaymentProfileViaIntPaymentProfileID_del_parent' is too long (errno 1059) (sqlstate 42000) during query: CREATE TRIGGER `trg_fkTblCreditCardToTblPaymentProfileViaIntPaymentProfileID_del_parent` BEFORE DELETE ON `tblPaymentProfile`         FOR EACH ROW         BEGIN             DELETE FROM `tblCreditCard` WHERE `intPaymentProfileID` = OLD.`id`;         END
2026-02-11T16:59:45.797583,fkTblCreditCardToTblPaymentProfileViaIntPaymentProfileID,trg_fkTblCreditCardToTblPaymentProfileViaIntPaymentProfileID_upd_parent,PARENT_UPDATE_RESTRICT,FAILURE,"Code: 1 | Error: E0211 16:59:45.794111   68996 main.go:60] rpc error: code = Unknown desc = TabletManager.ExecuteFetchAsDba on zone1-3072903978: rpc error: code = Unknown desc = Identifier name 'trg_fkTblCreditCardToTblPaymentProfileViaIntPaymentProfileID_upd_parent' is too long (errno 1059) (sqlstate 42000) during query: CREATE TRIGGER `trg_fkTblCreditCardToTblPaymentProfileViaIntPaymentProfileID_upd_parent` BEFORE UPDATE ON `tblPaymentProfile`     FOR EACH ROW     BEGIN         IF NOT (NEW.`id` <=> OLD.`id`) THEN             IF (SELECT COUNT(*) FROM `tblCreditCard` WHERE `intPaymentProfileID` = OLD.`id`) > 0 THEN                  SIGNAL SQLSTATE '45000'                   SET MESSAGE_TEXT = 'FK Violation: fkTblCreditCardToTblPaymentProfileViaIntPaymentProfileID - Cannot update key, children exist in tblCreditCard';             END IF;         END IF;     END"
2026-02-11T16:59:45.907290,fkTblCustomFieldToTblAssetCategoryViaIntAssetCategoryID,trg_fkTblCustomFieldToTblAssetCategoryViaIntAssetCategoryID_ins_valid,CHILD_INSERT_VALIDATE,FAILURE,Code: 1 | Error: E0211 16:59:45.903474   68997 main.go:60] rpc error: code = Unknown desc = TabletManager.ExecuteFetchAsDba on zone1-3072903978: rpc error: code = Unknown desc = Identifier name 'trg_fkTblCustomFieldToTblAssetCategoryViaIntAssetCategoryID_ins_valid' is too long (errno 1059) (sqlstate 42000) during query: CREATE TRIGGER `trg_fkTblCustomFieldToTblAssetCategoryViaIntAssetCategoryID_ins_valid` BEFORE INSERT ON `tblCustomField`     FOR EACH ROW     BEGIN         IF (SELECT COUNT(*) FROM `tblAssetCategory` WHERE `id` = NEW.`intAssetCategoryID`) = 0 THEN             SIGNAL SQLSTATE '45000'              SET MESSAGE_TEXT = 'FK Violation: fkTblCustomFieldToTblAssetCategoryViaIntAssetCategoryID - Referenced key not found in tblAssetCategory';         END IF;     END
2026-02-11T16:59:46.015881,fkTblCustomFieldToTblAssetCategoryViaIntAssetCategoryID,trg_fkTblCustomFieldToTblAssetCategoryViaIntAssetCategoryID_upd_valid,CHILD_UPDATE_VALIDATE,FAILURE,Code: 1 | Error: E0211 16:59:46.011974   68998 main.go:60] rpc error: code = Unknown desc = TabletManager.ExecuteFetchAsDba on zone1-3072903978: rpc error: code = Unknown desc = Identifier name 'trg_fkTblCustomFieldToTblAssetCategoryViaIntAssetCategoryID_upd_valid' is too long (errno 1059) (sqlstate 42000) during query: CREATE TRIGGER `trg_fkTblCustomFieldToTblAssetCategoryViaIntAssetCategoryID_upd_valid` BEFORE UPDATE ON `tblCustomField`     FOR EACH ROW     BEGIN         IF NOT (NEW.`intAssetCategoryID` <=> OLD.`intAssetCategoryID`) THEN             IF (SELECT COUNT(*) FROM `tblAssetCategory` WHERE `id` = NEW.`intAssetCategoryID`) = 0 THEN                 SIGNAL SQLSTATE '45000'                  SET MESSAGE_TEXT = 'FK Violation: fkTblCustomFieldToTblAssetCategoryViaIntAssetCategoryID - Referenced key not found in tblAssetCategory';             END IF;         END IF;     END
2026-02-11T16:59:46.132750,fkTblCustomFieldToTblAssetCategoryViaIntAssetCategoryID,trg_fkTblCustomFieldToTblAssetCategoryViaIntAssetCategoryID_del_parent,PARENT_DELETE_RESTRICT,FAILURE,"Code: 1 | Error: E0211 16:59:46.127448   68999 main.go:60] rpc error: code = Unknown desc = TabletManager.ExecuteFetchAsDba on zone1-3072903978: rpc error: code = Unknown desc = Identifier name 'trg_fkTblCustomFieldToTblAssetCategoryViaIntAssetCategoryID_del_parent' is too long (errno 1059) (sqlstate 42000) during query: CREATE TRIGGER `trg_fkTblCustomFieldToTblAssetCategoryViaIntAssetCategoryID_del_parent` BEFORE DELETE ON `tblAssetCategory`         FOR EACH ROW         BEGIN             IF (SELECT COUNT(*) FROM `tblCustomField` WHERE `intAssetCategoryID` = OLD.`id`) > 0 THEN                 SIGNAL SQLSTATE '45000'                  SET MESSAGE_TEXT = 'FK Violation: fkTblCustomFieldToTblAssetCategoryViaIntAssetCategoryID - Cannot delete, children exist in tblCustomField';             END IF;         END"
2026-02-11T16:59:46.257136,fkTblCustomFieldToTblAssetCategoryViaIntAssetCategoryID,trg_fkTblCustomFieldToTblAssetCategoryViaIntAssetCategoryID_upd_parent,PARENT_UPDATE_RESTRICT,FAILURE,"Code: 1 | Error: E0211 16:59:46.252311   69000 main.go:60] rpc error: code = Unknown desc = TabletManager.ExecuteFetchAsDba on zone1-3072903978: rpc error: code = Unknown desc = Identifier name 'trg_fkTblCustomFieldToTblAssetCategoryViaIntAssetCategoryID_upd_parent' is too long (errno 1059) (sqlstate 42000) during query: CREATE TRIGGER `trg_fkTblCustomFieldToTblAssetCategoryViaIntAssetCategoryID_upd_parent` BEFORE UPDATE ON `tblAssetCategory`     FOR EACH ROW     BEGIN         IF NOT (NEW.`id` <=> OLD.`id`) THEN             IF (SELECT COUNT(*) FROM `tblCustomField` WHERE `intAssetCategoryID` = OLD.`id`) > 0 THEN                  SIGNAL SQLSTATE '45000'                   SET MESSAGE_TEXT = 'FK Violation: fkTblCustomFieldToTblAssetCategoryViaIntAssetCategoryID - Cannot update key, children exist in tblCustomField';             END IF;         END IF;     END"
2026-02-11T16:59:46.421752,fkTblCustomFieldValueToTblCustomFieldViaIntCustomFieldID,trg_fkTblCustomFieldValueToTblCustomFieldViaIntCustomFieldID_ins_valid,CHILD_INSERT_VALIDATE,FAILURE,Code: 1 | Error: E0211 16:59:46.418308   69001 main.go:60] rpc error: code = Unknown desc = TabletManager.ExecuteFetchAsDba on zone1-3072903978: rpc error: code = Unknown desc = Identifier name 'trg_fkTblCustomFieldValueToTblCustomFieldViaIntCustomFieldID_ins_valid' is too long (errno 1059) (sqlstate 42000) during query: CREATE TRIGGER `trg_fkTblCustomFieldValueToTblCustomFieldViaIntCustomFieldID_ins_valid` BEFORE INSERT ON `tblCustomFieldValue`     FOR EACH ROW     BEGIN         IF (SELECT COUNT(*) FROM `tblCustomField` WHERE `id` = NEW.`intCustomFieldID`) = 0 THEN             SIGNAL SQLSTATE '45000'              SET MESSAGE_TEXT = 'FK Violation: fkTblCustomFieldValueToTblCustomFieldViaIntCustomFieldID - Referenced key not found in tblCustomField';         END IF;     END
2026-02-11T16:59:46.528368,fkTblCustomFieldValueToTblCustomFieldViaIntCustomFieldID,trg_fkTblCustomFieldValueToTblCustomFieldViaIntCustomFieldID_upd_valid,CHILD_UPDATE_VALIDATE,FAILURE,Code: 1 | Error: E0211 16:59:46.524926   69002 main.go:60] rpc error: code = Unknown desc = TabletManager.ExecuteFetchAsDba on zone1-3072903978: rpc error: code = Unknown desc = Identifier name 'trg_fkTblCustomFieldValueToTblCustomFieldViaIntCustomFieldID_upd_valid' is too long (errno 1059) (sqlstate 42000) during query: CREATE TRIGGER `trg_fkTblCustomFieldValueToTblCustomFieldViaIntCustomFieldID_upd_valid` BEFORE UPDATE ON `tblCustomFieldValue`     FOR EACH ROW     BEGIN         IF NOT (NEW.`intCustomFieldID` <=> OLD.`intCustomFieldID`) THEN             IF (SELECT COUNT(*) FROM `tblCustomField` WHERE `id` = NEW.`intCustomFieldID`) = 0 THEN                 SIGNAL SQLSTATE '45000'                  SET MESSAGE_TEXT = 'FK Violation: fkTblCustomFieldValueToTblCustomFieldViaIntCustomFieldID - Referenced key not found in tblCustomField';             END IF;         END IF;     END
2026-02-11T16:59:46.631197,fkTblCustomFieldValueToTblCustomFieldViaIntCustomFieldID,trg_fkTblCustomFieldValueToTblCustomFieldViaIntCustomFieldID_del_parent,PARENT_DELETE_CASCADE,FAILURE,Code: 1 | Error: E0211 16:59:46.628207   69003 main.go:60] rpc error: code = Unknown desc = TabletManager.ExecuteFetchAsDba on zone1-3072903978: rpc error: code = Unknown desc = Identifier name 'trg_fkTblCustomFieldValueToTblCustomFieldViaIntCustomFieldID_del_parent' is too long (errno 1059) (sqlstate 42000) during query: CREATE TRIGGER `trg_fkTblCustomFieldValueToTblCustomFieldViaIntCustomFieldID_del_parent` BEFORE DELETE ON `tblCustomField`         FOR EACH ROW         BEGIN             DELETE FROM `tblCustomFieldValue` WHERE `intCustomFieldID` = OLD.`id`;         END
2026-02-11T16:59:46.736336,fkTblCustomFieldValueToTblCustomFieldViaIntCustomFieldID,trg_fkTblCustomFieldValueToTblCustomFieldViaIntCustomFieldID_upd_parent,PARENT_UPDATE_RESTRICT,FAILURE,"Code: 1 | Error: E0211 16:59:46.732644   69004 main.go:60] rpc error: code = Unknown desc = TabletManager.ExecuteFetchAsDba on zone1-3072903978: rpc error: code = Unknown desc = Identifier name 'trg_fkTblCustomFieldValueToTblCustomFieldViaIntCustomFieldID_upd_parent' is too long (errno 1059) (sqlstate 42000) during query: CREATE TRIGGER `trg_fkTblCustomFieldValueToTblCustomFieldViaIntCustomFieldID_upd_parent` BEFORE UPDATE ON `tblCustomField`     FOR EACH ROW     BEGIN         IF NOT (NEW.`id` <=> OLD.`id`) THEN             IF (SELECT COUNT(*) FROM `tblCustomFieldValue` WHERE `intCustomFieldID` = OLD.`id`) > 0 THEN                  SIGNAL SQLSTATE '45000'                   SET MESSAGE_TEXT = 'FK Violation: fkTblCustomFieldValueToTblCustomFieldViaIntCustomFieldID - Cannot update key, children exist in tblCustomFieldValue';             END IF;         END IF;     END"
2026-02-11T16:59:46.847235,fkTblCustomQueryToTblUserViaIntCreatedByUserID,trg_fkTblCustomQueryToTblUserViaIntCreatedByUserID_ins_valid,CHILD_INSERT_VALIDATE,SUCCESS,Success
2026-02-11T16:59:46.957161,fkTblCustomQueryToTblUserViaIntCreatedByUserID,trg_fkTblCustomQueryToTblUserViaIntCreatedByUserID_upd_valid,CHILD_UPDATE_VALIDATE,SUCCESS,Success
2026-02-11T16:59:47.072150,fkTblCustomQueryToTblUserViaIntCreatedByUserID,trg_fkTblCustomQueryToTblUserViaIntCreatedByUserID_del_parent,PARENT_DELETE_RESTRICT,SUCCESS,Success
2026-02-11T16:59:47.184039,fkTblCustomQueryToTblUserViaIntCreatedByUserID,trg_fkTblCustomQueryToTblUserViaIntCreatedByUserID_upd_parent,PARENT_UPDATE_RESTRICT,SUCCESS,Success
2026-02-11T16:59:47.306035,fkTblCycleCountToTblAssetViaIntFacilityID,trg_fkTblCycleCountToTblAssetViaIntFacilityID_ins_valid,CHILD_INSERT_VALIDATE,SUCCESS,Success
2026-02-11T16:59:47.474792,fkTblCycleCountToTblAssetViaIntFacilityID,trg_fkTblCycleCountToTblAssetViaIntFacilityID_upd_valid,CHILD_UPDATE_VALIDATE,SUCCESS,Success
2026-02-11T16:59:47.606993,fkTblCycleCountToTblAssetViaIntFacilityID,trg_fkTblCycleCountToTblAssetViaIntFacilityID_del_parent,PARENT_DELETE_CASCADE,SUCCESS,Success
2026-02-11T16:59:47.727811,fkTblCycleCountToTblAssetViaIntFacilityID,trg_fkTblCycleCountToTblAssetViaIntFacilityID_upd_parent,PARENT_UPDATE_RESTRICT,SUCCESS,Success
2026-02-11T16:59:47.888102,fkTblCycleCountToTblUserViaIntCompletedBy,trg_fkTblCycleCountToTblUserViaIntCompletedBy_ins_valid,CHILD_INSERT_VALIDATE,SUCCESS,Success
2026-02-11T16:59:48.008727,fkTblCycleCountToTblUserViaIntCompletedBy,trg_fkTblCycleCountToTblUserViaIntCompletedBy_upd_valid,CHILD_UPDATE_VALIDATE,SUCCESS,Success
2026-02-11T16:59:48.118568,fkTblCycleCountToTblUserViaIntCompletedBy,trg_fkTblCycleCountToTblUserViaIntCompletedBy_del_parent,PARENT_DELETE_RESTRICT,SUCCESS,Success
2026-02-11T16:59:48.231167,fkTblCycleCountToTblUserViaIntCompletedBy,trg_fkTblCycleCountToTblUserViaIntCompletedBy_upd_parent,PARENT_UPDATE_RESTRICT,SUCCESS,Success
2026-02-11T16:59:48.387501,fkTblCycleCountToTblUserViaIntCreatedBy,trg_fkTblCycleCountToTblUserViaIntCreatedBy_ins_valid,CHILD_INSERT_VALIDATE,SUCCESS,Success
2026-02-11T16:59:48.516678,fkTblCycleCountToTblUserViaIntCreatedBy,trg_fkTblCycleCountToTblUserViaIntCreatedBy_upd_valid,CHILD_UPDATE_VALIDATE,SUCCESS,Success
2026-02-11T16:59:48.640794,fkTblCycleCountToTblUserViaIntCreatedBy,trg_fkTblCycleCountToTblUserViaIntCreatedBy_del_parent,PARENT_DELETE_RESTRICT,SUCCESS,Success
2026-02-11T16:59:48.794400,fkTblCycleCountToTblUserViaIntCreatedBy,trg_fkTblCycleCountToTblUserViaIntCreatedBy_upd_parent,PARENT_UPDATE_RESTRICT,SUCCESS,Success
2026-02-11T16:59:48.913139,fkTblDatabaseExportToTblFileContentsViaIntFileContentsID,trg_fkTblDatabaseExportToTblFileContentsViaIntFileContentsID_ins_valid,CHILD_INSERT_VALIDATE,FAILURE,Code: 1 | Error: E0211 16:59:48.909151   69023 main.go:60] rpc error: code = Unknown desc = TabletManager.ExecuteFetchAsDba on zone1-3072903978: rpc error: code = Unknown desc = Identifier name 'trg_fkTblDatabaseExportToTblFileContentsViaIntFileContentsID_ins_valid' is too long (errno 1059) (sqlstate 42000) during query: CREATE TRIGGER `trg_fkTblDatabaseExportToTblFileContentsViaIntFileContentsID_ins_valid` BEFORE INSERT ON `tblDatabaseExport`     FOR EACH ROW     BEGIN         IF (SELECT COUNT(*) FROM `tblFileContents` WHERE `id` = NEW.`intFileContentsID`) = 0 THEN             SIGNAL SQLSTATE '45000'              SET MESSAGE_TEXT = 'FK Violation: fkTblDatabaseExportToTblFileContentsViaIntFileContentsID - Referenced key not found in tblFileContents';         END IF;     END
2026-02-11T16:59:49.025323,fkTblDatabaseExportToTblFileContentsViaIntFileContentsID,trg_fkTblDatabaseExportToTblFileContentsViaIntFileContentsID_upd_valid,CHILD_UPDATE_VALIDATE,FAILURE,Code: 1 | Error: E0211 16:59:49.021669   69024 main.go:60] rpc error: code = Unknown desc = TabletManager.ExecuteFetchAsDba on zone1-3072903978: rpc error: code = Unknown desc = Identifier name 'trg_fkTblDatabaseExportToTblFileContentsViaIntFileContentsID_upd_valid' is too long (errno 1059) (sqlstate 42000) during query: CREATE TRIGGER `trg_fkTblDatabaseExportToTblFileContentsViaIntFileContentsID_upd_valid` BEFORE UPDATE ON `tblDatabaseExport`     FOR EACH ROW     BEGIN         IF NOT (NEW.`intFileContentsID` <=> OLD.`intFileContentsID`) THEN             IF (SELECT COUNT(*) FROM `tblFileContents` WHERE `id` = NEW.`intFileContentsID`) = 0 THEN                 SIGNAL SQLSTATE '45000'                  SET MESSAGE_TEXT = 'FK Violation: fkTblDatabaseExportToTblFileContentsViaIntFileContentsID - Referenced key not found in tblFileContents';             END IF;         END IF;     END
2026-02-11T16:59:49.132705,fkTblDatabaseExportToTblFileContentsViaIntFileContentsID,trg_fkTblDatabaseExportToTblFileContentsViaIntFileContentsID_del_parent,PARENT_DELETE_RESTRICT,FAILURE,"Code: 1 | Error: E0211 16:59:49.128541   69025 main.go:60] rpc error: code = Unknown desc = TabletManager.ExecuteFetchAsDba on zone1-3072903978: rpc error: code = Unknown desc = Identifier name 'trg_fkTblDatabaseExportToTblFileContentsViaIntFileContentsID_del_parent' is too long (errno 1059) (sqlstate 42000) during query: CREATE TRIGGER `trg_fkTblDatabaseExportToTblFileContentsViaIntFileContentsID_del_parent` BEFORE DELETE ON `tblFileContents`         FOR EACH ROW         BEGIN             IF (SELECT COUNT(*) FROM `tblDatabaseExport` WHERE `intFileContentsID` = OLD.`id`) > 0 THEN                 SIGNAL SQLSTATE '45000'                  SET MESSAGE_TEXT = 'FK Violation: fkTblDatabaseExportToTblFileContentsViaIntFileContentsID - Cannot delete, children exist in tblDatabaseExport';             END IF;         END"
2026-02-11T16:59:49.240645,fkTblDatabaseExportToTblFileContentsViaIntFileContentsID,trg_fkTblDatabaseExportToTblFileContentsViaIntFileContentsID_upd_parent,PARENT_UPDATE_RESTRICT,FAILURE,"Code: 1 | Error: E0211 16:59:49.237264   69026 main.go:60] rpc error: code = Unknown desc = TabletManager.ExecuteFetchAsDba on zone1-3072903978: rpc error: code = Unknown desc = Identifier name 'trg_fkTblDatabaseExportToTblFileContentsViaIntFileContentsID_upd_parent' is too long (errno 1059) (sqlstate 42000) during query: CREATE TRIGGER `trg_fkTblDatabaseExportToTblFileContentsViaIntFileContentsID_upd_parent` BEFORE UPDATE ON `tblFileContents`     FOR EACH ROW     BEGIN         IF NOT (NEW.`id` <=> OLD.`id`) THEN             IF (SELECT COUNT(*) FROM `tblDatabaseExport` WHERE `intFileContentsID` = OLD.`id`) > 0 THEN                  SIGNAL SQLSTATE '45000'                   SET MESSAGE_TEXT = 'FK Violation: fkTblDatabaseExportToTblFileContentsViaIntFileContentsID - Cannot update key, children exist in tblDatabaseExport';             END IF;         END IF;     END"
2026-02-11T16:59:49.353129,fkTblDatabaseExportToTblUserViaIntGeneratedByUserID,trg_fkTblDatabaseExportToTblUserViaIntGeneratedByUserID_ins_valid,CHILD_INSERT_VALIDATE,FAILURE,Code: 1 | Error: E0211 16:59:49.349341   69039 main.go:60] rpc error: code = Unknown desc = TabletManager.ExecuteFetchAsDba on zone1-3072903978: rpc error: code = Unknown desc = Identifier name 'trg_fkTblDatabaseExportToTblUserViaIntGeneratedByUserID_ins_valid' is too long (errno 1059) (sqlstate 42000) during query: CREATE TRIGGER `trg_fkTblDatabaseExportToTblUserViaIntGeneratedByUserID_ins_valid` BEFORE INSERT ON `tblDatabaseExport`     FOR EACH ROW     BEGIN         IF (SELECT COUNT(*) FROM `tblUser` WHERE `id` = NEW.`intGeneratedByUserID`) = 0 THEN             SIGNAL SQLSTATE '45000'              SET MESSAGE_TEXT = 'FK Violation: fkTblDatabaseExportToTblUserViaIntGeneratedByUserID - Referenced key not found in tblUser';         END IF;     END
2026-02-11T16:59:49.466201,fkTblDatabaseExportToTblUserViaIntGeneratedByUserID,trg_fkTblDatabaseExportToTblUserViaIntGeneratedByUserID_upd_valid,CHILD_UPDATE_VALIDATE,FAILURE,Code: 1 | Error: E0211 16:59:49.462849   69073 main.go:60] rpc error: code = Unknown desc = TabletManager.ExecuteFetchAsDba on zone1-3072903978: rpc error: code = Unknown desc = Identifier name 'trg_fkTblDatabaseExportToTblUserViaIntGeneratedByUserID_upd_valid' is too long (errno 1059) (sqlstate 42000) during query: CREATE TRIGGER `trg_fkTblDatabaseExportToTblUserViaIntGeneratedByUserID_upd_valid` BEFORE UPDATE ON `tblDatabaseExport`     FOR EACH ROW     BEGIN         IF NOT (NEW.`intGeneratedByUserID` <=> OLD.`intGeneratedByUserID`) THEN             IF (SELECT COUNT(*) FROM `tblUser` WHERE `id` = NEW.`intGeneratedByUserID`) = 0 THEN                 SIGNAL SQLSTATE '45000'                  SET MESSAGE_TEXT = 'FK Violation: fkTblDatabaseExportToTblUserViaIntGeneratedByUserID - Referenced key not found in tblUser';             END IF;         END IF;     END
2026-02-11T16:59:49.571855,fkTblDatabaseExportToTblUserViaIntGeneratedByUserID,trg_fkTblDatabaseExportToTblUserViaIntGeneratedByUserID_del_parent,PARENT_DELETE_RESTRICT,FAILURE,"Code: 1 | Error: E0211 16:59:49.568619   69101 main.go:60] rpc error: code = Unknown desc = TabletManager.ExecuteFetchAsDba on zone1-3072903978: rpc error: code = Unknown desc = Identifier name 'trg_fkTblDatabaseExportToTblUserViaIntGeneratedByUserID_del_parent' is too long (errno 1059) (sqlstate 42000) during query: CREATE TRIGGER `trg_fkTblDatabaseExportToTblUserViaIntGeneratedByUserID_del_parent` BEFORE DELETE ON `tblUser`         FOR EACH ROW         BEGIN             IF (SELECT COUNT(*) FROM `tblDatabaseExport` WHERE `intGeneratedByUserID` = OLD.`id`) > 0 THEN                 SIGNAL SQLSTATE '45000'                  SET MESSAGE_TEXT = 'FK Violation: fkTblDatabaseExportToTblUserViaIntGeneratedByUserID - Cannot delete, children exist in tblDatabaseExport';             END IF;         END"
2026-02-11T16:59:49.690028,fkTblDatabaseExportToTblUserViaIntGeneratedByUserID,trg_fkTblDatabaseExportToTblUserViaIntGeneratedByUserID_upd_parent,PARENT_UPDATE_RESTRICT,FAILURE,"Code: 1 | Error: E0211 16:59:49.686662   69130 main.go:60] rpc error: code = Unknown desc = TabletManager.ExecuteFetchAsDba on zone1-3072903978: rpc error: code = Unknown desc = Identifier name 'trg_fkTblDatabaseExportToTblUserViaIntGeneratedByUserID_upd_parent' is too long (errno 1059) (sqlstate 42000) during query: CREATE TRIGGER `trg_fkTblDatabaseExportToTblUserViaIntGeneratedByUserID_upd_parent` BEFORE UPDATE ON `tblUser`     FOR EACH ROW     BEGIN         IF NOT (NEW.`id` <=> OLD.`id`) THEN             IF (SELECT COUNT(*) FROM `tblDatabaseExport` WHERE `intGeneratedByUserID` = OLD.`id`) > 0 THEN                  SIGNAL SQLSTATE '45000'                   SET MESSAGE_TEXT = 'FK Violation: fkTblDatabaseExportToTblUserViaIntGeneratedByUserID - Cannot update key, children exist in tblDatabaseExport';             END IF;         END IF;     END"
2026-02-11T16:59:49.797987,fkTblDistributionPaymentMethodToTblDistributionViaIntD588153981,trg_fkTblDistributionPaymentMethodToTblDistributionViaIntD588153981_ins_valid,CHILD_INSERT_VALIDATE,FAILURE,Code: 1 | Error: E0211 16:59:49.794742   69155 main.go:60] rpc error: code = Unknown desc = TabletManager.ExecuteFetchAsDba on zone1-3072903978: rpc error: code = Unknown desc = Identifier name 'trg_fkTblDistributionPaymentMethodToTblDistributionViaIntD588153981_ins_valid' is too long (errno 1059) (sqlstate 42000) during query: CREATE TRIGGER `trg_fkTblDistributionPaymentMethodToTblDistributionViaIntD588153981_ins_valid` BEFORE INSERT ON `tblDistributionPaymentMethod`     FOR EACH ROW     BEGIN         IF (SELECT COUNT(*) FROM `tblDistribution` WHERE `id` = NEW.`intDistributionID`) = 0 THEN             SIGNAL SQLSTATE '45000'              SET MESSAGE_TEXT = 'FK Violation: fkTblDistributionPaymentMethodToTblDistributionViaIntD588153981 - Referenced key not found in tblDistribution';         END IF;     END
2026-02-11T16:59:49.909791,fkTblDistributionPaymentMethodToTblDistributionViaIntD588153981,trg_fkTblDistributionPaymentMethodToTblDistributionViaIntD588153981_upd_valid,CHILD_UPDATE_VALIDATE,FAILURE,Code: 1 | Error: E0211 16:59:49.905552   69164 main.go:60] rpc error: code = Unknown desc = TabletManager.ExecuteFetchAsDba on zone1-3072903978: rpc error: code = Unknown desc = Identifier name 'trg_fkTblDistributionPaymentMethodToTblDistributionViaIntD588153981_upd_valid' is too long (errno 1059) (sqlstate 42000) during query: CREATE TRIGGER `trg_fkTblDistributionPaymentMethodToTblDistributionViaIntD588153981_upd_valid` BEFORE UPDATE ON `tblDistributionPaymentMethod`     FOR EACH ROW     BEGIN         IF NOT (NEW.`intDistributionID` <=> OLD.`intDistributionID`) THEN             IF (SELECT COUNT(*) FROM `tblDistribution` WHERE `id` = NEW.`intDistributionID`) = 0 THEN                 SIGNAL SQLSTATE '45000'                  SET MESSAGE_TEXT = 'FK Violation: fkTblDistributionPaymentMethodToTblDistributionViaIntD588153981 - Referenced key not found in tblDistribution';             END IF;         END IF;     END
2026-02-11T16:59:50.025110,fkTblDistributionPaymentMethodToTblDistributionViaIntD588153981,trg_fkTblDistributionPaymentMethodToTblDistributionViaIntD588153981_del_parent,PARENT_DELETE_CASCADE,FAILURE,Code: 1 | Error: E0211 16:59:50.021133   69165 main.go:60] rpc error: code = Unknown desc = TabletManager.ExecuteFetchAsDba on zone1-3072903978: rpc error: code = Unknown desc = Identifier name 'trg_fkTblDistributionPaymentMethodToTblDistributionViaIntD588153981_del_parent' is too long (errno 1059) (sqlstate 42000) during query: CREATE TRIGGER `trg_fkTblDistributionPaymentMethodToTblDistributionViaIntD588153981_del_parent` BEFORE DELETE ON `tblDistribution`         FOR EACH ROW         BEGIN             DELETE FROM `tblDistributionPaymentMethod` WHERE `intDistributionID` = OLD.`id`;         END
2026-02-11T16:59:50.136118,fkTblDistributionPaymentMethodToTblDistributionViaIntD588153981,trg_fkTblDistributionPaymentMethodToTblDistributionViaIntD588153981_upd_parent,PARENT_UPDATE_RESTRICT,FAILURE,"Code: 1 | Error: E0211 16:59:50.132279   69166 main.go:60] rpc error: code = Unknown desc = TabletManager.ExecuteFetchAsDba on zone1-3072903978: rpc error: code = Unknown desc = Identifier name 'trg_fkTblDistributionPaymentMethodToTblDistributionViaIntD588153981_upd_parent' is too long (errno 1059) (sqlstate 42000) during query: CREATE TRIGGER `trg_fkTblDistributionPaymentMethodToTblDistributionViaIntD588153981_upd_parent` BEFORE UPDATE ON `tblDistribution`     FOR EACH ROW     BEGIN         IF NOT (NEW.`id` <=> OLD.`id`) THEN             IF (SELECT COUNT(*) FROM `tblDistributionPaymentMethod` WHERE `intDistributionID` = OLD.`id`) > 0 THEN                  SIGNAL SQLSTATE '45000'                   SET MESSAGE_TEXT = 'FK Violation: fkTblDistributionPaymentMethodToTblDistributionViaIntD588153981 - Cannot update key, children exist in tblDistributionPaymentMethod';             END IF;         END IF;     END"
2026-02-11T16:59:50.272413,fkTblDistributionPricingTierToTblDistributionViaIntDi1412099044,trg_fkTblDistributionPricingTierToTblDistributionViaIntDi1412099044_ins_valid,CHILD_INSERT_VALIDATE,FAILURE,Code: 1 | Error: E0211 16:59:50.263290   69167 main.go:60] rpc error: code = Unknown desc = TabletManager.ExecuteFetchAsDba on zone1-3072903978: rpc error: code = Unknown desc = Identifier name 'trg_fkTblDistributionPricingTierToTblDistributionViaIntDi1412099044_ins_valid' is too long (errno 1059) (sqlstate 42000) during query: CREATE TRIGGER `trg_fkTblDistributionPricingTierToTblDistributionViaIntDi1412099044_ins_valid` BEFORE INSERT ON `tblDistributionPricingTier`     FOR EACH ROW     BEGIN         IF (SELECT COUNT(*) FROM `tblDistribution` WHERE `id` = NEW.`intDistributionID`) = 0 THEN             SIGNAL SQLSTATE '45000'              SET MESSAGE_TEXT = 'FK Violation: fkTblDistributionPricingTierToTblDistributionViaIntDi1412099044 - Referenced key not found in tblDistribution';         END IF;     END
2026-02-11T16:59:50.383618,fkTblDistributionPricingTierToTblDistributionViaIntDi1412099044,trg_fkTblDistributionPricingTierToTblDistributionViaIntDi1412099044_upd_valid,CHILD_UPDATE_VALIDATE,FAILURE,Code: 1 | Error: E0211 16:59:50.379230   69168 main.go:60] rpc error: code = Unknown desc = TabletManager.ExecuteFetchAsDba on zone1-3072903978: rpc error: code = Unknown desc = Identifier name 'trg_fkTblDistributionPricingTierToTblDistributionViaIntDi1412099044_upd_valid' is too long (errno 1059) (sqlstate 42000) during query: CREATE TRIGGER `trg_fkTblDistributionPricingTierToTblDistributionViaIntDi1412099044_upd_valid` BEFORE UPDATE ON `tblDistributionPricingTier`     FOR EACH ROW     BEGIN         IF NOT (NEW.`intDistributionID` <=> OLD.`intDistributionID`) THEN             IF (SELECT COUNT(*) FROM `tblDistribution` WHERE `id` = NEW.`intDistributionID`) = 0 THEN                 SIGNAL SQLSTATE '45000'                  SET MESSAGE_TEXT = 'FK Violation: fkTblDistributionPricingTierToTblDistributionViaIntDi1412099044 - Referenced key not found in tblDistribution';             END IF;         END IF;     END
2026-02-11T16:59:50.543665,fkTblDistributionPricingTierToTblDistributionViaIntDi1412099044,trg_fkTblDistributionPricingTierToTblDistributionViaIntDi1412099044_del_parent,PARENT_DELETE_CASCADE,FAILURE,Code: 1 | Error: E0211 16:59:50.537683   69169 main.go:60] rpc error: code = Unknown desc = TabletManager.ExecuteFetchAsDba on zone1-3072903978: rpc error: code = Unknown desc = Identifier name 'trg_fkTblDistributionPricingTierToTblDistributionViaIntDi1412099044_del_parent' is too long (errno 1059) (sqlstate 42000) during query: CREATE TRIGGER `trg_fkTblDistributionPricingTierToTblDistributionViaIntDi1412099044_del_parent` BEFORE DELETE ON `tblDistribution`         FOR EACH ROW         BEGIN             DELETE FROM `tblDistributionPricingTier` WHERE `intDistributionID` = OLD.`id`;         END
2026-02-11T16:59:50.665214,fkTblDistributionPricingTierToTblDistributionViaIntDi1412099044,trg_fkTblDistributionPricingTierToTblDistributionViaIntDi1412099044_upd_parent,PARENT_UPDATE_RESTRICT,FAILURE,"Code: 1 | Error: E0211 16:59:50.661612   69170 main.go:60] rpc error: code = Unknown desc = TabletManager.ExecuteFetchAsDba on zone1-3072903978: rpc error: code = Unknown desc = Identifier name 'trg_fkTblDistributionPricingTierToTblDistributionViaIntDi1412099044_upd_parent' is too long (errno 1059) (sqlstate 42000) during query: CREATE TRIGGER `trg_fkTblDistributionPricingTierToTblDistributionViaIntDi1412099044_upd_parent` BEFORE UPDATE ON `tblDistribution`     FOR EACH ROW     BEGIN         IF NOT (NEW.`id` <=> OLD.`id`) THEN             IF (SELECT COUNT(*) FROM `tblDistributionPricingTier` WHERE `intDistributionID` = OLD.`id`) > 0 THEN                  SIGNAL SQLSTATE '45000'                   SET MESSAGE_TEXT = 'FK Violation: fkTblDistributionPricingTierToTblDistributionViaIntDi1412099044 - Cannot update key, children exist in tblDistributionPricingTier';             END IF;         END IF;     END"
2026-02-11T16:59:50.775164,fkTblDistributionRecurringTypeToTblDistributionViaIntD702617933,trg_fkTblDistributionRecurringTypeToTblDistributionViaIntD702617933_ins_valid,CHILD_INSERT_VALIDATE,FAILURE,Code: 1 | Error: E0211 16:59:50.771319   69171 main.go:60] rpc error: code = Unknown desc = TabletManager.ExecuteFetchAsDba on zone1-3072903978: rpc error: code = Unknown desc = Identifier name 'trg_fkTblDistributionRecurringTypeToTblDistributionViaIntD702617933_ins_valid' is too long (errno 1059) (sqlstate 42000) during query: CREATE TRIGGER `trg_fkTblDistributionRecurringTypeToTblDistributionViaIntD702617933_ins_valid` BEFORE INSERT ON `tblDistributionRecurringType`     FOR EACH ROW     BEGIN         IF (SELECT COUNT(*) FROM `tblDistribution` WHERE `id` = NEW.`intDistributionID`) = 0 THEN             SIGNAL SQLSTATE '45000'              SET MESSAGE_TEXT = 'FK Violation: fkTblDistributionRecurringTypeToTblDistributionViaIntD702617933 - Referenced key not found in tblDistribution';         END IF;     END
2026-02-11T16:59:50.888664,fkTblDistributionRecurringTypeToTblDistributionViaIntD702617933,trg_fkTblDistributionRecurringTypeToTblDistributionViaIntD702617933_upd_valid,CHILD_UPDATE_VALIDATE,FAILURE,Code: 1 | Error: E0211 16:59:50.883522   69172 main.go:60] rpc error: code = Unknown desc = TabletManager.ExecuteFetchAsDba on zone1-3072903978: rpc error: code = Unknown desc = Identifier name 'trg_fkTblDistributionRecurringTypeToTblDistributionViaIntD702617933_upd_valid' is too long (errno 1059) (sqlstate 42000) during query: CREATE TRIGGER `trg_fkTblDistributionRecurringTypeToTblDistributionViaIntD702617933_upd_valid` BEFORE UPDATE ON `tblDistributionRecurringType`     FOR EACH ROW     BEGIN         IF NOT (NEW.`intDistributionID` <=> OLD.`intDistributionID`) THEN             IF (SELECT COUNT(*) FROM `tblDistribution` WHERE `id` = NEW.`intDistributionID`) = 0 THEN                 SIGNAL SQLSTATE '45000'                  SET MESSAGE_TEXT = 'FK Violation: fkTblDistributionRecurringTypeToTblDistributionViaIntD702617933 - Referenced key not found in tblDistribution';             END IF;         END IF;     END
2026-02-11T16:59:51.008902,fkTblDistributionRecurringTypeToTblDistributionViaIntD702617933,trg_fkTblDistributionRecurringTypeToTblDistributionViaIntD702617933_del_parent,PARENT_DELETE_CASCADE,FAILURE,Code: 1 | Error: E0211 16:59:51.004016   69173 main.go:60] rpc error: code = Unknown desc = TabletManager.ExecuteFetchAsDba on zone1-3072903978: rpc error: code = Unknown desc = Identifier name 'trg_fkTblDistributionRecurringTypeToTblDistributionViaIntD702617933_del_parent' is too long (errno 1059) (sqlstate 42000) during query: CREATE TRIGGER `trg_fkTblDistributionRecurringTypeToTblDistributionViaIntD702617933_del_parent` BEFORE DELETE ON `tblDistribution`         FOR EACH ROW         BEGIN             DELETE FROM `tblDistributionRecurringType` WHERE `intDistributionID` = OLD.`id`;         END
2026-02-11T16:59:51.122170,fkTblDistributionRecurringTypeToTblDistributionViaIntD702617933,trg_fkTblDistributionRecurringTypeToTblDistributionViaIntD702617933_upd_parent,PARENT_UPDATE_RESTRICT,FAILURE,"Code: 1 | Error: E0211 16:59:51.118743   69174 main.go:60] rpc error: code = Unknown desc = TabletManager.ExecuteFetchAsDba on zone1-3072903978: rpc error: code = Unknown desc = Identifier name 'trg_fkTblDistributionRecurringTypeToTblDistributionViaIntD702617933_upd_parent' is too long (errno 1059) (sqlstate 42000) during query: CREATE TRIGGER `trg_fkTblDistributionRecurringTypeToTblDistributionViaIntD702617933_upd_parent` BEFORE UPDATE ON `tblDistribution`     FOR EACH ROW     BEGIN         IF NOT (NEW.`id` <=> OLD.`id`) THEN             IF (SELECT COUNT(*) FROM `tblDistributionRecurringType` WHERE `intDistributionID` = OLD.`id`) > 0 THEN                  SIGNAL SQLSTATE '45000'                   SET MESSAGE_TEXT = 'FK Violation: fkTblDistributionRecurringTypeToTblDistributionViaIntD702617933 - Cannot update key, children exist in tblDistributionRecurringType';             END IF;         END IF;     END"
2026-02-11T16:59:51.228694,fkTblDistributionUnitPricingRuleToTblDistributionPric1148256324,trg_fkTblDistributionUnitPricingRuleToTblDistributionPric1148256324_ins_valid,CHILD_INSERT_VALIDATE,FAILURE,Code: 1 | Error: E0211 16:59:51.225328   69175 main.go:60] rpc error: code = Unknown desc = TabletManager.ExecuteFetchAsDba on zone1-3072903978: rpc error: code = Unknown desc = Identifier name 'trg_fkTblDistributionUnitPricingRuleToTblDistributionPric1148256324_ins_valid' is too long (errno 1059) (sqlstate 42000) during query: CREATE TRIGGER `trg_fkTblDistributionUnitPricingRuleToTblDistributionPric1148256324_ins_valid` BEFORE INSERT ON `tblDistributionUnitPricingRule`     FOR EACH ROW     BEGIN         IF (SELECT COUNT(*) FROM `tblDistributionPricingTier` WHERE `id` = NEW.`intDistributionPricingTierID`) = 0 THEN             SIGNAL SQLSTATE '45000'              SET MESSAGE_TEXT = 'FK Violation: fkTblDistributionUnitPricingRuleToTblDistributionPric1148256324 - Referenced key not found in tblDistributionPricingTier';         END IF;     END
2026-02-11T16:59:51.376296,fkTblDistributionUnitPricingRuleToTblDistributionPric1148256324,trg_fkTblDistributionUnitPricingRuleToTblDistributionPric1148256324_upd_valid,CHILD_UPDATE_VALIDATE,FAILURE,Code: 1 | Error: E0211 16:59:51.372223   69176 main.go:60] rpc error: code = Unknown desc = TabletManager.ExecuteFetchAsDba on zone1-3072903978: rpc error: code = Unknown desc = Identifier name 'trg_fkTblDistributionUnitPricingRuleToTblDistributionPric1148256324_upd_valid' is too long (errno 1059) (sqlstate 42000) during query: CREATE TRIGGER `trg_fkTblDistributionUnitPricingRuleToTblDistributionPric1148256324_upd_valid` BEFORE UPDATE ON `tblDistributionUnitPricingRule`     FOR EACH ROW     BEGIN         IF NOT (NEW.`intDistributionPricingTierID` <=> OLD.`intDistributionPricingTierID`) THEN             IF (SELECT COUNT(*) FROM `tblDistributionPricingTier` WHERE `id` = NEW.`intDistributionPricingTierID`) = 0 THEN                 SIGNAL SQLSTATE '45000'                  SET MESSAGE_TEXT = 'FK Violation: fkTblDistributionUnitPricingRuleToTblDistributionPric1148256324 - Referenced key not found in tblDistributionPricingTier';             END IF;         END IF;     END
2026-02-11T16:59:51.493505,fkTblDistributionUnitPricingRuleToTblDistributionPric1148256324,trg_fkTblDistributionUnitPricingRuleToTblDistributionPric1148256324_del_parent,PARENT_DELETE_CASCADE,FAILURE,Code: 1 | Error: E0211 16:59:51.490081   69177 main.go:60] rpc error: code = Unknown desc = TabletManager.ExecuteFetchAsDba on zone1-3072903978: rpc error: code = Unknown desc = Identifier name 'trg_fkTblDistributionUnitPricingRuleToTblDistributionPric1148256324_del_parent' is too long (errno 1059) (sqlstate 42000) during query: CREATE TRIGGER `trg_fkTblDistributionUnitPricingRuleToTblDistributionPric1148256324_del_parent` BEFORE DELETE ON `tblDistributionPricingTier`         FOR EACH ROW         BEGIN             DELETE FROM `tblDistributionUnitPricingRule` WHERE `intDistributionPricingTierID` = OLD.`id`;         END
2026-02-11T16:59:51.610743,fkTblDistributionUnitPricingRuleToTblDistributionPric1148256324,trg_fkTblDistributionUnitPricingRuleToTblDistributionPric1148256324_upd_parent,PARENT_UPDATE_RESTRICT,FAILURE,"Code: 1 | Error: E0211 16:59:51.606963   69178 main.go:60] rpc error: code = Unknown desc = TabletManager.ExecuteFetchAsDba on zone1-3072903978: rpc error: code = Unknown desc = Identifier name 'trg_fkTblDistributionUnitPricingRuleToTblDistributionPric1148256324_upd_parent' is too long (errno 1059) (sqlstate 42000) during query: CREATE TRIGGER `trg_fkTblDistributionUnitPricingRuleToTblDistributionPric1148256324_upd_parent` BEFORE UPDATE ON `tblDistributionPricingTier`     FOR EACH ROW     BEGIN         IF NOT (NEW.`id` <=> OLD.`id`) THEN             IF (SELECT COUNT(*) FROM `tblDistributionUnitPricingRule` WHERE `intDistributionPricingTierID` = OLD.`id`) > 0 THEN                  SIGNAL SQLSTATE '45000'                   SET MESSAGE_TEXT = 'FK Violation: fkTblDistributionUnitPricingRuleToTblDistributionPric1148256324 - Cannot update key, children exist in tblDistributionUnitPricingRule';             END IF;         END IF;     END"
2026-02-11T16:59:51.717404,fkTblEmailAttachmentToTblEmailMessageViaIntEmailMessageID,trg_fkTblEmailAttachmentToTblEmailMessageViaIntEmailMessageID_ins_valid,CHILD_INSERT_VALIDATE,FAILURE,Code: 1 | Error: E0211 16:59:51.714379   69179 main.go:60] rpc error: code = Unknown desc = TabletManager.ExecuteFetchAsDba on zone1-3072903978: rpc error: code = Unknown desc = Identifier name 'trg_fkTblEmailAttachmentToTblEmailMessageViaIntEmailMessageID_ins_valid' is too long (errno 1059) (sqlstate 42000) during query: CREATE TRIGGER `trg_fkTblEmailAttachmentToTblEmailMessageViaIntEmailMessageID_ins_valid` BEFORE INSERT ON `tblEmailAttachment`     FOR EACH ROW     BEGIN         IF (SELECT COUNT(*) FROM `tblEmailMessage` WHERE `id` = NEW.`intEmailMessageID`) = 0 THEN             SIGNAL SQLSTATE '45000'              SET MESSAGE_TEXT = 'FK Violation: fkTblEmailAttachmentToTblEmailMessageViaIntEmailMessageID - Referenced key not found in tblEmailMessage';         END IF;     END
2026-02-11T16:59:51.863710,fkTblEmailAttachmentToTblEmailMessageViaIntEmailMessageID,trg_fkTblEmailAttachmentToTblEmailMessageViaIntEmailMessageID_upd_valid,CHILD_UPDATE_VALIDATE,FAILURE,Code: 1 | Error: E0211 16:59:51.859606   69180 main.go:60] rpc error: code = Unknown desc = TabletManager.ExecuteFetchAsDba on zone1-3072903978: rpc error: code = Unknown desc = Identifier name 'trg_fkTblEmailAttachmentToTblEmailMessageViaIntEmailMessageID_upd_valid' is too long (errno 1059) (sqlstate 42000) during query: CREATE TRIGGER `trg_fkTblEmailAttachmentToTblEmailMessageViaIntEmailMessageID_upd_valid` BEFORE UPDATE ON `tblEmailAttachment`     FOR EACH ROW     BEGIN         IF NOT (NEW.`intEmailMessageID` <=> OLD.`intEmailMessageID`) THEN             IF (SELECT COUNT(*) FROM `tblEmailMessage` WHERE `id` = NEW.`intEmailMessageID`) = 0 THEN                 SIGNAL SQLSTATE '45000'                  SET MESSAGE_TEXT = 'FK Violation: fkTblEmailAttachmentToTblEmailMessageViaIntEmailMessageID - Referenced key not found in tblEmailMessage';             END IF;         END IF;     END
2026-02-11T16:59:51.987654,fkTblEmailAttachmentToTblEmailMessageViaIntEmailMessageID,trg_fkTblEmailAttachmentToTblEmailMessageViaIntEmailMessageID_del_parent,PARENT_DELETE_CASCADE,FAILURE,Code: 1 | Error: E0211 16:59:51.983535   69181 main.go:60] rpc error: code = Unknown desc = TabletManager.ExecuteFetchAsDba on zone1-3072903978: rpc error: code = Unknown desc = Identifier name 'trg_fkTblEmailAttachmentToTblEmailMessageViaIntEmailMessageID_del_parent' is too long (errno 1059) (sqlstate 42000) during query: CREATE TRIGGER `trg_fkTblEmailAttachmentToTblEmailMessageViaIntEmailMessageID_del_parent` BEFORE DELETE ON `tblEmailMessage`         FOR EACH ROW         BEGIN             DELETE FROM `tblEmailAttachment` WHERE `intEmailMessageID` = OLD.`id`;         END
2026-02-11T16:59:52.112373,fkTblEmailAttachmentToTblEmailMessageViaIntEmailMessageID,trg_fkTblEmailAttachmentToTblEmailMessageViaIntEmailMessageID_upd_parent,PARENT_UPDATE_RESTRICT,FAILURE,"Code: 1 | Error: E0211 16:59:52.107614   69182 main.go:60] rpc error: code = Unknown desc = TabletManager.ExecuteFetchAsDba on zone1-3072903978: rpc error: code = Unknown desc = Identifier name 'trg_fkTblEmailAttachmentToTblEmailMessageViaIntEmailMessageID_upd_parent' is too long (errno 1059) (sqlstate 42000) during query: CREATE TRIGGER `trg_fkTblEmailAttachmentToTblEmailMessageViaIntEmailMessageID_upd_parent` BEFORE UPDATE ON `tblEmailMessage`     FOR EACH ROW     BEGIN         IF NOT (NEW.`id` <=> OLD.`id`) THEN             IF (SELECT COUNT(*) FROM `tblEmailAttachment` WHERE `intEmailMessageID` = OLD.`id`) > 0 THEN                  SIGNAL SQLSTATE '45000'                   SET MESSAGE_TEXT = 'FK Violation: fkTblEmailAttachmentToTblEmailMessageViaIntEmailMessageID - Cannot update key, children exist in tblEmailAttachment';             END IF;         END IF;     END"
2026-02-11T16:59:52.229469,fkTblEmailMessageToTblBusinessViaIntSenderBusinessID,trg_fkTblEmailMessageToTblBusinessViaIntSenderBusinessID_ins_valid,CHILD_INSERT_VALIDATE,FAILURE,Code: 1 | Error: E0211 16:59:52.220108   69183 main.go:60] rpc error: code = Unknown desc = TabletManager.ExecuteFetchAsDba on zone1-3072903978: rpc error: code = Unknown desc = Identifier name 'trg_fkTblEmailMessageToTblBusinessViaIntSenderBusinessID_ins_valid' is too long (errno 1059) (sqlstate 42000) during query: CREATE TRIGGER `trg_fkTblEmailMessageToTblBusinessViaIntSenderBusinessID_ins_valid` BEFORE INSERT ON `tblEmailMessage`     FOR EACH ROW     BEGIN         IF (SELECT COUNT(*) FROM `tblBusiness` WHERE `id` = NEW.`intSenderBusinessID`) = 0 THEN             SIGNAL SQLSTATE '45000'              SET MESSAGE_TEXT = 'FK Violation: fkTblEmailMessageToTblBusinessViaIntSenderBusinessID - Referenced key not found in tblBusiness';         END IF;     END
2026-02-11T16:59:52.333652,fkTblEmailMessageToTblBusinessViaIntSenderBusinessID,trg_fkTblEmailMessageToTblBusinessViaIntSenderBusinessID_upd_valid,CHILD_UPDATE_VALIDATE,FAILURE,Code: 1 | Error: E0211 16:59:52.330316   69184 main.go:60] rpc error: code = Unknown desc = TabletManager.ExecuteFetchAsDba on zone1-3072903978: rpc error: code = Unknown desc = Identifier name 'trg_fkTblEmailMessageToTblBusinessViaIntSenderBusinessID_upd_valid' is too long (errno 1059) (sqlstate 42000) during query: CREATE TRIGGER `trg_fkTblEmailMessageToTblBusinessViaIntSenderBusinessID_upd_valid` BEFORE UPDATE ON `tblEmailMessage`     FOR EACH ROW     BEGIN         IF NOT (NEW.`intSenderBusinessID` <=> OLD.`intSenderBusinessID`) THEN             IF (SELECT COUNT(*) FROM `tblBusiness` WHERE `id` = NEW.`intSenderBusinessID`) = 0 THEN                 SIGNAL SQLSTATE '45000'                  SET MESSAGE_TEXT = 'FK Violation: fkTblEmailMessageToTblBusinessViaIntSenderBusinessID - Referenced key not found in tblBusiness';             END IF;         END IF;     END
2026-02-11T16:59:52.439869,fkTblEmailMessageToTblBusinessViaIntSenderBusinessID,trg_fkTblEmailMessageToTblBusinessViaIntSenderBusinessID_del_parent,PARENT_DELETE_CASCADE,FAILURE,Code: 1 | Error: E0211 16:59:52.436059   69185 main.go:60] rpc error: code = Unknown desc = TabletManager.ExecuteFetchAsDba on zone1-3072903978: rpc error: code = Unknown desc = Identifier name 'trg_fkTblEmailMessageToTblBusinessViaIntSenderBusinessID_del_parent' is too long (errno 1059) (sqlstate 42000) during query: CREATE TRIGGER `trg_fkTblEmailMessageToTblBusinessViaIntSenderBusinessID_del_parent` BEFORE DELETE ON `tblBusiness`         FOR EACH ROW         BEGIN             DELETE FROM `tblEmailMessage` WHERE `intSenderBusinessID` = OLD.`id`;         END
2026-02-11T16:59:52.548061,fkTblEmailMessageToTblBusinessViaIntSenderBusinessID,trg_fkTblEmailMessageToTblBusinessViaIntSenderBusinessID_upd_parent,PARENT_UPDATE_RESTRICT,FAILURE,"Code: 1 | Error: E0211 16:59:52.543180   69186 main.go:60] rpc error: code = Unknown desc = TabletManager.ExecuteFetchAsDba on zone1-3072903978: rpc error: code = Unknown desc = Identifier name 'trg_fkTblEmailMessageToTblBusinessViaIntSenderBusinessID_upd_parent' is too long (errno 1059) (sqlstate 42000) during query: CREATE TRIGGER `trg_fkTblEmailMessageToTblBusinessViaIntSenderBusinessID_upd_parent` BEFORE UPDATE ON `tblBusiness`     FOR EACH ROW     BEGIN         IF NOT (NEW.`id` <=> OLD.`id`) THEN             IF (SELECT COUNT(*) FROM `tblEmailMessage` WHERE `intSenderBusinessID` = OLD.`id`) > 0 THEN                  SIGNAL SQLSTATE '45000'                   SET MESSAGE_TEXT = 'FK Violation: fkTblEmailMessageToTblBusinessViaIntSenderBusinessID - Cannot update key, children exist in tblEmailMessage';             END IF;         END IF;     END"
2026-02-11T16:59:52.662482,fkTblEventToTblAssetViaIntSiteID,trg_fkTblEventToTblAssetViaIntSiteID_ins_valid,CHILD_INSERT_VALIDATE,SUCCESS,Success
2026-02-11T16:59:52.776059,fkTblEventToTblAssetViaIntSiteID,trg_fkTblEventToTblAssetViaIntSiteID_upd_valid,CHILD_UPDATE_VALIDATE,SUCCESS,Success
2026-02-11T16:59:52.892087,fkTblEventToTblAssetViaIntSiteID,trg_fkTblEventToTblAssetViaIntSiteID_del_parent,PARENT_DELETE_CASCADE,SUCCESS,Success
2026-02-11T16:59:53.020791,fkTblEventToTblAssetViaIntSiteID,trg_fkTblEventToTblAssetViaIntSiteID_upd_parent,PARENT_UPDATE_RESTRICT,SUCCESS,Success
2026-02-11T16:59:53.133738,fkTblEventToTblUserViaIntUserID,trg_fkTblEventToTblUserViaIntUserID_ins_valid,CHILD_INSERT_VALIDATE,SUCCESS,Success
2026-02-11T16:59:53.247100,fkTblEventToTblUserViaIntUserID,trg_fkTblEventToTblUserViaIntUserID_upd_valid,CHILD_UPDATE_VALIDATE,SUCCESS,Success
2026-02-11T16:59:53.363652,fkTblEventToTblUserViaIntUserID,trg_fkTblEventToTblUserViaIntUserID_del_parent,PARENT_DELETE_RESTRICT,SUCCESS,Success
2026-02-11T16:59:53.479227,fkTblEventToTblUserViaIntUserID,trg_fkTblEventToTblUserViaIntUserID_upd_parent,PARENT_UPDATE_RESTRICT,SUCCESS,Success
2026-02-11T16:59:53.590841,fkTblFileToTblAssetCategoryViaIntAssetCategoryID,trg_fkTblFileToTblAssetCategoryViaIntAssetCategoryID_ins_valid,CHILD_INSERT_VALIDATE,SUCCESS,Success
2026-02-11T16:59:53.702084,fkTblFileToTblAssetCategoryViaIntAssetCategoryID,trg_fkTblFileToTblAssetCategoryViaIntAssetCategoryID_upd_valid,CHILD_UPDATE_VALIDATE,SUCCESS,Success
2026-02-11T16:59:53.868243,fkTblFileToTblAssetCategoryViaIntAssetCategoryID,trg_fkTblFileToTblAssetCategoryViaIntAssetCategoryID_del_parent,PARENT_DELETE_CASCADE,SUCCESS,Success
2026-02-11T16:59:53.999306,fkTblFileToTblAssetCategoryViaIntAssetCategoryID,trg_fkTblFileToTblAssetCategoryViaIntAssetCategoryID_upd_parent,PARENT_UPDATE_RESTRICT,SUCCESS,Success
2026-02-11T16:59:54.118140,fkTblFileToTblBusinessViaIntBusinessID,trg_fkTblFileToTblBusinessViaIntBusinessID_ins_valid,CHILD_INSERT_VALIDATE,SUCCESS,Success
2026-02-11T16:59:54.231556,fkTblFileToTblBusinessViaIntBusinessID,trg_fkTblFileToTblBusinessViaIntBusinessID_upd_valid,CHILD_UPDATE_VALIDATE,SUCCESS,Success
2026-02-11T16:59:54.398146,fkTblFileToTblBusinessViaIntBusinessID,trg_fkTblFileToTblBusinessViaIntBusinessID_del_parent,PARENT_DELETE_CASCADE,SUCCESS,Success
2026-02-11T16:59:54.524519,fkTblFileToTblBusinessViaIntBusinessID,trg_fkTblFileToTblBusinessViaIntBusinessID_upd_parent,PARENT_UPDATE_RESTRICT,SUCCESS,Success
2026-02-11T16:59:54.645500,fkTblFileToTblFileContentsViaIntThumbnailID,trg_fkTblFileToTblFileContentsViaIntThumbnailID_ins_valid,CHILD_INSERT_VALIDATE,SUCCESS,Success
2026-02-11T16:59:54.763329,fkTblFileToTblFileContentsViaIntThumbnailID,trg_fkTblFileToTblFileContentsViaIntThumbnailID_upd_valid,CHILD_UPDATE_VALIDATE,SUCCESS,Success
2026-02-11T16:59:54.879773,fkTblFileToTblFileContentsViaIntThumbnailID,trg_fkTblFileToTblFileContentsViaIntThumbnailID_del_parent,PARENT_DELETE_CASCADE,SUCCESS,Success
2026-02-11T16:59:54.995929,fkTblFileToTblFileContentsViaIntThumbnailID,trg_fkTblFileToTblFileContentsViaIntThumbnailID_upd_parent,PARENT_UPDATE_RESTRICT,SUCCESS,Success
2026-02-11T16:59:55.125162,fkTblFileToTblMASourceListingViaIntMASourceListingID,trg_fkTblFileToTblMASourceListingViaIntMASourceListingID_ins_valid,CHILD_INSERT_VALIDATE,FAILURE,Code: 1 | Error: E0211 16:59:55.112978   69212 main.go:60] rpc error: code = Unknown desc = TabletManager.ExecuteFetchAsDba on zone1-3072903978: rpc error: code = Unknown desc = Identifier name 'trg_fkTblFileToTblMASourceListingViaIntMASourceListingID_ins_valid' is too long (errno 1059) (sqlstate 42000) during query: CREATE TRIGGER `trg_fkTblFileToTblMASourceListingViaIntMASourceListingID_ins_valid` BEFORE INSERT ON `tblFile`     FOR EACH ROW     BEGIN         IF (SELECT COUNT(*) FROM `tblMASourceListing` WHERE `id` = NEW.`intMASourceListingID`) = 0 THEN             SIGNAL SQLSTATE '45000'              SET MESSAGE_TEXT = 'FK Violation: fkTblFileToTblMASourceListingViaIntMASourceListingID - Referenced key not found in tblMASourceListing';         END IF;     END
2026-02-11T16:59:55.242932,fkTblFileToTblMASourceListingViaIntMASourceListingID,trg_fkTblFileToTblMASourceListingViaIntMASourceListingID_upd_valid,CHILD_UPDATE_VALIDATE,FAILURE,Code: 1 | Error: E0211 16:59:55.239068   69214 main.go:60] rpc error: code = Unknown desc = TabletManager.ExecuteFetchAsDba on zone1-3072903978: rpc error: code = Unknown desc = Identifier name 'trg_fkTblFileToTblMASourceListingViaIntMASourceListingID_upd_valid' is too long (errno 1059) (sqlstate 42000) during query: CREATE TRIGGER `trg_fkTblFileToTblMASourceListingViaIntMASourceListingID_upd_valid` BEFORE UPDATE ON `tblFile`     FOR EACH ROW     BEGIN         IF NOT (NEW.`intMASourceListingID` <=> OLD.`intMASourceListingID`) THEN             IF (SELECT COUNT(*) FROM `tblMASourceListing` WHERE `id` = NEW.`intMASourceListingID`) = 0 THEN                 SIGNAL SQLSTATE '45000'                  SET MESSAGE_TEXT = 'FK Violation: fkTblFileToTblMASourceListingViaIntMASourceListingID - Referenced key not found in tblMASourceListing';             END IF;         END IF;     END
2026-02-11T16:59:55.363963,fkTblFileToTblMASourceListingViaIntMASourceListingID,trg_fkTblFileToTblMASourceListingViaIntMASourceListingID_del_parent,PARENT_DELETE_CASCADE,FAILURE,Code: 1 | Error: E0211 16:59:55.359787   69215 main.go:60] rpc error: code = Unknown desc = TabletManager.ExecuteFetchAsDba on zone1-3072903978: rpc error: code = Unknown desc = Identifier name 'trg_fkTblFileToTblMASourceListingViaIntMASourceListingID_del_parent' is too long (errno 1059) (sqlstate 42000) during query: CREATE TRIGGER `trg_fkTblFileToTblMASourceListingViaIntMASourceListingID_del_parent` BEFORE DELETE ON `tblMASourceListing`         FOR EACH ROW         BEGIN             DELETE FROM `tblFile` WHERE `intMASourceListingID` = OLD.`id`;         END
2026-02-11T16:59:55.469666,fkTblFileToTblMASourceListingViaIntMASourceListingID,trg_fkTblFileToTblMASourceListingViaIntMASourceListingID_upd_parent,PARENT_UPDATE_RESTRICT,FAILURE,"Code: 1 | Error: E0211 16:59:55.465725   69216 main.go:60] rpc error: code = Unknown desc = TabletManager.ExecuteFetchAsDba on zone1-3072903978: rpc error: code = Unknown desc = Identifier name 'trg_fkTblFileToTblMASourceListingViaIntMASourceListingID_upd_parent' is too long (errno 1059) (sqlstate 42000) during query: CREATE TRIGGER `trg_fkTblFileToTblMASourceListingViaIntMASourceListingID_upd_parent` BEFORE UPDATE ON `tblMASourceListing`     FOR EACH ROW     BEGIN         IF NOT (NEW.`id` <=> OLD.`id`) THEN             IF (SELECT COUNT(*) FROM `tblFile` WHERE `intMASourceListingID` = OLD.`id`) > 0 THEN                  SIGNAL SQLSTATE '45000'                   SET MESSAGE_TEXT = 'FK Violation: fkTblFileToTblMASourceListingViaIntMASourceListingID - Cannot update key, children exist in tblFile';             END IF;         END IF;     END"
2026-02-11T16:59:55.583558,fkTblFileToTblProductTimeTrackingViaIntProductTimeTrackingID,trg_fkTblFileToTblProductTimeTrackingViaIntProductTimeTrackingID_ins_valid,CHILD_INSERT_VALIDATE,FAILURE,Code: 1 | Error: E0211 16:59:55.578431   69217 main.go:60] rpc error: code = Unknown desc = TabletManager.ExecuteFetchAsDba on zone1-3072903978: rpc error: code = Unknown desc = Identifier name 'trg_fkTblFileToTblProductTimeTrackingViaIntProductTimeTrackingID_ins_valid' is too long (errno 1059) (sqlstate 42000) during query: CREATE TRIGGER `trg_fkTblFileToTblProductTimeTrackingViaIntProductTimeTrackingID_ins_valid` BEFORE INSERT ON `tblFile`     FOR EACH ROW     BEGIN         IF (SELECT COUNT(*) FROM `tblProductTimeTracking` WHERE `id` = NEW.`intProductTimeTrackingID`) = 0 THEN             SIGNAL SQLSTATE '45000'              SET MESSAGE_TEXT = 'FK Violation: fkTblFileToTblProductTimeTrackingViaIntProductTimeTrackingID - Referenced key not found in tblProductTimeTracking';         END IF;     END
2026-02-11T16:59:55.696853,fkTblFileToTblProductTimeTrackingViaIntProductTimeTrackingID,trg_fkTblFileToTblProductTimeTrackingViaIntProductTimeTrackingID_upd_valid,CHILD_UPDATE_VALIDATE,FAILURE,Code: 1 | Error: E0211 16:59:55.692892   69218 main.go:60] rpc error: code = Unknown desc = TabletManager.ExecuteFetchAsDba on zone1-3072903978: rpc error: code = Unknown desc = Identifier name 'trg_fkTblFileToTblProductTimeTrackingViaIntProductTimeTrackingID_upd_valid' is too long (errno 1059) (sqlstate 42000) during query: CREATE TRIGGER `trg_fkTblFileToTblProductTimeTrackingViaIntProductTimeTrackingID_upd_valid` BEFORE UPDATE ON `tblFile`     FOR EACH ROW     BEGIN         IF NOT (NEW.`intProductTimeTrackingID` <=> OLD.`intProductTimeTrackingID`) THEN             IF (SELECT COUNT(*) FROM `tblProductTimeTracking` WHERE `id` = NEW.`intProductTimeTrackingID`) = 0 THEN                 SIGNAL SQLSTATE '45000'                  SET MESSAGE_TEXT = 'FK Violation: fkTblFileToTblProductTimeTrackingViaIntProductTimeTrackingID - Referenced key not found in tblProductTimeTracking';             END IF;         END IF;     END
2026-02-11T16:59:55.805679,fkTblFileToTblProductTimeTrackingViaIntProductTimeTrackingID,trg_fkTblFileToTblProductTimeTrackingViaIntProductTimeTrackingID_del_parent,PARENT_DELETE_CASCADE,FAILURE,Code: 1 | Error: E0211 16:59:55.802322   69219 main.go:60] rpc error: code = Unknown desc = TabletManager.ExecuteFetchAsDba on zone1-3072903978: rpc error: code = Unknown desc = Identifier name 'trg_fkTblFileToTblProductTimeTrackingViaIntProductTimeTrackingID_del_parent' is too long (errno 1059) (sqlstate 42000) during query: CREATE TRIGGER `trg_fkTblFileToTblProductTimeTrackingViaIntProductTimeTrackingID_del_parent` BEFORE DELETE ON `tblProductTimeTracking`         FOR EACH ROW         BEGIN             DELETE FROM `tblFile` WHERE `intProductTimeTrackingID` = OLD.`id`;         END
2026-02-11T16:59:55.925811,fkTblFileToTblProductTimeTrackingViaIntProductTimeTrackingID,trg_fkTblFileToTblProductTimeTrackingViaIntProductTimeTrackingID_upd_parent,PARENT_UPDATE_RESTRICT,FAILURE,"Code: 1 | Error: E0211 16:59:55.920789   69220 main.go:60] rpc error: code = Unknown desc = TabletManager.ExecuteFetchAsDba on zone1-3072903978: rpc error: code = Unknown desc = Identifier name 'trg_fkTblFileToTblProductTimeTrackingViaIntProductTimeTrackingID_upd_parent' is too long (errno 1059) (sqlstate 42000) during query: CREATE TRIGGER `trg_fkTblFileToTblProductTimeTrackingViaIntProductTimeTrackingID_upd_parent` BEFORE UPDATE ON `tblProductTimeTracking`     FOR EACH ROW     BEGIN         IF NOT (NEW.`id` <=> OLD.`id`) THEN             IF (SELECT COUNT(*) FROM `tblFile` WHERE `intProductTimeTrackingID` = OLD.`id`) > 0 THEN                  SIGNAL SQLSTATE '45000'                   SET MESSAGE_TEXT = 'FK Violation: fkTblFileToTblProductTimeTrackingViaIntProductTimeTrackingID - Cannot update key, children exist in tblFile';             END IF;         END IF;     END"
2026-02-11T16:59:56.054877,fkTblFileToTblProjectViaIntProjectID,trg_fkTblFileToTblProjectViaIntProjectID_ins_valid,CHILD_INSERT_VALIDATE,SUCCESS,Success
2026-02-11T16:59:56.175637,fkTblFileToTblProjectViaIntProjectID,trg_fkTblFileToTblProjectViaIntProjectID_upd_valid,CHILD_UPDATE_VALIDATE,SUCCESS,Success
2026-02-11T16:59:56.288471,fkTblFileToTblProjectViaIntProjectID,trg_fkTblFileToTblProjectViaIntProjectID_del_parent,PARENT_DELETE_CASCADE,SUCCESS,Success
2026-02-11T16:59:56.402975,fkTblFileToTblProjectViaIntProjectID,trg_fkTblFileToTblProjectViaIntProjectID_upd_parent,PARENT_UPDATE_RESTRICT,SUCCESS,Success
2026-02-11T16:59:56.515266,fkTblFileToTblPurchaseOrderViaIntPurchaseOrderID,trg_fkTblFileToTblPurchaseOrderViaIntPurchaseOrderID_ins_valid,CHILD_INSERT_VALIDATE,SUCCESS,Success
2026-02-11T16:59:56.630582,fkTblFileToTblPurchaseOrderViaIntPurchaseOrderID,trg_fkTblFileToTblPurchaseOrderViaIntPurchaseOrderID_upd_valid,CHILD_UPDATE_VALIDATE,SUCCESS,Success
2026-02-11T16:59:56.744298,fkTblFileToTblPurchaseOrderViaIntPurchaseOrderID,trg_fkTblFileToTblPurchaseOrderViaIntPurchaseOrderID_del_parent,PARENT_DELETE_CASCADE,SUCCESS,Success
2026-02-11T16:59:56.861674,fkTblFileToTblPurchaseOrderViaIntPurchaseOrderID,trg_fkTblFileToTblPurchaseOrderViaIntPurchaseOrderID_upd_parent,PARENT_UPDATE_RESTRICT,SUCCESS,Success
2026-02-11T16:59:56.981077,fkTblFileToTblRFQViaIntRfqID,trg_fkTblFileToTblRFQViaIntRfqID_ins_valid,CHILD_INSERT_VALIDATE,SUCCESS,Success
2026-02-11T16:59:57.102722,fkTblFileToTblRFQViaIntRfqID,trg_fkTblFileToTblRFQViaIntRfqID_upd_valid,CHILD_UPDATE_VALIDATE,SUCCESS,Success
2026-02-11T16:59:57.223554,fkTblFileToTblRFQViaIntRfqID,trg_fkTblFileToTblRFQViaIntRfqID_del_parent,PARENT_DELETE_CASCADE,SUCCESS,Success
2026-02-11T16:59:57.341639,fkTblFileToTblRFQViaIntRfqID,trg_fkTblFileToTblRFQViaIntRfqID_upd_parent,PARENT_UPDATE_RESTRICT,SUCCESS,Success
2026-02-11T16:59:57.463918,fkTblFileToTblScheduledMaintenanceViaIntScheduledMaintenanceID,trg_fkTblFileToTblScheduledMaintenanceViaIntScheduledMaintenanceID_ins_valid,CHILD_INSERT_VALIDATE,FAILURE,Code: 1 | Error: E0211 16:59:57.458589   69233 main.go:60] rpc error: code = Unknown desc = TabletManager.ExecuteFetchAsDba on zone1-3072903978: rpc error: code = Unknown desc = Identifier name 'trg_fkTblFileToTblScheduledMaintenanceViaIntScheduledMaintenanceID_ins_valid' is too long (errno 1059) (sqlstate 42000) during query: CREATE TRIGGER `trg_fkTblFileToTblScheduledMaintenanceViaIntScheduledMaintenanceID_ins_valid` BEFORE INSERT ON `tblFile`     FOR EACH ROW     BEGIN         IF (SELECT COUNT(*) FROM `tblScheduledMaintenance` WHERE `id` = NEW.`intScheduledMaintenanceID`) = 0 THEN             SIGNAL SQLSTATE '45000'              SET MESSAGE_TEXT = 'FK Violation: fkTblFileToTblScheduledMaintenanceViaIntScheduledMaintenanceID - Referenced key not found in tblScheduledMaintenance';         END IF;     END
2026-02-11T16:59:57.584523,fkTblFileToTblScheduledMaintenanceViaIntScheduledMaintenanceID,trg_fkTblFileToTblScheduledMaintenanceViaIntScheduledMaintenanceID_upd_valid,CHILD_UPDATE_VALIDATE,FAILURE,Code: 1 | Error: E0211 16:59:57.580245   69234 main.go:60] rpc error: code = Unknown desc = TabletManager.ExecuteFetchAsDba on zone1-3072903978: rpc error: code = Unknown desc = Identifier name 'trg_fkTblFileToTblScheduledMaintenanceViaIntScheduledMaintenanceID_upd_valid' is too long (errno 1059) (sqlstate 42000) during query: CREATE TRIGGER `trg_fkTblFileToTblScheduledMaintenanceViaIntScheduledMaintenanceID_upd_valid` BEFORE UPDATE ON `tblFile`     FOR EACH ROW     BEGIN         IF NOT (NEW.`intScheduledMaintenanceID` <=> OLD.`intScheduledMaintenanceID`) THEN             IF (SELECT COUNT(*) FROM `tblScheduledMaintenance` WHERE `id` = NEW.`intScheduledMaintenanceID`) = 0 THEN                 SIGNAL SQLSTATE '45000'                  SET MESSAGE_TEXT = 'FK Violation: fkTblFileToTblScheduledMaintenanceViaIntScheduledMaintenanceID - Referenced key not found in tblScheduledMaintenance';             END IF;         END IF;     END
2026-02-11T16:59:57.694254,fkTblFileToTblScheduledMaintenanceViaIntScheduledMaintenanceID,trg_fkTblFileToTblScheduledMaintenanceViaIntScheduledMaintenanceID_del_parent,PARENT_DELETE_CASCADE,FAILURE,Code: 1 | Error: E0211 16:59:57.690230   69235 main.go:60] rpc error: code = Unknown desc = TabletManager.ExecuteFetchAsDba on zone1-3072903978: rpc error: code = Unknown desc = Identifier name 'trg_fkTblFileToTblScheduledMaintenanceViaIntScheduledMaintenanceID_del_parent' is too long (errno 1059) (sqlstate 42000) during query: CREATE TRIGGER `trg_fkTblFileToTblScheduledMaintenanceViaIntScheduledMaintenanceID_del_parent` BEFORE DELETE ON `tblScheduledMaintenance`         FOR EACH ROW         BEGIN             DELETE FROM `tblFile` WHERE `intScheduledMaintenanceID` = OLD.`id`;         END
2026-02-11T16:59:57.810729,fkTblFileToTblScheduledMaintenanceViaIntScheduledMaintenanceID,trg_fkTblFileToTblScheduledMaintenanceViaIntScheduledMaintenanceID_upd_parent,PARENT_UPDATE_RESTRICT,FAILURE,"Code: 1 | Error: E0211 16:59:57.806263   69236 main.go:60] rpc error: code = Unknown desc = TabletManager.ExecuteFetchAsDba on zone1-3072903978: rpc error: code = Unknown desc = Identifier name 'trg_fkTblFileToTblScheduledMaintenanceViaIntScheduledMaintenanceID_upd_parent' is too long (errno 1059) (sqlstate 42000) during query: CREATE TRIGGER `trg_fkTblFileToTblScheduledMaintenanceViaIntScheduledMaintenanceID_upd_parent` BEFORE UPDATE ON `tblScheduledMaintenance`     FOR EACH ROW     BEGIN         IF NOT (NEW.`id` <=> OLD.`id`) THEN             IF (SELECT COUNT(*) FROM `tblFile` WHERE `intScheduledMaintenanceID` = OLD.`id`) > 0 THEN                  SIGNAL SQLSTATE '45000'                   SET MESSAGE_TEXT = 'FK Violation: fkTblFileToTblScheduledMaintenanceViaIntScheduledMaintenanceID - Cannot update key, children exist in tblFile';             END IF;         END IF;     END"
2026-02-11T16:59:57.945840,fkTblFileToTblTaskGroupViaIntTaskGroupID,trg_fkTblFileToTblTaskGroupViaIntTaskGroupID_ins_valid,CHILD_INSERT_VALIDATE,SUCCESS,Success
2026-02-11T16:59:58.067146,fkTblFileToTblTaskGroupViaIntTaskGroupID,trg_fkTblFileToTblTaskGroupViaIntTaskGroupID_upd_valid,CHILD_UPDATE_VALIDATE,SUCCESS,Success
2026-02-11T16:59:58.185669,fkTblFileToTblTaskGroupViaIntTaskGroupID,trg_fkTblFileToTblTaskGroupViaIntTaskGroupID_del_parent,PARENT_DELETE_CASCADE,SUCCESS,Success
2026-02-11T16:59:58.303170,fkTblFileToTblTaskGroupViaIntTaskGroupID,trg_fkTblFileToTblTaskGroupViaIntTaskGroupID_upd_parent,PARENT_UPDATE_RESTRICT,SUCCESS,Success
2026-02-11T16:59:58.426518,fkTblFileToTblUserViaIntUserID,trg_fkTblFileToTblUserViaIntUserID_ins_valid,CHILD_INSERT_VALIDATE,SUCCESS,Success
2026-02-11T16:59:58.544716,fkTblFileToTblUserViaIntUserID,trg_fkTblFileToTblUserViaIntUserID_upd_valid,CHILD_UPDATE_VALIDATE,SUCCESS,Success
2026-02-11T16:59:58.680519,fkTblFileToTblUserViaIntUserID,trg_fkTblFileToTblUserViaIntUserID_del_parent,PARENT_DELETE_CASCADE,SUCCESS,Success
2026-02-11T16:59:58.792117,fkTblFileToTblUserViaIntUserID,trg_fkTblFileToTblUserViaIntUserID_upd_parent,PARENT_UPDATE_RESTRICT,SUCCESS,Success
2026-02-11T16:59:58.901782,fkTblFirewallToTblUserViaIntUserID,trg_fkTblFirewallToTblUserViaIntUserID_ins_valid,CHILD_INSERT_VALIDATE,SUCCESS,Success
2026-02-11T16:59:59.061359,fkTblFirewallToTblUserViaIntUserID,trg_fkTblFirewallToTblUserViaIntUserID_upd_valid,CHILD_UPDATE_VALIDATE,SUCCESS,Success
2026-02-11T16:59:59.202251,fkTblFirewallToTblUserViaIntUserID,trg_fkTblFirewallToTblUserViaIntUserID_del_parent,PARENT_DELETE_RESTRICT,SUCCESS,Success
2026-02-11T16:59:59.327514,fkTblFirewallToTblUserViaIntUserID,trg_fkTblFirewallToTblUserViaIntUserID_upd_parent,PARENT_UPDATE_RESTRICT,SUCCESS,Success
2026-02-11T16:59:59.445297,fkTblFirewallLogToTblAssetViaIntSiteID,trg_fkTblFirewallLogToTblAssetViaIntSiteID_ins_valid,CHILD_INSERT_VALIDATE,SUCCESS,Success
2026-02-11T16:59:59.557097,fkTblFirewallLogToTblAssetViaIntSiteID,trg_fkTblFirewallLogToTblAssetViaIntSiteID_upd_valid,CHILD_UPDATE_VALIDATE,SUCCESS,Success
2026-02-11T16:59:59.678406,fkTblFirewallLogToTblAssetViaIntSiteID,trg_fkTblFirewallLogToTblAssetViaIntSiteID_del_parent,PARENT_DELETE_RESTRICT,SUCCESS,Success
2026-02-11T16:59:59.794034,fkTblFirewallLogToTblAssetViaIntSiteID,trg_fkTblFirewallLogToTblAssetViaIntSiteID_upd_parent,PARENT_UPDATE_RESTRICT,SUCCESS,Success
2026-02-11T16:59:59.905946,fkTblFirewallLogToTblFirewallRuleViaIntFirewallRuleID,trg_fkTblFirewallLogToTblFirewallRuleViaIntFirewallRuleID_ins_valid,CHILD_INSERT_VALIDATE,FAILURE,Code: 1 | Error: E0211 16:59:59.901514   69262 main.go:60] rpc error: code = Unknown desc = TabletManager.ExecuteFetchAsDba on zone1-3072903978: rpc error: code = Unknown desc = Identifier name 'trg_fkTblFirewallLogToTblFirewallRuleViaIntFirewallRuleID_ins_valid' is too long (errno 1059) (sqlstate 42000) during query: CREATE TRIGGER `trg_fkTblFirewallLogToTblFirewallRuleViaIntFirewallRuleID_ins_valid` BEFORE INSERT ON `tblFirewallLog`     FOR EACH ROW     BEGIN         IF (SELECT COUNT(*) FROM `tblFirewallRule` WHERE `id` = NEW.`intFirewallRuleID`) = 0 THEN             SIGNAL SQLSTATE '45000'              SET MESSAGE_TEXT = 'FK Violation: fkTblFirewallLogToTblFirewallRuleViaIntFirewallRuleID - Referenced key not found in tblFirewallRule';         END IF;     END
2026-02-11T17:00:00.016389,fkTblFirewallLogToTblFirewallRuleViaIntFirewallRuleID,trg_fkTblFirewallLogToTblFirewallRuleViaIntFirewallRuleID_upd_valid,CHILD_UPDATE_VALIDATE,FAILURE,Code: 1 | Error: E0211 17:00:00.012661   69284 main.go:60] rpc error: code = Unknown desc = TabletManager.ExecuteFetchAsDba on zone1-3072903978: rpc error: code = Unknown desc = Identifier name 'trg_fkTblFirewallLogToTblFirewallRuleViaIntFirewallRuleID_upd_valid' is too long (errno 1059) (sqlstate 42000) during query: CREATE TRIGGER `trg_fkTblFirewallLogToTblFirewallRuleViaIntFirewallRuleID_upd_valid` BEFORE UPDATE ON `tblFirewallLog`     FOR EACH ROW     BEGIN         IF NOT (NEW.`intFirewallRuleID` <=> OLD.`intFirewallRuleID`) THEN             IF (SELECT COUNT(*) FROM `tblFirewallRule` WHERE `id` = NEW.`intFirewallRuleID`) = 0 THEN                 SIGNAL SQLSTATE '45000'                  SET MESSAGE_TEXT = 'FK Violation: fkTblFirewallLogToTblFirewallRuleViaIntFirewallRuleID - Referenced key not found in tblFirewallRule';             END IF;         END IF;     END
2026-02-11T17:00:00.152040,fkTblFirewallLogToTblFirewallRuleViaIntFirewallRuleID,trg_fkTblFirewallLogToTblFirewallRuleViaIntFirewallRuleID_del_parent,PARENT_DELETE_RESTRICT,FAILURE,"Code: 1 | Error: E0211 17:00:00.148409   69318 main.go:60] rpc error: code = Unknown desc = TabletManager.ExecuteFetchAsDba on zone1-3072903978: rpc error: code = Unknown desc = Identifier name 'trg_fkTblFirewallLogToTblFirewallRuleViaIntFirewallRuleID_del_parent' is too long (errno 1059) (sqlstate 42000) during query: CREATE TRIGGER `trg_fkTblFirewallLogToTblFirewallRuleViaIntFirewallRuleID_del_parent` BEFORE DELETE ON `tblFirewallRule`         FOR EACH ROW         BEGIN             IF (SELECT COUNT(*) FROM `tblFirewallLog` WHERE `intFirewallRuleID` = OLD.`id`) > 0 THEN                 SIGNAL SQLSTATE '45000'                  SET MESSAGE_TEXT = 'FK Violation: fkTblFirewallLogToTblFirewallRuleViaIntFirewallRuleID - Cannot delete, children exist in tblFirewallLog';             END IF;         END"
2026-02-11T17:00:00.260219,fkTblFirewallLogToTblFirewallRuleViaIntFirewallRuleID,trg_fkTblFirewallLogToTblFirewallRuleViaIntFirewallRuleID_upd_parent,PARENT_UPDATE_RESTRICT,FAILURE,"Code: 1 | Error: E0211 17:00:00.256899   69349 main.go:60] rpc error: code = Unknown desc = TabletManager.ExecuteFetchAsDba on zone1-3072903978: rpc error: code = Unknown desc = Identifier name 'trg_fkTblFirewallLogToTblFirewallRuleViaIntFirewallRuleID_upd_parent' is too long (errno 1059) (sqlstate 42000) during query: CREATE TRIGGER `trg_fkTblFirewallLogToTblFirewallRuleViaIntFirewallRuleID_upd_parent` BEFORE UPDATE ON `tblFirewallRule`     FOR EACH ROW     BEGIN         IF NOT (NEW.`id` <=> OLD.`id`) THEN             IF (SELECT COUNT(*) FROM `tblFirewallLog` WHERE `intFirewallRuleID` = OLD.`id`) > 0 THEN                  SIGNAL SQLSTATE '45000'                   SET MESSAGE_TEXT = 'FK Violation: fkTblFirewallLogToTblFirewallRuleViaIntFirewallRuleID - Cannot update key, children exist in tblFirewallLog';             END IF;         END IF;     END"
2026-02-11T17:00:00.372016,fkTblFirewallLogToTblFirewallViaIntFirewallID,trg_fkTblFirewallLogToTblFirewallViaIntFirewallID_ins_valid,CHILD_INSERT_VALIDATE,SUCCESS,Success
2026-02-11T17:00:00.481842,fkTblFirewallLogToTblFirewallViaIntFirewallID,trg_fkTblFirewallLogToTblFirewallViaIntFirewallID_upd_valid,CHILD_UPDATE_VALIDATE,SUCCESS,Success
2026-02-11T17:00:00.599186,fkTblFirewallLogToTblFirewallViaIntFirewallID,trg_fkTblFirewallLogToTblFirewallViaIntFirewallID_del_parent,PARENT_DELETE_RESTRICT,SUCCESS,Success
2026-02-11T17:00:00.713560,fkTblFirewallLogToTblFirewallViaIntFirewallID,trg_fkTblFirewallLogToTblFirewallViaIntFirewallID_upd_parent,PARENT_UPDATE_RESTRICT,SUCCESS,Success
2026-02-11T17:00:00.824016,fkTblFirewallLogToTblUserViaIntUserID,trg_fkTblFirewallLogToTblUserViaIntUserID_ins_valid,CHILD_INSERT_VALIDATE,SUCCESS,Success
2026-02-11T17:00:00.937849,fkTblFirewallLogToTblUserViaIntUserID,trg_fkTblFirewallLogToTblUserViaIntUserID_upd_valid,CHILD_UPDATE_VALIDATE,SUCCESS,Success
2026-02-11T17:00:01.097070,fkTblFirewallLogToTblUserViaIntUserID,trg_fkTblFirewallLogToTblUserViaIntUserID_del_parent,PARENT_DELETE_RESTRICT,SUCCESS,Success
2026-02-11T17:00:01.224613,fkTblFirewallLogToTblUserViaIntUserID,trg_fkTblFirewallLogToTblUserViaIntUserID_upd_parent,PARENT_UPDATE_RESTRICT,SUCCESS,Success
2026-02-11T17:00:01.337480,fkTblFirewallRuleToTblAssetViaIntSiteID,trg_fkTblFirewallRuleToTblAssetViaIntSiteID_ins_valid,CHILD_INSERT_VALIDATE,SUCCESS,Success
2026-02-11T17:00:01.452745,fkTblFirewallRuleToTblAssetViaIntSiteID,trg_fkTblFirewallRuleToTblAssetViaIntSiteID_upd_valid,CHILD_UPDATE_VALIDATE,SUCCESS,Success
2026-02-11T17:00:01.578880,fkTblFirewallRuleToTblAssetViaIntSiteID,trg_fkTblFirewallRuleToTblAssetViaIntSiteID_del_parent,PARENT_DELETE_RESTRICT,SUCCESS,Success
2026-02-11T17:00:01.701939,fkTblFirewallRuleToTblAssetViaIntSiteID,trg_fkTblFirewallRuleToTblAssetViaIntSiteID_upd_parent,PARENT_UPDATE_RESTRICT,SUCCESS,Success
2026-02-11T17:00:01.817228,fkTblFirewallRuleToTblFirewallViaIntFirewallID,trg_fkTblFirewallRuleToTblFirewallViaIntFirewallID_ins_valid,CHILD_INSERT_VALIDATE,SUCCESS,Success
2026-02-11T17:00:01.932993,fkTblFirewallRuleToTblFirewallViaIntFirewallID,trg_fkTblFirewallRuleToTblFirewallViaIntFirewallID_upd_valid,CHILD_UPDATE_VALIDATE,SUCCESS,Success
2026-02-11T17:00:02.048184,fkTblFirewallRuleToTblFirewallViaIntFirewallID,trg_fkTblFirewallRuleToTblFirewallViaIntFirewallID_del_parent,PARENT_DELETE_RESTRICT,SUCCESS,Success
2026-02-11T17:00:02.159451,fkTblFirewallRuleToTblFirewallViaIntFirewallID,trg_fkTblFirewallRuleToTblFirewallViaIntFirewallID_upd_parent,PARENT_UPDATE_RESTRICT,SUCCESS,Success
2026-02-11T17:00:02.274218,fkTblFirewallRuleToTblUserViaIntUserID,trg_fkTblFirewallRuleToTblUserViaIntUserID_ins_valid,CHILD_INSERT_VALIDATE,SUCCESS,Success
2026-02-11T17:00:02.380136,fkTblFirewallRuleToTblUserViaIntUserID,trg_fkTblFirewallRuleToTblUserViaIntUserID_upd_valid,CHILD_UPDATE_VALIDATE,SUCCESS,Success
2026-02-11T17:00:02.493107,fkTblFirewallRuleToTblUserViaIntUserID,trg_fkTblFirewallRuleToTblUserViaIntUserID_del_parent,PARENT_DELETE_RESTRICT,SUCCESS,Success
2026-02-11T17:00:02.615280,fkTblFirewallRuleToTblUserViaIntUserID,trg_fkTblFirewallRuleToTblUserViaIntUserID_upd_parent,PARENT_UPDATE_RESTRICT,SUCCESS,Success
2026-02-11T17:00:02.731365,fkTblGHGCalcAssetToTblAssetViaIntAssetID,trg_fkTblGHGCalcAssetToTblAssetViaIntAssetID_ins_valid,CHILD_INSERT_VALIDATE,SUCCESS,Success
2026-02-11T17:00:02.845868,fkTblGHGCalcAssetToTblAssetViaIntAssetID,trg_fkTblGHGCalcAssetToTblAssetViaIntAssetID_upd_valid,CHILD_UPDATE_VALIDATE,SUCCESS,Success
2026-02-11T17:00:02.966490,fkTblGHGCalcAssetToTblAssetViaIntAssetID,trg_fkTblGHGCalcAssetToTblAssetViaIntAssetID_del_parent,PARENT_DELETE_CASCADE,SUCCESS,Success
2026-02-11T17:00:03.089021,fkTblGHGCalcAssetToTblAssetViaIntAssetID,trg_fkTblGHGCalcAssetToTblAssetViaIntAssetID_upd_parent,PARENT_UPDATE_RESTRICT,SUCCESS,Success
2026-02-11T17:00:03.195605,fkTblGroupPermissionsToTblUserViaIntGroupID,trg_fkTblGroupPermissionsToTblUserViaIntGroupID_ins_valid,CHILD_INSERT_VALIDATE,SUCCESS,Success
2026-02-11T17:00:03.355287,fkTblGroupPermissionsToTblUserViaIntGroupID,trg_fkTblGroupPermissionsToTblUserViaIntGroupID_upd_valid,CHILD_UPDATE_VALIDATE,SUCCESS,Success
2026-02-11T17:00:03.490272,fkTblGroupPermissionsToTblUserViaIntGroupID,trg_fkTblGroupPermissionsToTblUserViaIntGroupID_del_parent,PARENT_DELETE_CASCADE,SUCCESS,Success
2026-02-11T17:00:03.608109,fkTblGroupPermissionsToTblUserViaIntGroupID,trg_fkTblGroupPermissionsToTblUserViaIntGroupID_upd_parent,PARENT_UPDATE_RESTRICT,SUCCESS,Success
2026-02-11T17:00:03.717439,fkTblGuestActionsToTblWorkOrderViaIntCreatedWorkOrderID,trg_fkTblGuestActionsToTblWorkOrderViaIntCreatedWorkOrderID_ins_valid,CHILD_INSERT_VALIDATE,FAILURE,Code: 1 | Error: E0211 17:00:03.713223   69425 main.go:60] rpc error: code = Unknown desc = TabletManager.ExecuteFetchAsDba on zone1-3072903978: rpc error: code = Unknown desc = Identifier name 'trg_fkTblGuestActionsToTblWorkOrderViaIntCreatedWorkOrderID_ins_valid' is too long (errno 1059) (sqlstate 42000) during query: CREATE TRIGGER `trg_fkTblGuestActionsToTblWorkOrderViaIntCreatedWorkOrderID_ins_valid` BEFORE INSERT ON `tblGuestActions`     FOR EACH ROW     BEGIN         IF (SELECT COUNT(*) FROM `tblWorkOrder` WHERE `id` = NEW.`intCreatedWorkOrderID`) = 0 THEN             SIGNAL SQLSTATE '45000'              SET MESSAGE_TEXT = 'FK Violation: fkTblGuestActionsToTblWorkOrderViaIntCreatedWorkOrderID - Referenced key not found in tblWorkOrder';         END IF;     END
2026-02-11T17:00:03.876166,fkTblGuestActionsToTblWorkOrderViaIntCreatedWorkOrderID,trg_fkTblGuestActionsToTblWorkOrderViaIntCreatedWorkOrderID_upd_valid,CHILD_UPDATE_VALIDATE,FAILURE,Code: 1 | Error: E0211 17:00:03.870598   69426 main.go:60] rpc error: code = Unknown desc = TabletManager.ExecuteFetchAsDba on zone1-3072903978: rpc error: code = Unknown desc = Identifier name 'trg_fkTblGuestActionsToTblWorkOrderViaIntCreatedWorkOrderID_upd_valid' is too long (errno 1059) (sqlstate 42000) during query: CREATE TRIGGER `trg_fkTblGuestActionsToTblWorkOrderViaIntCreatedWorkOrderID_upd_valid` BEFORE UPDATE ON `tblGuestActions`     FOR EACH ROW     BEGIN         IF NOT (NEW.`intCreatedWorkOrderID` <=> OLD.`intCreatedWorkOrderID`) THEN             IF (SELECT COUNT(*) FROM `tblWorkOrder` WHERE `id` = NEW.`intCreatedWorkOrderID`) = 0 THEN                 SIGNAL SQLSTATE '45000'                  SET MESSAGE_TEXT = 'FK Violation: fkTblGuestActionsToTblWorkOrderViaIntCreatedWorkOrderID - Referenced key not found in tblWorkOrder';             END IF;         END IF;     END
2026-02-11T17:00:03.990390,fkTblGuestActionsToTblWorkOrderViaIntCreatedWorkOrderID,trg_fkTblGuestActionsToTblWorkOrderViaIntCreatedWorkOrderID_del_parent,PARENT_DELETE_CASCADE,FAILURE,Code: 1 | Error: E0211 17:00:03.986602   69427 main.go:60] rpc error: code = Unknown desc = TabletManager.ExecuteFetchAsDba on zone1-3072903978: rpc error: code = Unknown desc = Identifier name 'trg_fkTblGuestActionsToTblWorkOrderViaIntCreatedWorkOrderID_del_parent' is too long (errno 1059) (sqlstate 42000) during query: CREATE TRIGGER `trg_fkTblGuestActionsToTblWorkOrderViaIntCreatedWorkOrderID_del_parent` BEFORE DELETE ON `tblWorkOrder`         FOR EACH ROW         BEGIN             DELETE FROM `tblGuestActions` WHERE `intCreatedWorkOrderID` = OLD.`id`;         END
2026-02-11T17:00:04.101262,fkTblGuestActionsToTblWorkOrderViaIntCreatedWorkOrderID,trg_fkTblGuestActionsToTblWorkOrderViaIntCreatedWorkOrderID_upd_parent,PARENT_UPDATE_RESTRICT,FAILURE,"Code: 1 | Error: E0211 17:00:04.096370   69428 main.go:60] rpc error: code = Unknown desc = TabletManager.ExecuteFetchAsDba on zone1-3072903978: rpc error: code = Unknown desc = Identifier name 'trg_fkTblGuestActionsToTblWorkOrderViaIntCreatedWorkOrderID_upd_parent' is too long (errno 1059) (sqlstate 42000) during query: CREATE TRIGGER `trg_fkTblGuestActionsToTblWorkOrderViaIntCreatedWorkOrderID_upd_parent` BEFORE UPDATE ON `tblWorkOrder`     FOR EACH ROW     BEGIN         IF NOT (NEW.`id` <=> OLD.`id`) THEN             IF (SELECT COUNT(*) FROM `tblGuestActions` WHERE `intCreatedWorkOrderID` = OLD.`id`) > 0 THEN                  SIGNAL SQLSTATE '45000'                   SET MESSAGE_TEXT = 'FK Violation: fkTblGuestActionsToTblWorkOrderViaIntCreatedWorkOrderID - Cannot update key, children exist in tblGuestActions';             END IF;         END IF;     END"
2026-02-11T17:00:04.222592,fkTblGuestMrFormFieldToTblSystemSettingViaIntSystemSettingID,trg_fkTblGuestMrFormFieldToTblSystemSettingViaIntSystemSettingID_ins_valid,CHILD_INSERT_VALIDATE,FAILURE,Code: 1 | Error: E0211 17:00:04.212455   69429 main.go:60] rpc error: code = Unknown desc = TabletManager.ExecuteFetchAsDba on zone1-3072903978: rpc error: code = Unknown desc = Identifier name 'trg_fkTblGuestMrFormFieldToTblSystemSettingViaIntSystemSettingID_ins_valid' is too long (errno 1059) (sqlstate 42000) during query: CREATE TRIGGER `trg_fkTblGuestMrFormFieldToTblSystemSettingViaIntSystemSettingID_ins_valid` BEFORE INSERT ON `tblGuestMrFormField`     FOR EACH ROW     BEGIN         IF (SELECT COUNT(*) FROM `tblSystemSetting` WHERE `id` = NEW.`intSystemSettingID`) = 0 THEN             SIGNAL SQLSTATE '45000'              SET MESSAGE_TEXT = 'FK Violation: fkTblGuestMrFormFieldToTblSystemSettingViaIntSystemSettingID - Referenced key not found in tblSystemSetting';         END IF;     END
2026-02-11T17:00:04.347525,fkTblGuestMrFormFieldToTblSystemSettingViaIntSystemSettingID,trg_fkTblGuestMrFormFieldToTblSystemSettingViaIntSystemSettingID_upd_valid,CHILD_UPDATE_VALIDATE,FAILURE,Code: 1 | Error: E0211 17:00:04.342405   69430 main.go:60] rpc error: code = Unknown desc = TabletManager.ExecuteFetchAsDba on zone1-3072903978: rpc error: code = Unknown desc = Identifier name 'trg_fkTblGuestMrFormFieldToTblSystemSettingViaIntSystemSettingID_upd_valid' is too long (errno 1059) (sqlstate 42000) during query: CREATE TRIGGER `trg_fkTblGuestMrFormFieldToTblSystemSettingViaIntSystemSettingID_upd_valid` BEFORE UPDATE ON `tblGuestMrFormField`     FOR EACH ROW     BEGIN         IF NOT (NEW.`intSystemSettingID` <=> OLD.`intSystemSettingID`) THEN             IF (SELECT COUNT(*) FROM `tblSystemSetting` WHERE `id` = NEW.`intSystemSettingID`) = 0 THEN                 SIGNAL SQLSTATE '45000'                  SET MESSAGE_TEXT = 'FK Violation: fkTblGuestMrFormFieldToTblSystemSettingViaIntSystemSettingID - Referenced key not found in tblSystemSetting';             END IF;         END IF;     END
2026-02-11T17:00:04.472402,fkTblGuestMrFormFieldToTblSystemSettingViaIntSystemSettingID,trg_fkTblGuestMrFormFieldToTblSystemSettingViaIntSystemSettingID_del_parent,PARENT_DELETE_CASCADE,FAILURE,Code: 1 | Error: E0211 17:00:04.468341   69431 main.go:60] rpc error: code = Unknown desc = TabletManager.ExecuteFetchAsDba on zone1-3072903978: rpc error: code = Unknown desc = Identifier name 'trg_fkTblGuestMrFormFieldToTblSystemSettingViaIntSystemSettingID_del_parent' is too long (errno 1059) (sqlstate 42000) during query: CREATE TRIGGER `trg_fkTblGuestMrFormFieldToTblSystemSettingViaIntSystemSettingID_del_parent` BEFORE DELETE ON `tblSystemSetting`         FOR EACH ROW         BEGIN             DELETE FROM `tblGuestMrFormField` WHERE `intSystemSettingID` = OLD.`id`;         END
2026-02-11T17:00:04.587299,fkTblGuestMrFormFieldToTblSystemSettingViaIntSystemSettingID,trg_fkTblGuestMrFormFieldToTblSystemSettingViaIntSystemSettingID_upd_parent,PARENT_UPDATE_RESTRICT,FAILURE,"Code: 1 | Error: E0211 17:00:04.583359   69432 main.go:60] rpc error: code = Unknown desc = TabletManager.ExecuteFetchAsDba on zone1-3072903978: rpc error: code = Unknown desc = Identifier name 'trg_fkTblGuestMrFormFieldToTblSystemSettingViaIntSystemSettingID_upd_parent' is too long (errno 1059) (sqlstate 42000) during query: CREATE TRIGGER `trg_fkTblGuestMrFormFieldToTblSystemSettingViaIntSystemSettingID_upd_parent` BEFORE UPDATE ON `tblSystemSetting`     FOR EACH ROW     BEGIN         IF NOT (NEW.`id` <=> OLD.`id`) THEN             IF (SELECT COUNT(*) FROM `tblGuestMrFormField` WHERE `intSystemSettingID` = OLD.`id`) > 0 THEN                  SIGNAL SQLSTATE '45000'                   SET MESSAGE_TEXT = 'FK Violation: fkTblGuestMrFormFieldToTblSystemSettingViaIntSystemSettingID - Cannot update key, children exist in tblGuestMrFormField';             END IF;         END IF;     END"
2026-02-11T17:00:04.712401,fkTblIntegrationToTblUserViaIntCreatedByUserID,trg_fkTblIntegrationToTblUserViaIntCreatedByUserID_ins_valid,CHILD_INSERT_VALIDATE,SUCCESS,Success
2026-02-11T17:00:04.826876,fkTblIntegrationToTblUserViaIntCreatedByUserID,trg_fkTblIntegrationToTblUserViaIntCreatedByUserID_upd_valid,CHILD_UPDATE_VALIDATE,SUCCESS,Success
2026-02-11T17:00:04.949085,fkTblIntegrationToTblUserViaIntCreatedByUserID,trg_fkTblIntegrationToTblUserViaIntCreatedByUserID_del_parent,PARENT_DELETE_RESTRICT,SUCCESS,Success
2026-02-11T17:00:05.062328,fkTblIntegrationToTblUserViaIntCreatedByUserID,trg_fkTblIntegrationToTblUserViaIntCreatedByUserID_upd_parent,PARENT_UPDATE_RESTRICT,SUCCESS,Success
2026-02-11T17:00:05.169514,fkTblIntegrationToTblUserViaIntUpdatedByUserID,trg_fkTblIntegrationToTblUserViaIntUpdatedByUserID_ins_valid,CHILD_INSERT_VALIDATE,SUCCESS,Success
2026-02-11T17:00:05.280709,fkTblIntegrationToTblUserViaIntUpdatedByUserID,trg_fkTblIntegrationToTblUserViaIntUpdatedByUserID_upd_valid,CHILD_UPDATE_VALIDATE,SUCCESS,Success
2026-02-11T17:00:05.394409,fkTblIntegrationToTblUserViaIntUpdatedByUserID,trg_fkTblIntegrationToTblUserViaIntUpdatedByUserID_del_parent,PARENT_DELETE_RESTRICT,SUCCESS,Success
2026-02-11T17:00:05.513194,fkTblIntegrationToTblUserViaIntUpdatedByUserID,trg_fkTblIntegrationToTblUserViaIntUpdatedByUserID_upd_parent,PARENT_UPDATE_RESTRICT,SUCCESS,Success
2026-02-11T17:00:05.664452,fkTblIntegrationActionToTblIntegrationViaIntIntegrationID,trg_fkTblIntegrationActionToTblIntegrationViaIntIntegrationID_ins_valid,CHILD_INSERT_VALIDATE,FAILURE,Code: 1 | Error: E0211 17:00:05.660657   69441 main.go:60] rpc error: code = Unknown desc = TabletManager.ExecuteFetchAsDba on zone1-3072903978: rpc error: code = Unknown desc = Identifier name 'trg_fkTblIntegrationActionToTblIntegrationViaIntIntegrationID_ins_valid' is too long (errno 1059) (sqlstate 42000) during query: CREATE TRIGGER `trg_fkTblIntegrationActionToTblIntegrationViaIntIntegrationID_ins_valid` BEFORE INSERT ON `tblIntegrationAction`     FOR EACH ROW     BEGIN         IF (SELECT COUNT(*) FROM `tblIntegration` WHERE `id` = NEW.`intIntegrationID`) = 0 THEN             SIGNAL SQLSTATE '45000'              SET MESSAGE_TEXT = 'FK Violation: fkTblIntegrationActionToTblIntegrationViaIntIntegrationID - Referenced key not found in tblIntegration';         END IF;     END
2026-02-11T17:00:05.791842,fkTblIntegrationActionToTblIntegrationViaIntIntegrationID,trg_fkTblIntegrationActionToTblIntegrationViaIntIntegrationID_upd_valid,CHILD_UPDATE_VALIDATE,FAILURE,Code: 1 | Error: E0211 17:00:05.786651   69442 main.go:60] rpc error: code = Unknown desc = TabletManager.ExecuteFetchAsDba on zone1-3072903978: rpc error: code = Unknown desc = Identifier name 'trg_fkTblIntegrationActionToTblIntegrationViaIntIntegrationID_upd_valid' is too long (errno 1059) (sqlstate 42000) during query: CREATE TRIGGER `trg_fkTblIntegrationActionToTblIntegrationViaIntIntegrationID_upd_valid` BEFORE UPDATE ON `tblIntegrationAction`     FOR EACH ROW     BEGIN         IF NOT (NEW.`intIntegrationID` <=> OLD.`intIntegrationID`) THEN             IF (SELECT COUNT(*) FROM `tblIntegration` WHERE `id` = NEW.`intIntegrationID`) = 0 THEN                 SIGNAL SQLSTATE '45000'                  SET MESSAGE_TEXT = 'FK Violation: fkTblIntegrationActionToTblIntegrationViaIntIntegrationID - Referenced key not found in tblIntegration';             END IF;         END IF;     END
2026-02-11T17:00:05.914787,fkTblIntegrationActionToTblIntegrationViaIntIntegrationID,trg_fkTblIntegrationActionToTblIntegrationViaIntIntegrationID_del_parent,PARENT_DELETE_RESTRICT,FAILURE,"Code: 1 | Error: E0211 17:00:05.911318   69443 main.go:60] rpc error: code = Unknown desc = TabletManager.ExecuteFetchAsDba on zone1-3072903978: rpc error: code = Unknown desc = Identifier name 'trg_fkTblIntegrationActionToTblIntegrationViaIntIntegrationID_del_parent' is too long (errno 1059) (sqlstate 42000) during query: CREATE TRIGGER `trg_fkTblIntegrationActionToTblIntegrationViaIntIntegrationID_del_parent` BEFORE DELETE ON `tblIntegration`         FOR EACH ROW         BEGIN             IF (SELECT COUNT(*) FROM `tblIntegrationAction` WHERE `intIntegrationID` = OLD.`id`) > 0 THEN                 SIGNAL SQLSTATE '45000'                  SET MESSAGE_TEXT = 'FK Violation: fkTblIntegrationActionToTblIntegrationViaIntIntegrationID - Cannot delete, children exist in tblIntegrationAction';             END IF;         END"
2026-02-11T17:00:06.022237,fkTblIntegrationActionToTblIntegrationViaIntIntegrationID,trg_fkTblIntegrationActionToTblIntegrationViaIntIntegrationID_upd_parent,PARENT_UPDATE_RESTRICT,FAILURE,"Code: 1 | Error: E0211 17:00:06.018916   69444 main.go:60] rpc error: code = Unknown desc = TabletManager.ExecuteFetchAsDba on zone1-3072903978: rpc error: code = Unknown desc = Identifier name 'trg_fkTblIntegrationActionToTblIntegrationViaIntIntegrationID_upd_parent' is too long (errno 1059) (sqlstate 42000) during query: CREATE TRIGGER `trg_fkTblIntegrationActionToTblIntegrationViaIntIntegrationID_upd_parent` BEFORE UPDATE ON `tblIntegration`     FOR EACH ROW     BEGIN         IF NOT (NEW.`id` <=> OLD.`id`) THEN             IF (SELECT COUNT(*) FROM `tblIntegrationAction` WHERE `intIntegrationID` = OLD.`id`) > 0 THEN                  SIGNAL SQLSTATE '45000'                   SET MESSAGE_TEXT = 'FK Violation: fkTblIntegrationActionToTblIntegrationViaIntIntegrationID - Cannot update key, children exist in tblIntegrationAction';             END IF;         END IF;     END"
2026-02-11T17:00:06.130216,fkTblIntegrationActionLogToTblActivityLogViaIntActivityLogID,trg_fkTblIntegrationActionLogToTblActivityLogViaIntActivityLogID_ins_valid,CHILD_INSERT_VALIDATE,FAILURE,Code: 1 | Error: E0211 17:00:06.126461   69446 main.go:60] rpc error: code = Unknown desc = TabletManager.ExecuteFetchAsDba on zone1-3072903978: rpc error: code = Unknown desc = Identifier name 'trg_fkTblIntegrationActionLogToTblActivityLogViaIntActivityLogID_ins_valid' is too long (errno 1059) (sqlstate 42000) during query: CREATE TRIGGER `trg_fkTblIntegrationActionLogToTblActivityLogViaIntActivityLogID_ins_valid` BEFORE INSERT ON `tblIntegrationActionLog`     FOR EACH ROW     BEGIN         IF (SELECT COUNT(*) FROM `tblActivityLog` WHERE `id` = NEW.`intActivityLogID`) = 0 THEN             SIGNAL SQLSTATE '45000'              SET MESSAGE_TEXT = 'FK Violation: fkTblIntegrationActionLogToTblActivityLogViaIntActivityLogID - Referenced key not found in tblActivityLog';         END IF;     END
2026-02-11T17:00:06.241487,fkTblIntegrationActionLogToTblActivityLogViaIntActivityLogID,trg_fkTblIntegrationActionLogToTblActivityLogViaIntActivityLogID_upd_valid,CHILD_UPDATE_VALIDATE,FAILURE,Code: 1 | Error: E0211 17:00:06.237673   69447 main.go:60] rpc error: code = Unknown desc = TabletManager.ExecuteFetchAsDba on zone1-3072903978: rpc error: code = Unknown desc = Identifier name 'trg_fkTblIntegrationActionLogToTblActivityLogViaIntActivityLogID_upd_valid' is too long (errno 1059) (sqlstate 42000) during query: CREATE TRIGGER `trg_fkTblIntegrationActionLogToTblActivityLogViaIntActivityLogID_upd_valid` BEFORE UPDATE ON `tblIntegrationActionLog`     FOR EACH ROW     BEGIN         IF NOT (NEW.`intActivityLogID` <=> OLD.`intActivityLogID`) THEN             IF (SELECT COUNT(*) FROM `tblActivityLog` WHERE `id` = NEW.`intActivityLogID`) = 0 THEN                 SIGNAL SQLSTATE '45000'                  SET MESSAGE_TEXT = 'FK Violation: fkTblIntegrationActionLogToTblActivityLogViaIntActivityLogID - Referenced key not found in tblActivityLog';             END IF;         END IF;     END
2026-02-11T17:00:06.353867,fkTblIntegrationActionLogToTblActivityLogViaIntActivityLogID,trg_fkTblIntegrationActionLogToTblActivityLogViaIntActivityLogID_del_parent,PARENT_DELETE_CASCADE,FAILURE,Code: 1 | Error: E0211 17:00:06.349708   69448 main.go:60] rpc error: code = Unknown desc = TabletManager.ExecuteFetchAsDba on zone1-3072903978: rpc error: code = Unknown desc = Identifier name 'trg_fkTblIntegrationActionLogToTblActivityLogViaIntActivityLogID_del_parent' is too long (errno 1059) (sqlstate 42000) during query: CREATE TRIGGER `trg_fkTblIntegrationActionLogToTblActivityLogViaIntActivityLogID_del_parent` BEFORE DELETE ON `tblActivityLog`         FOR EACH ROW         BEGIN             DELETE FROM `tblIntegrationActionLog` WHERE `intActivityLogID` = OLD.`id`;         END
2026-02-11T17:00:06.459641,fkTblIntegrationActionLogToTblActivityLogViaIntActivityLogID,trg_fkTblIntegrationActionLogToTblActivityLogViaIntActivityLogID_upd_parent,PARENT_UPDATE_RESTRICT,FAILURE,"Code: 1 | Error: E0211 17:00:06.456357   69451 main.go:60] rpc error: code = Unknown desc = TabletManager.ExecuteFetchAsDba on zone1-3072903978: rpc error: code = Unknown desc = Identifier name 'trg_fkTblIntegrationActionLogToTblActivityLogViaIntActivityLogID_upd_parent' is too long (errno 1059) (sqlstate 42000) during query: CREATE TRIGGER `trg_fkTblIntegrationActionLogToTblActivityLogViaIntActivityLogID_upd_parent` BEFORE UPDATE ON `tblActivityLog`     FOR EACH ROW     BEGIN         IF NOT (NEW.`id` <=> OLD.`id`) THEN             IF (SELECT COUNT(*) FROM `tblIntegrationActionLog` WHERE `intActivityLogID` = OLD.`id`) > 0 THEN                  SIGNAL SQLSTATE '45000'                   SET MESSAGE_TEXT = 'FK Violation: fkTblIntegrationActionLogToTblActivityLogViaIntActivityLogID - Cannot update key, children exist in tblIntegrationActionLog';             END IF;         END IF;     END"
2026-02-11T17:00:06.562493,fkTblIntegrationActionLogToTblActivityLogViaIntParentA336262432,trg_fkTblIntegrationActionLogToTblActivityLogViaIntParentA336262432_ins_valid,CHILD_INSERT_VALIDATE,FAILURE,Code: 1 | Error: E0211 17:00:06.559351   69456 main.go:60] rpc error: code = Unknown desc = TabletManager.ExecuteFetchAsDba on zone1-3072903978: rpc error: code = Unknown desc = Identifier name 'trg_fkTblIntegrationActionLogToTblActivityLogViaIntParentA336262432_ins_valid' is too long (errno 1059) (sqlstate 42000) during query: CREATE TRIGGER `trg_fkTblIntegrationActionLogToTblActivityLogViaIntParentA336262432_ins_valid` BEFORE INSERT ON `tblIntegrationActionLog`     FOR EACH ROW     BEGIN         IF (SELECT COUNT(*) FROM `tblActivityLog` WHERE `id` = NEW.`intParentActivityLogID`) = 0 THEN             SIGNAL SQLSTATE '45000'              SET MESSAGE_TEXT = 'FK Violation: fkTblIntegrationActionLogToTblActivityLogViaIntParentA336262432 - Referenced key not found in tblActivityLog';         END IF;     END
2026-02-11T17:00:06.674301,fkTblIntegrationActionLogToTblActivityLogViaIntParentA336262432,trg_fkTblIntegrationActionLogToTblActivityLogViaIntParentA336262432_upd_valid,CHILD_UPDATE_VALIDATE,FAILURE,Code: 1 | Error: E0211 17:00:06.670990   69459 main.go:60] rpc error: code = Unknown desc = TabletManager.ExecuteFetchAsDba on zone1-3072903978: rpc error: code = Unknown desc = Identifier name 'trg_fkTblIntegrationActionLogToTblActivityLogViaIntParentA336262432_upd_valid' is too long (errno 1059) (sqlstate 42000) during query: CREATE TRIGGER `trg_fkTblIntegrationActionLogToTblActivityLogViaIntParentA336262432_upd_valid` BEFORE UPDATE ON `tblIntegrationActionLog`     FOR EACH ROW     BEGIN         IF NOT (NEW.`intParentActivityLogID` <=> OLD.`intParentActivityLogID`) THEN             IF (SELECT COUNT(*) FROM `tblActivityLog` WHERE `id` = NEW.`intParentActivityLogID`) = 0 THEN                 SIGNAL SQLSTATE '45000'                  SET MESSAGE_TEXT = 'FK Violation: fkTblIntegrationActionLogToTblActivityLogViaIntParentA336262432 - Referenced key not found in tblActivityLog';             END IF;         END IF;     END
2026-02-11T17:00:06.782784,fkTblIntegrationActionLogToTblActivityLogViaIntParentA336262432,trg_fkTblIntegrationActionLogToTblActivityLogViaIntParentA336262432_del_parent,PARENT_DELETE_CASCADE,FAILURE,Code: 1 | Error: E0211 17:00:06.779995   69471 main.go:60] rpc error: code = Unknown desc = TabletManager.ExecuteFetchAsDba on zone1-3072903978: rpc error: code = Unknown desc = Identifier name 'trg_fkTblIntegrationActionLogToTblActivityLogViaIntParentA336262432_del_parent' is too long (errno 1059) (sqlstate 42000) during query: CREATE TRIGGER `trg_fkTblIntegrationActionLogToTblActivityLogViaIntParentA336262432_del_parent` BEFORE DELETE ON `tblActivityLog`         FOR EACH ROW         BEGIN             DELETE FROM `tblIntegrationActionLog` WHERE `intParentActivityLogID` = OLD.`id`;         END
2026-02-11T17:00:06.890465,fkTblIntegrationActionLogToTblActivityLogViaIntParentA336262432,trg_fkTblIntegrationActionLogToTblActivityLogViaIntParentA336262432_upd_parent,PARENT_UPDATE_RESTRICT,FAILURE,"Code: 1 | Error: E0211 17:00:06.886979   69480 main.go:60] rpc error: code = Unknown desc = TabletManager.ExecuteFetchAsDba on zone1-3072903978: rpc error: code = Unknown desc = Identifier name 'trg_fkTblIntegrationActionLogToTblActivityLogViaIntParentA336262432_upd_parent' is too long (errno 1059) (sqlstate 42000) during query: CREATE TRIGGER `trg_fkTblIntegrationActionLogToTblActivityLogViaIntParentA336262432_upd_parent` BEFORE UPDATE ON `tblActivityLog`     FOR EACH ROW     BEGIN         IF NOT (NEW.`id` <=> OLD.`id`) THEN             IF (SELECT COUNT(*) FROM `tblIntegrationActionLog` WHERE `intParentActivityLogID` = OLD.`id`) > 0 THEN                  SIGNAL SQLSTATE '45000'                   SET MESSAGE_TEXT = 'FK Violation: fkTblIntegrationActionLogToTblActivityLogViaIntParentA336262432 - Cannot update key, children exist in tblIntegrationActionLog';             END IF;         END IF;     END"
2026-02-11T17:00:07.005326,fkTblIntegrationConfigurablePropertyToTblIntegrationV2128527156,trg_fkTblIntegrationConfigurablePropertyToTblIntegrationV2128527156_ins_valid,CHILD_INSERT_VALIDATE,FAILURE,Code: 1 | Error: E0211 17:00:07.001463   69482 main.go:60] rpc error: code = Unknown desc = TabletManager.ExecuteFetchAsDba on zone1-3072903978: rpc error: code = Unknown desc = Identifier name 'trg_fkTblIntegrationConfigurablePropertyToTblIntegrationV2128527156_ins_valid' is too long (errno 1059) (sqlstate 42000) during query: CREATE TRIGGER `trg_fkTblIntegrationConfigurablePropertyToTblIntegrationV2128527156_ins_valid` BEFORE INSERT ON `tblIntegrationConfigurableProperty`     FOR EACH ROW     BEGIN         IF (SELECT COUNT(*) FROM `tblIntegration` WHERE `id` = NEW.`intIntegrationID`) = 0 THEN             SIGNAL SQLSTATE '45000'              SET MESSAGE_TEXT = 'FK Violation: fkTblIntegrationConfigurablePropertyToTblIntegrationV2128527156 - Referenced key not found in tblIntegration';         END IF;     END
2026-02-11T17:00:07.112614,fkTblIntegrationConfigurablePropertyToTblIntegrationV2128527156,trg_fkTblIntegrationConfigurablePropertyToTblIntegrationV2128527156_upd_valid,CHILD_UPDATE_VALIDATE,FAILURE,Code: 1 | Error: E0211 17:00:07.109216   69483 main.go:60] rpc error: code = Unknown desc = TabletManager.ExecuteFetchAsDba on zone1-3072903978: rpc error: code = Unknown desc = Identifier name 'trg_fkTblIntegrationConfigurablePropertyToTblIntegrationV2128527156_upd_valid' is too long (errno 1059) (sqlstate 42000) during query: CREATE TRIGGER `trg_fkTblIntegrationConfigurablePropertyToTblIntegrationV2128527156_upd_valid` BEFORE UPDATE ON `tblIntegrationConfigurableProperty`     FOR EACH ROW     BEGIN         IF NOT (NEW.`intIntegrationID` <=> OLD.`intIntegrationID`) THEN             IF (SELECT COUNT(*) FROM `tblIntegration` WHERE `id` = NEW.`intIntegrationID`) = 0 THEN                 SIGNAL SQLSTATE '45000'                  SET MESSAGE_TEXT = 'FK Violation: fkTblIntegrationConfigurablePropertyToTblIntegrationV2128527156 - Referenced key not found in tblIntegration';             END IF;         END IF;     END
2026-02-11T17:00:07.221159,fkTblIntegrationConfigurablePropertyToTblIntegrationV2128527156,trg_fkTblIntegrationConfigurablePropertyToTblIntegrationV2128527156_del_parent,PARENT_DELETE_RESTRICT,FAILURE,"Code: 1 | Error: E0211 17:00:07.216432   69484 main.go:60] rpc error: code = Unknown desc = TabletManager.ExecuteFetchAsDba on zone1-3072903978: rpc error: code = Unknown desc = Identifier name 'trg_fkTblIntegrationConfigurablePropertyToTblIntegrationV2128527156_del_parent' is too long (errno 1059) (sqlstate 42000) during query: CREATE TRIGGER `trg_fkTblIntegrationConfigurablePropertyToTblIntegrationV2128527156_del_parent` BEFORE DELETE ON `tblIntegration`         FOR EACH ROW         BEGIN             IF (SELECT COUNT(*) FROM `tblIntegrationConfigurableProperty` WHERE `intIntegrationID` = OLD.`id`) > 0 THEN                 SIGNAL SQLSTATE '45000'                  SET MESSAGE_TEXT = 'FK Violation: fkTblIntegrationConfigurablePropertyToTblIntegrationV2128527156 - Cannot delete, children exist in tblIntegrationConfigurableProperty';             END IF;         END"
2026-02-11T17:00:07.335096,fkTblIntegrationConfigurablePropertyToTblIntegrationV2128527156,trg_fkTblIntegrationConfigurablePropertyToTblIntegrationV2128527156_upd_parent,PARENT_UPDATE_RESTRICT,FAILURE,"Code: 1 | Error: E0211 17:00:07.331248   69485 main.go:60] rpc error: code = Unknown desc = TabletManager.ExecuteFetchAsDba on zone1-3072903978: rpc error: code = Unknown desc = Identifier name 'trg_fkTblIntegrationConfigurablePropertyToTblIntegrationV2128527156_upd_parent' is too long (errno 1059) (sqlstate 42000) during query: CREATE TRIGGER `trg_fkTblIntegrationConfigurablePropertyToTblIntegrationV2128527156_upd_parent` BEFORE UPDATE ON `tblIntegration`     FOR EACH ROW     BEGIN         IF NOT (NEW.`id` <=> OLD.`id`) THEN             IF (SELECT COUNT(*) FROM `tblIntegrationConfigurableProperty` WHERE `intIntegrationID` = OLD.`id`) > 0 THEN                  SIGNAL SQLSTATE '45000'                   SET MESSAGE_TEXT = 'FK Violation: fkTblIntegrationConfigurablePropertyToTblIntegrationV2128527156 - Cannot update key, children exist in tblIntegrationConfigurableProperty';             END IF;         END IF;     END"
2026-02-11T17:00:07.448673,fkTblIntegrationParameterToTblIntegrationViaIntIntegrationID,trg_fkTblIntegrationParameterToTblIntegrationViaIntIntegrationID_ins_valid,CHILD_INSERT_VALIDATE,FAILURE,Code: 1 | Error: E0211 17:00:07.445207   69486 main.go:60] rpc error: code = Unknown desc = TabletManager.ExecuteFetchAsDba on zone1-3072903978: rpc error: code = Unknown desc = Identifier name 'trg_fkTblIntegrationParameterToTblIntegrationViaIntIntegrationID_ins_valid' is too long (errno 1059) (sqlstate 42000) during query: CREATE TRIGGER `trg_fkTblIntegrationParameterToTblIntegrationViaIntIntegrationID_ins_valid` BEFORE INSERT ON `tblIntegrationParameter`     FOR EACH ROW     BEGIN         IF (SELECT COUNT(*) FROM `tblIntegration` WHERE `id` = NEW.`intIntegrationID`) = 0 THEN             SIGNAL SQLSTATE '45000'              SET MESSAGE_TEXT = 'FK Violation: fkTblIntegrationParameterToTblIntegrationViaIntIntegrationID - Referenced key not found in tblIntegration';         END IF;     END
2026-02-11T17:00:07.556635,fkTblIntegrationParameterToTblIntegrationViaIntIntegrationID,trg_fkTblIntegrationParameterToTblIntegrationViaIntIntegrationID_upd_valid,CHILD_UPDATE_VALIDATE,FAILURE,Code: 1 | Error: E0211 17:00:07.552994   69487 main.go:60] rpc error: code = Unknown desc = TabletManager.ExecuteFetchAsDba on zone1-3072903978: rpc error: code = Unknown desc = Identifier name 'trg_fkTblIntegrationParameterToTblIntegrationViaIntIntegrationID_upd_valid' is too long (errno 1059) (sqlstate 42000) during query: CREATE TRIGGER `trg_fkTblIntegrationParameterToTblIntegrationViaIntIntegrationID_upd_valid` BEFORE UPDATE ON `tblIntegrationParameter`     FOR EACH ROW     BEGIN         IF NOT (NEW.`intIntegrationID` <=> OLD.`intIntegrationID`) THEN             IF (SELECT COUNT(*) FROM `tblIntegration` WHERE `id` = NEW.`intIntegrationID`) = 0 THEN                 SIGNAL SQLSTATE '45000'                  SET MESSAGE_TEXT = 'FK Violation: fkTblIntegrationParameterToTblIntegrationViaIntIntegrationID - Referenced key not found in tblIntegration';             END IF;         END IF;     END
2026-02-11T17:00:07.658616,fkTblIntegrationParameterToTblIntegrationViaIntIntegrationID,trg_fkTblIntegrationParameterToTblIntegrationViaIntIntegrationID_del_parent,PARENT_DELETE_RESTRICT,FAILURE,"Code: 1 | Error: E0211 17:00:07.655646   69488 main.go:60] rpc error: code = Unknown desc = TabletManager.ExecuteFetchAsDba on zone1-3072903978: rpc error: code = Unknown desc = Identifier name 'trg_fkTblIntegrationParameterToTblIntegrationViaIntIntegrationID_del_parent' is too long (errno 1059) (sqlstate 42000) during query: CREATE TRIGGER `trg_fkTblIntegrationParameterToTblIntegrationViaIntIntegrationID_del_parent` BEFORE DELETE ON `tblIntegration`         FOR EACH ROW         BEGIN             IF (SELECT COUNT(*) FROM `tblIntegrationParameter` WHERE `intIntegrationID` = OLD.`id`) > 0 THEN                 SIGNAL SQLSTATE '45000'                  SET MESSAGE_TEXT = 'FK Violation: fkTblIntegrationParameterToTblIntegrationViaIntIntegrationID - Cannot delete, children exist in tblIntegrationParameter';             END IF;         END"
2026-02-11T17:00:07.763264,fkTblIntegrationParameterToTblIntegrationViaIntIntegrationID,trg_fkTblIntegrationParameterToTblIntegrationViaIntIntegrationID_upd_parent,PARENT_UPDATE_RESTRICT,FAILURE,"Code: 1 | Error: E0211 17:00:07.759988   69489 main.go:60] rpc error: code = Unknown desc = TabletManager.ExecuteFetchAsDba on zone1-3072903978: rpc error: code = Unknown desc = Identifier name 'trg_fkTblIntegrationParameterToTblIntegrationViaIntIntegrationID_upd_parent' is too long (errno 1059) (sqlstate 42000) during query: CREATE TRIGGER `trg_fkTblIntegrationParameterToTblIntegrationViaIntIntegrationID_upd_parent` BEFORE UPDATE ON `tblIntegration`     FOR EACH ROW     BEGIN         IF NOT (NEW.`id` <=> OLD.`id`) THEN             IF (SELECT COUNT(*) FROM `tblIntegrationParameter` WHERE `intIntegrationID` = OLD.`id`) > 0 THEN                  SIGNAL SQLSTATE '45000'                   SET MESSAGE_TEXT = 'FK Violation: fkTblIntegrationParameterToTblIntegrationViaIntIntegrationID - Cannot update key, children exist in tblIntegrationParameter';             END IF;         END IF;     END"
2026-02-11T17:00:07.920535,fkTblLineItemToTblLineItemViaIntLineItemParentID,trg_fkTblLineItemToTblLineItemViaIntLineItemParentID_ins_valid,CHILD_INSERT_VALIDATE,SUCCESS,Success
2026-02-11T17:00:08.042068,fkTblLineItemToTblLineItemViaIntLineItemParentID,trg_fkTblLineItemToTblLineItemViaIntLineItemParentID_upd_valid,CHILD_UPDATE_VALIDATE,SUCCESS,Success
2026-02-11T17:00:08.154708,fkTblLineItemToTblLineItemViaIntLineItemParentID,trg_fkTblLineItemToTblLineItemViaIntLineItemParentID_del_parent,PARENT_DELETE_CASCADE,SUCCESS,Success
2026-02-11T17:00:08.265995,fkTblLineItemToTblLineItemViaIntLineItemParentID,trg_fkTblLineItemToTblLineItemViaIntLineItemParentID_upd_parent,PARENT_UPDATE_RESTRICT,SUCCESS,Success
2026-02-11T17:00:08.378489,fkTblLineItemToTblOrderViaIntOrderID,trg_fkTblLineItemToTblOrderViaIntOrderID_ins_valid,CHILD_INSERT_VALIDATE,SUCCESS,Success
2026-02-11T17:00:08.499531,fkTblLineItemToTblOrderViaIntOrderID,trg_fkTblLineItemToTblOrderViaIntOrderID_upd_valid,CHILD_UPDATE_VALIDATE,SUCCESS,Success
2026-02-11T17:00:08.655713,fkTblLineItemToTblOrderViaIntOrderID,trg_fkTblLineItemToTblOrderViaIntOrderID_del_parent,PARENT_DELETE_CASCADE,SUCCESS,Success
2026-02-11T17:00:08.764986,fkTblLineItemToTblOrderViaIntOrderID,trg_fkTblLineItemToTblOrderViaIntOrderID_upd_parent,PARENT_UPDATE_RESTRICT,SUCCESS,Success
2026-02-11T17:00:08.872852,fkTblLineItemToTblQuoteViaIntQuoteID,trg_fkTblLineItemToTblQuoteViaIntQuoteID_ins_valid,CHILD_INSERT_VALIDATE,SUCCESS,Success
2026-02-11T17:00:08.984405,fkTblLineItemToTblQuoteViaIntQuoteID,trg_fkTblLineItemToTblQuoteViaIntQuoteID_upd_valid,CHILD_UPDATE_VALIDATE,SUCCESS,Success
2026-02-11T17:00:09.097900,fkTblLineItemToTblQuoteViaIntQuoteID,trg_fkTblLineItemToTblQuoteViaIntQuoteID_del_parent,PARENT_DELETE_CASCADE,SUCCESS,Success
2026-02-11T17:00:09.210470,fkTblLineItemToTblQuoteViaIntQuoteID,trg_fkTblLineItemToTblQuoteViaIntQuoteID_upd_parent,PARENT_UPDATE_RESTRICT,SUCCESS,Success
2026-02-11T17:00:09.325867,fkTblLineItemToTblSubscriptionPlanViaIntSubscriptionPlanID,trg_fkTblLineItemToTblSubscriptionPlanViaIntSubscriptionPlanID_ins_valid,CHILD_INSERT_VALIDATE,FAILURE,Code: 1 | Error: E0211 17:00:09.321888   69504 main.go:60] rpc error: code = Unknown desc = TabletManager.ExecuteFetchAsDba on zone1-3072903978: rpc error: code = Unknown desc = Identifier name 'trg_fkTblLineItemToTblSubscriptionPlanViaIntSubscriptionPlanID_ins_valid' is too long (errno 1059) (sqlstate 42000) during query: CREATE TRIGGER `trg_fkTblLineItemToTblSubscriptionPlanViaIntSubscriptionPlanID_ins_valid` BEFORE INSERT ON `tblLineItem`     FOR EACH ROW     BEGIN         IF (SELECT COUNT(*) FROM `tblSubscriptionPlan` WHERE `id` = NEW.`intSubscriptionPlanID`) = 0 THEN             SIGNAL SQLSTATE '45000'              SET MESSAGE_TEXT = 'FK Violation: fkTblLineItemToTblSubscriptionPlanViaIntSubscriptionPlanID - Referenced key not found in tblSubscriptionPlan';         END IF;     END
2026-02-11T17:00:09.439728,fkTblLineItemToTblSubscriptionPlanViaIntSubscriptionPlanID,trg_fkTblLineItemToTblSubscriptionPlanViaIntSubscriptionPlanID_upd_valid,CHILD_UPDATE_VALIDATE,FAILURE,Code: 1 | Error: E0211 17:00:09.435447   69505 main.go:60] rpc error: code = Unknown desc = TabletManager.ExecuteFetchAsDba on zone1-3072903978: rpc error: code = Unknown desc = Identifier name 'trg_fkTblLineItemToTblSubscriptionPlanViaIntSubscriptionPlanID_upd_valid' is too long (errno 1059) (sqlstate 42000) during query: CREATE TRIGGER `trg_fkTblLineItemToTblSubscriptionPlanViaIntSubscriptionPlanID_upd_valid` BEFORE UPDATE ON `tblLineItem`     FOR EACH ROW     BEGIN         IF NOT (NEW.`intSubscriptionPlanID` <=> OLD.`intSubscriptionPlanID`) THEN             IF (SELECT COUNT(*) FROM `tblSubscriptionPlan` WHERE `id` = NEW.`intSubscriptionPlanID`) = 0 THEN                 SIGNAL SQLSTATE '45000'                  SET MESSAGE_TEXT = 'FK Violation: fkTblLineItemToTblSubscriptionPlanViaIntSubscriptionPlanID - Referenced key not found in tblSubscriptionPlan';             END IF;         END IF;     END
2026-02-11T17:00:09.543361,fkTblLineItemToTblSubscriptionPlanViaIntSubscriptionPlanID,trg_fkTblLineItemToTblSubscriptionPlanViaIntSubscriptionPlanID_del_parent,PARENT_DELETE_CASCADE,FAILURE,Code: 1 | Error: E0211 17:00:09.540232   69509 main.go:60] rpc error: code = Unknown desc = TabletManager.ExecuteFetchAsDba on zone1-3072903978: rpc error: code = Unknown desc = Identifier name 'trg_fkTblLineItemToTblSubscriptionPlanViaIntSubscriptionPlanID_del_parent' is too long (errno 1059) (sqlstate 42000) during query: CREATE TRIGGER `trg_fkTblLineItemToTblSubscriptionPlanViaIntSubscriptionPlanID_del_parent` BEFORE DELETE ON `tblSubscriptionPlan`         FOR EACH ROW         BEGIN             DELETE FROM `tblLineItem` WHERE `intSubscriptionPlanID` = OLD.`id`;         END
2026-02-11T17:00:09.651339,fkTblLineItemToTblSubscriptionPlanViaIntSubscriptionPlanID,trg_fkTblLineItemToTblSubscriptionPlanViaIntSubscriptionPlanID_upd_parent,PARENT_UPDATE_RESTRICT,FAILURE,"Code: 1 | Error: E0211 17:00:09.648200   69515 main.go:60] rpc error: code = Unknown desc = TabletManager.ExecuteFetchAsDba on zone1-3072903978: rpc error: code = Unknown desc = Identifier name 'trg_fkTblLineItemToTblSubscriptionPlanViaIntSubscriptionPlanID_upd_parent' is too long (errno 1059) (sqlstate 42000) during query: CREATE TRIGGER `trg_fkTblLineItemToTblSubscriptionPlanViaIntSubscriptionPlanID_upd_parent` BEFORE UPDATE ON `tblSubscriptionPlan`     FOR EACH ROW     BEGIN         IF NOT (NEW.`id` <=> OLD.`id`) THEN             IF (SELECT COUNT(*) FROM `tblLineItem` WHERE `intSubscriptionPlanID` = OLD.`id`) > 0 THEN                  SIGNAL SQLSTATE '45000'                   SET MESSAGE_TEXT = 'FK Violation: fkTblLineItemToTblSubscriptionPlanViaIntSubscriptionPlanID - Cannot update key, children exist in tblLineItem';             END IF;         END IF;     END"
2026-02-11T17:00:09.763008,fkTblLineItemToTblUserViaIntUpdatedByUserID,trg_fkTblLineItemToTblUserViaIntUpdatedByUserID_ins_valid,CHILD_INSERT_VALIDATE,SUCCESS,Success
2026-02-11T17:00:09.873029,fkTblLineItemToTblUserViaIntUpdatedByUserID,trg_fkTblLineItemToTblUserViaIntUpdatedByUserID_upd_valid,CHILD_UPDATE_VALIDATE,SUCCESS,Success
2026-02-11T17:00:09.988465,fkTblLineItemToTblUserViaIntUpdatedByUserID,trg_fkTblLineItemToTblUserViaIntUpdatedByUserID_del_parent,PARENT_DELETE_RESTRICT,SUCCESS,Success
2026-02-11T17:00:10.102575,fkTblLineItemToTblUserViaIntUpdatedByUserID,trg_fkTblLineItemToTblUserViaIntUpdatedByUserID_upd_parent,PARENT_UPDATE_RESTRICT,SUCCESS,Success
2026-02-11T17:00:10.220264,fkTblLocalizationPermissionToTblUserViaIntUserID,trg_fkTblLocalizationPermissionToTblUserViaIntUserID_ins_valid,CHILD_INSERT_VALIDATE,SUCCESS,Success
2026-02-11T17:00:10.329258,fkTblLocalizationPermissionToTblUserViaIntUserID,trg_fkTblLocalizationPermissionToTblUserViaIntUserID_upd_valid,CHILD_UPDATE_VALIDATE,SUCCESS,Success
2026-02-11T17:00:10.442798,fkTblLocalizationPermissionToTblUserViaIntUserID,trg_fkTblLocalizationPermissionToTblUserViaIntUserID_del_parent,PARENT_DELETE_CASCADE,SUCCESS,Success
2026-02-11T17:00:10.564897,fkTblLocalizationPermissionToTblUserViaIntUserID,trg_fkTblLocalizationPermissionToTblUserViaIntUserID_upd_parent,PARENT_UPDATE_RESTRICT,SUCCESS,Success
2026-02-11T17:00:10.676075,fkTblLogAlertToTblLogMonitoringViaIntLogMonitoringID,trg_fkTblLogAlertToTblLogMonitoringViaIntLogMonitoringID_ins_valid,CHILD_INSERT_VALIDATE,FAILURE,Code: 1 | Error: E0211 17:00:10.673112   69562 main.go:60] rpc error: code = Unknown desc = TabletManager.ExecuteFetchAsDba on zone1-3072903978: rpc error: code = Unknown desc = Identifier name 'trg_fkTblLogAlertToTblLogMonitoringViaIntLogMonitoringID_ins_valid' is too long (errno 1059) (sqlstate 42000) during query: CREATE TRIGGER `trg_fkTblLogAlertToTblLogMonitoringViaIntLogMonitoringID_ins_valid` BEFORE INSERT ON `tblLogAlert`     FOR EACH ROW     BEGIN         IF (SELECT COUNT(*) FROM `tblLogMonitoring` WHERE `id` = NEW.`intLogMonitoringID`) = 0 THEN             SIGNAL SQLSTATE '45000'              SET MESSAGE_TEXT = 'FK Violation: fkTblLogAlertToTblLogMonitoringViaIntLogMonitoringID - Referenced key not found in tblLogMonitoring';         END IF;     END
2026-02-11T17:00:10.784048,fkTblLogAlertToTblLogMonitoringViaIntLogMonitoringID,trg_fkTblLogAlertToTblLogMonitoringViaIntLogMonitoringID_upd_valid,CHILD_UPDATE_VALIDATE,FAILURE,Code: 1 | Error: E0211 17:00:10.781215   69599 main.go:60] rpc error: code = Unknown desc = TabletManager.ExecuteFetchAsDba on zone1-3072903978: rpc error: code = Unknown desc = Identifier name 'trg_fkTblLogAlertToTblLogMonitoringViaIntLogMonitoringID_upd_valid' is too long (errno 1059) (sqlstate 42000) during query: CREATE TRIGGER `trg_fkTblLogAlertToTblLogMonitoringViaIntLogMonitoringID_upd_valid` BEFORE UPDATE ON `tblLogAlert`     FOR EACH ROW     BEGIN         IF NOT (NEW.`intLogMonitoringID` <=> OLD.`intLogMonitoringID`) THEN             IF (SELECT COUNT(*) FROM `tblLogMonitoring` WHERE `id` = NEW.`intLogMonitoringID`) = 0 THEN                 SIGNAL SQLSTATE '45000'                  SET MESSAGE_TEXT = 'FK Violation: fkTblLogAlertToTblLogMonitoringViaIntLogMonitoringID - Referenced key not found in tblLogMonitoring';             END IF;         END IF;     END
2026-02-11T17:00:10.932949,fkTblLogAlertToTblLogMonitoringViaIntLogMonitoringID,trg_fkTblLogAlertToTblLogMonitoringViaIntLogMonitoringID_del_parent,PARENT_DELETE_CASCADE,FAILURE,Code: 1 | Error: E0211 17:00:10.928922   69635 main.go:60] rpc error: code = Unknown desc = TabletManager.ExecuteFetchAsDba on zone1-3072903978: rpc error: code = Unknown desc = Identifier name 'trg_fkTblLogAlertToTblLogMonitoringViaIntLogMonitoringID_del_parent' is too long (errno 1059) (sqlstate 42000) during query: CREATE TRIGGER `trg_fkTblLogAlertToTblLogMonitoringViaIntLogMonitoringID_del_parent` BEFORE DELETE ON `tblLogMonitoring`         FOR EACH ROW         BEGIN             DELETE FROM `tblLogAlert` WHERE `intLogMonitoringID` = OLD.`id`;         END
2026-02-11T17:00:11.096460,fkTblLogAlertToTblLogMonitoringViaIntLogMonitoringID,trg_fkTblLogAlertToTblLogMonitoringViaIntLogMonitoringID_upd_parent,PARENT_UPDATE_RESTRICT,FAILURE,"Code: 1 | Error: E0211 17:00:11.092301   69662 main.go:60] rpc error: code = Unknown desc = TabletManager.ExecuteFetchAsDba on zone1-3072903978: rpc error: code = Unknown desc = Identifier name 'trg_fkTblLogAlertToTblLogMonitoringViaIntLogMonitoringID_upd_parent' is too long (errno 1059) (sqlstate 42000) during query: CREATE TRIGGER `trg_fkTblLogAlertToTblLogMonitoringViaIntLogMonitoringID_upd_parent` BEFORE UPDATE ON `tblLogMonitoring`     FOR EACH ROW     BEGIN         IF NOT (NEW.`id` <=> OLD.`id`) THEN             IF (SELECT COUNT(*) FROM `tblLogAlert` WHERE `intLogMonitoringID` = OLD.`id`) > 0 THEN                  SIGNAL SQLSTATE '45000'                   SET MESSAGE_TEXT = 'FK Violation: fkTblLogAlertToTblLogMonitoringViaIntLogMonitoringID - Cannot update key, children exist in tblLogAlert';             END IF;         END IF;     END"
2026-02-11T17:00:11.225545,fkTblLogAlertToTblUserViaIntUserID,trg_fkTblLogAlertToTblUserViaIntUserID_ins_valid,CHILD_INSERT_VALIDATE,SUCCESS,Success
2026-02-11T17:00:11.345269,fkTblLogAlertToTblUserViaIntUserID,trg_fkTblLogAlertToTblUserViaIntUserID_upd_valid,CHILD_UPDATE_VALIDATE,SUCCESS,Success
2026-02-11T17:00:11.509826,fkTblLogAlertToTblUserViaIntUserID,trg_fkTblLogAlertToTblUserViaIntUserID_del_parent,PARENT_DELETE_CASCADE,SUCCESS,Success
2026-02-11T17:00:11.637690,fkTblLogAlertToTblUserViaIntUserID,trg_fkTblLogAlertToTblUserViaIntUserID_upd_parent,PARENT_UPDATE_RESTRICT,SUCCESS,Success
2026-02-11T17:00:11.750126,fkTblLogMonitoringToTblLogSavedSearchViaIntSavedSearchID,trg_fkTblLogMonitoringToTblLogSavedSearchViaIntSavedSearchID_ins_valid,CHILD_INSERT_VALIDATE,FAILURE,Code: 1 | Error: E0211 17:00:11.746654   69676 main.go:60] rpc error: code = Unknown desc = TabletManager.ExecuteFetchAsDba on zone1-3072903978: rpc error: code = Unknown desc = Identifier name 'trg_fkTblLogMonitoringToTblLogSavedSearchViaIntSavedSearchID_ins_valid' is too long (errno 1059) (sqlstate 42000) during query: CREATE TRIGGER `trg_fkTblLogMonitoringToTblLogSavedSearchViaIntSavedSearchID_ins_valid` BEFORE INSERT ON `tblLogMonitoring`     FOR EACH ROW     BEGIN         IF (SELECT COUNT(*) FROM `tblLogSavedSearch` WHERE `id` = NEW.`intSavedSearchID`) = 0 THEN             SIGNAL SQLSTATE '45000'              SET MESSAGE_TEXT = 'FK Violation: fkTblLogMonitoringToTblLogSavedSearchViaIntSavedSearchID - Referenced key not found in tblLogSavedSearch';         END IF;     END
2026-02-11T17:00:11.859413,fkTblLogMonitoringToTblLogSavedSearchViaIntSavedSearchID,trg_fkTblLogMonitoringToTblLogSavedSearchViaIntSavedSearchID_upd_valid,CHILD_UPDATE_VALIDATE,FAILURE,Code: 1 | Error: E0211 17:00:11.855569   69677 main.go:60] rpc error: code = Unknown desc = TabletManager.ExecuteFetchAsDba on zone1-3072903978: rpc error: code = Unknown desc = Identifier name 'trg_fkTblLogMonitoringToTblLogSavedSearchViaIntSavedSearchID_upd_valid' is too long (errno 1059) (sqlstate 42000) during query: CREATE TRIGGER `trg_fkTblLogMonitoringToTblLogSavedSearchViaIntSavedSearchID_upd_valid` BEFORE UPDATE ON `tblLogMonitoring`     FOR EACH ROW     BEGIN         IF NOT (NEW.`intSavedSearchID` <=> OLD.`intSavedSearchID`) THEN             IF (SELECT COUNT(*) FROM `tblLogSavedSearch` WHERE `id` = NEW.`intSavedSearchID`) = 0 THEN                 SIGNAL SQLSTATE '45000'                  SET MESSAGE_TEXT = 'FK Violation: fkTblLogMonitoringToTblLogSavedSearchViaIntSavedSearchID - Referenced key not found in tblLogSavedSearch';             END IF;         END IF;     END
2026-02-11T17:00:11.975292,fkTblLogMonitoringToTblLogSavedSearchViaIntSavedSearchID,trg_fkTblLogMonitoringToTblLogSavedSearchViaIntSavedSearchID_del_parent,PARENT_DELETE_CASCADE,FAILURE,Code: 1 | Error: E0211 17:00:11.971272   69678 main.go:60] rpc error: code = Unknown desc = TabletManager.ExecuteFetchAsDba on zone1-3072903978: rpc error: code = Unknown desc = Identifier name 'trg_fkTblLogMonitoringToTblLogSavedSearchViaIntSavedSearchID_del_parent' is too long (errno 1059) (sqlstate 42000) during query: CREATE TRIGGER `trg_fkTblLogMonitoringToTblLogSavedSearchViaIntSavedSearchID_del_parent` BEFORE DELETE ON `tblLogSavedSearch`         FOR EACH ROW         BEGIN             DELETE FROM `tblLogMonitoring` WHERE `intSavedSearchID` = OLD.`id`;         END
2026-02-11T17:00:12.092776,fkTblLogMonitoringToTblLogSavedSearchViaIntSavedSearchID,trg_fkTblLogMonitoringToTblLogSavedSearchViaIntSavedSearchID_upd_parent,PARENT_UPDATE_RESTRICT,FAILURE,"Code: 1 | Error: E0211 17:00:12.087452   69679 main.go:60] rpc error: code = Unknown desc = TabletManager.ExecuteFetchAsDba on zone1-3072903978: rpc error: code = Unknown desc = Identifier name 'trg_fkTblLogMonitoringToTblLogSavedSearchViaIntSavedSearchID_upd_parent' is too long (errno 1059) (sqlstate 42000) during query: CREATE TRIGGER `trg_fkTblLogMonitoringToTblLogSavedSearchViaIntSavedSearchID_upd_parent` BEFORE UPDATE ON `tblLogSavedSearch`     FOR EACH ROW     BEGIN         IF NOT (NEW.`id` <=> OLD.`id`) THEN             IF (SELECT COUNT(*) FROM `tblLogMonitoring` WHERE `intSavedSearchID` = OLD.`id`) > 0 THEN                  SIGNAL SQLSTATE '45000'                   SET MESSAGE_TEXT = 'FK Violation: fkTblLogMonitoringToTblLogSavedSearchViaIntSavedSearchID - Cannot update key, children exist in tblLogMonitoring';             END IF;         END IF;     END"
2026-02-11T17:00:12.250252,fkTblLogSavedSearchToTblUserViaIntCreatedByUserID,trg_fkTblLogSavedSearchToTblUserViaIntCreatedByUserID_ins_valid,CHILD_INSERT_VALIDATE,SUCCESS,Success
2026-02-11T17:00:12.368808,fkTblLogSavedSearchToTblUserViaIntCreatedByUserID,trg_fkTblLogSavedSearchToTblUserViaIntCreatedByUserID_upd_valid,CHILD_UPDATE_VALIDATE,SUCCESS,Success
2026-02-11T17:00:12.484446,fkTblLogSavedSearchToTblUserViaIntCreatedByUserID,trg_fkTblLogSavedSearchToTblUserViaIntCreatedByUserID_del_parent,PARENT_DELETE_RESTRICT,SUCCESS,Success
2026-02-11T17:00:12.606029,fkTblLogSavedSearchToTblUserViaIntCreatedByUserID,trg_fkTblLogSavedSearchToTblUserViaIntCreatedByUserID_upd_parent,PARENT_UPDATE_RESTRICT,SUCCESS,Success
2026-02-11T17:00:12.717624,fkTblLogSavedSearchUserToTblLogSavedSearchViaIntLogSa1013978150,trg_fkTblLogSavedSearchUserToTblLogSavedSearchViaIntLogSa1013978150_ins_valid,CHILD_INSERT_VALIDATE,FAILURE,Code: 1 | Error: E0211 17:00:12.714217   69684 main.go:60] rpc error: code = Unknown desc = TabletManager.ExecuteFetchAsDba on zone1-3072903978: rpc error: code = Unknown desc = Identifier name 'trg_fkTblLogSavedSearchUserToTblLogSavedSearchViaIntLogSa1013978150_ins_valid' is too long (errno 1059) (sqlstate 42000) during query: CREATE TRIGGER `trg_fkTblLogSavedSearchUserToTblLogSavedSearchViaIntLogSa1013978150_ins_valid` BEFORE INSERT ON `tblLogSavedSearchUser`     FOR EACH ROW     BEGIN         IF (SELECT COUNT(*) FROM `tblLogSavedSearch` WHERE `id` = NEW.`intLogSavedSearchID`) = 0 THEN             SIGNAL SQLSTATE '45000'              SET MESSAGE_TEXT = 'FK Violation: fkTblLogSavedSearchUserToTblLogSavedSearchViaIntLogSa1013978150 - Referenced key not found in tblLogSavedSearch';         END IF;     END
2026-02-11T17:00:12.870983,fkTblLogSavedSearchUserToTblLogSavedSearchViaIntLogSa1013978150,trg_fkTblLogSavedSearchUserToTblLogSavedSearchViaIntLogSa1013978150_upd_valid,CHILD_UPDATE_VALIDATE,FAILURE,Code: 1 | Error: E0211 17:00:12.865481   69685 main.go:60] rpc error: code = Unknown desc = TabletManager.ExecuteFetchAsDba on zone1-3072903978: rpc error: code = Unknown desc = Identifier name 'trg_fkTblLogSavedSearchUserToTblLogSavedSearchViaIntLogSa1013978150_upd_valid' is too long (errno 1059) (sqlstate 42000) during query: CREATE TRIGGER `trg_fkTblLogSavedSearchUserToTblLogSavedSearchViaIntLogSa1013978150_upd_valid` BEFORE UPDATE ON `tblLogSavedSearchUser`     FOR EACH ROW     BEGIN         IF NOT (NEW.`intLogSavedSearchID` <=> OLD.`intLogSavedSearchID`) THEN             IF (SELECT COUNT(*) FROM `tblLogSavedSearch` WHERE `id` = NEW.`intLogSavedSearchID`) = 0 THEN                 SIGNAL SQLSTATE '45000'                  SET MESSAGE_TEXT = 'FK Violation: fkTblLogSavedSearchUserToTblLogSavedSearchViaIntLogSa1013978150 - Referenced key not found in tblLogSavedSearch';             END IF;         END IF;     END
2026-02-11T17:00:13.008301,fkTblLogSavedSearchUserToTblLogSavedSearchViaIntLogSa1013978150,trg_fkTblLogSavedSearchUserToTblLogSavedSearchViaIntLogSa1013978150_del_parent,PARENT_DELETE_CASCADE,FAILURE,Code: 1 | Error: E0211 17:00:12.990017   69686 main.go:60] rpc error: code = Unknown desc = TabletManager.ExecuteFetchAsDba on zone1-3072903978: rpc error: code = Unknown desc = Identifier name 'trg_fkTblLogSavedSearchUserToTblLogSavedSearchViaIntLogSa1013978150_del_parent' is too long (errno 1059) (sqlstate 42000) during query: CREATE TRIGGER `trg_fkTblLogSavedSearchUserToTblLogSavedSearchViaIntLogSa1013978150_del_parent` BEFORE DELETE ON `tblLogSavedSearch`         FOR EACH ROW         BEGIN             DELETE FROM `tblLogSavedSearchUser` WHERE `intLogSavedSearchID` = OLD.`id`;         END
2026-02-11T17:00:13.124767,fkTblLogSavedSearchUserToTblLogSavedSearchViaIntLogSa1013978150,trg_fkTblLogSavedSearchUserToTblLogSavedSearchViaIntLogSa1013978150_upd_parent,PARENT_UPDATE_RESTRICT,FAILURE,"Code: 1 | Error: E0211 17:00:13.119984   69687 main.go:60] rpc error: code = Unknown desc = TabletManager.ExecuteFetchAsDba on zone1-3072903978: rpc error: code = Unknown desc = Identifier name 'trg_fkTblLogSavedSearchUserToTblLogSavedSearchViaIntLogSa1013978150_upd_parent' is too long (errno 1059) (sqlstate 42000) during query: CREATE TRIGGER `trg_fkTblLogSavedSearchUserToTblLogSavedSearchViaIntLogSa1013978150_upd_parent` BEFORE UPDATE ON `tblLogSavedSearch`     FOR EACH ROW     BEGIN         IF NOT (NEW.`id` <=> OLD.`id`) THEN             IF (SELECT COUNT(*) FROM `tblLogSavedSearchUser` WHERE `intLogSavedSearchID` = OLD.`id`) > 0 THEN                  SIGNAL SQLSTATE '45000'                   SET MESSAGE_TEXT = 'FK Violation: fkTblLogSavedSearchUserToTblLogSavedSearchViaIntLogSa1013978150 - Cannot update key, children exist in tblLogSavedSearchUser';             END IF;         END IF;     END"
2026-02-11T17:00:13.239134,fkTblLogSavedSearchUserToTblUserViaIntUserID,trg_fkTblLogSavedSearchUserToTblUserViaIntUserID_ins_valid,CHILD_INSERT_VALIDATE,SUCCESS,Success
2026-02-11T17:00:13.357806,fkTblLogSavedSearchUserToTblUserViaIntUserID,trg_fkTblLogSavedSearchUserToTblUserViaIntUserID_upd_valid,CHILD_UPDATE_VALIDATE,SUCCESS,Success
2026-02-11T17:00:13.481692,fkTblLogSavedSearchUserToTblUserViaIntUserID,trg_fkTblLogSavedSearchUserToTblUserViaIntUserID_del_parent,PARENT_DELETE_CASCADE,SUCCESS,Success
2026-02-11T17:00:13.598397,fkTblLogSavedSearchUserToTblUserViaIntUserID,trg_fkTblLogSavedSearchUserToTblUserViaIntUserID_upd_parent,PARENT_UPDATE_RESTRICT,SUCCESS,Success
2026-02-11T17:00:13.714563,fkTblLookupTableSyncToTblApiConsumerViaIntApiConsumerID,trg_fkTblLookupTableSyncToTblApiConsumerViaIntApiConsumerID_ins_valid,CHILD_INSERT_VALIDATE,FAILURE,Code: 1 | Error: E0211 17:00:13.700391   69694 main.go:60] rpc error: code = Unknown desc = TabletManager.ExecuteFetchAsDba on zone1-3072903978: rpc error: code = Unknown desc = Identifier name 'trg_fkTblLookupTableSyncToTblApiConsumerViaIntApiConsumerID_ins_valid' is too long (errno 1059) (sqlstate 42000) during query: CREATE TRIGGER `trg_fkTblLookupTableSyncToTblApiConsumerViaIntApiConsumerID_ins_valid` BEFORE INSERT ON `tblLookupTableSync`     FOR EACH ROW     BEGIN         IF (SELECT COUNT(*) FROM `tblApiConsumer` WHERE `id` = NEW.`intApiConsumerID`) = 0 THEN             SIGNAL SQLSTATE '45000'              SET MESSAGE_TEXT = 'FK Violation: fkTblLookupTableSyncToTblApiConsumerViaIntApiConsumerID - Referenced key not found in tblApiConsumer';         END IF;     END
2026-02-11T17:00:13.820793,fkTblLookupTableSyncToTblApiConsumerViaIntApiConsumerID,trg_fkTblLookupTableSyncToTblApiConsumerViaIntApiConsumerID_upd_valid,CHILD_UPDATE_VALIDATE,FAILURE,Code: 1 | Error: E0211 17:00:13.817413   69695 main.go:60] rpc error: code = Unknown desc = TabletManager.ExecuteFetchAsDba on zone1-3072903978: rpc error: code = Unknown desc = Identifier name 'trg_fkTblLookupTableSyncToTblApiConsumerViaIntApiConsumerID_upd_valid' is too long (errno 1059) (sqlstate 42000) during query: CREATE TRIGGER `trg_fkTblLookupTableSyncToTblApiConsumerViaIntApiConsumerID_upd_valid` BEFORE UPDATE ON `tblLookupTableSync`     FOR EACH ROW     BEGIN         IF NOT (NEW.`intApiConsumerID` <=> OLD.`intApiConsumerID`) THEN             IF (SELECT COUNT(*) FROM `tblApiConsumer` WHERE `id` = NEW.`intApiConsumerID`) = 0 THEN                 SIGNAL SQLSTATE '45000'                  SET MESSAGE_TEXT = 'FK Violation: fkTblLookupTableSyncToTblApiConsumerViaIntApiConsumerID - Referenced key not found in tblApiConsumer';             END IF;         END IF;     END
2026-02-11T17:00:13.969289,fkTblLookupTableSyncToTblApiConsumerViaIntApiConsumerID,trg_fkTblLookupTableSyncToTblApiConsumerViaIntApiConsumerID_del_parent,PARENT_DELETE_CASCADE,FAILURE,Code: 1 | Error: E0211 17:00:13.965038   69696 main.go:60] rpc error: code = Unknown desc = TabletManager.ExecuteFetchAsDba on zone1-3072903978: rpc error: code = Unknown desc = Identifier name 'trg_fkTblLookupTableSyncToTblApiConsumerViaIntApiConsumerID_del_parent' is too long (errno 1059) (sqlstate 42000) during query: CREATE TRIGGER `trg_fkTblLookupTableSyncToTblApiConsumerViaIntApiConsumerID_del_parent` BEFORE DELETE ON `tblApiConsumer`         FOR EACH ROW         BEGIN             DELETE FROM `tblLookupTableSync` WHERE `intApiConsumerID` = OLD.`id`;         END
2026-02-11T17:00:14.084405,fkTblLookupTableSyncToTblApiConsumerViaIntApiConsumerID,trg_fkTblLookupTableSyncToTblApiConsumerViaIntApiConsumerID_upd_parent,PARENT_UPDATE_RESTRICT,FAILURE,"Code: 1 | Error: E0211 17:00:14.080108   69697 main.go:60] rpc error: code = Unknown desc = TabletManager.ExecuteFetchAsDba on zone1-3072903978: rpc error: code = Unknown desc = Identifier name 'trg_fkTblLookupTableSyncToTblApiConsumerViaIntApiConsumerID_upd_parent' is too long (errno 1059) (sqlstate 42000) during query: CREATE TRIGGER `trg_fkTblLookupTableSyncToTblApiConsumerViaIntApiConsumerID_upd_parent` BEFORE UPDATE ON `tblApiConsumer`     FOR EACH ROW     BEGIN         IF NOT (NEW.`id` <=> OLD.`id`) THEN             IF (SELECT COUNT(*) FROM `tblLookupTableSync` WHERE `intApiConsumerID` = OLD.`id`) > 0 THEN                  SIGNAL SQLSTATE '45000'                   SET MESSAGE_TEXT = 'FK Violation: fkTblLookupTableSyncToTblApiConsumerViaIntApiConsumerID - Cannot update key, children exist in tblLookupTableSync';             END IF;         END IF;     END"
2026-02-11T17:00:14.194414,fkTblMASourceCounterToTblMASourceListingViaIntMASourceListingID,trg_fkTblMASourceCounterToTblMASourceListingViaIntMASourceListingID_ins_valid,CHILD_INSERT_VALIDATE,FAILURE,Code: 1 | Error: E0211 17:00:14.190906   69698 main.go:60] rpc error: code = Unknown desc = TabletManager.ExecuteFetchAsDba on zone1-3072903978: rpc error: code = Unknown desc = Identifier name 'trg_fkTblMASourceCounterToTblMASourceListingViaIntMASourceListingID_ins_valid' is too long (errno 1059) (sqlstate 42000) during query: CREATE TRIGGER `trg_fkTblMASourceCounterToTblMASourceListingViaIntMASourceListingID_ins_valid` BEFORE INSERT ON `tblMASourceCounter`     FOR EACH ROW     BEGIN         IF (SELECT COUNT(*) FROM `tblMASourceListing` WHERE `id` = NEW.`intMASourceListingID`) = 0 THEN             SIGNAL SQLSTATE '45000'              SET MESSAGE_TEXT = 'FK Violation: fkTblMASourceCounterToTblMASourceListingViaIntMASourceListingID - Referenced key not found in tblMASourceListing';         END IF;     END
2026-02-11T17:00:14.307754,fkTblMASourceCounterToTblMASourceListingViaIntMASourceListingID,trg_fkTblMASourceCounterToTblMASourceListingViaIntMASourceListingID_upd_valid,CHILD_UPDATE_VALIDATE,FAILURE,Code: 1 | Error: E0211 17:00:14.303237   69702 main.go:60] rpc error: code = Unknown desc = TabletManager.ExecuteFetchAsDba on zone1-3072903978: rpc error: code = Unknown desc = Identifier name 'trg_fkTblMASourceCounterToTblMASourceListingViaIntMASourceListingID_upd_valid' is too long (errno 1059) (sqlstate 42000) during query: CREATE TRIGGER `trg_fkTblMASourceCounterToTblMASourceListingViaIntMASourceListingID_upd_valid` BEFORE UPDATE ON `tblMASourceCounter`     FOR EACH ROW     BEGIN         IF NOT (NEW.`intMASourceListingID` <=> OLD.`intMASourceListingID`) THEN             IF (SELECT COUNT(*) FROM `tblMASourceListing` WHERE `id` = NEW.`intMASourceListingID`) = 0 THEN                 SIGNAL SQLSTATE '45000'                  SET MESSAGE_TEXT = 'FK Violation: fkTblMASourceCounterToTblMASourceListingViaIntMASourceListingID - Referenced key not found in tblMASourceListing';             END IF;         END IF;     END
2026-02-11T17:00:14.423038,fkTblMASourceCounterToTblMASourceListingViaIntMASourceListingID,trg_fkTblMASourceCounterToTblMASourceListingViaIntMASourceListingID_del_parent,PARENT_DELETE_RESTRICT,FAILURE,"Code: 1 | Error: E0211 17:00:14.419482   69705 main.go:60] rpc error: code = Unknown desc = TabletManager.ExecuteFetchAsDba on zone1-3072903978: rpc error: code = Unknown desc = Identifier name 'trg_fkTblMASourceCounterToTblMASourceListingViaIntMASourceListingID_del_parent' is too long (errno 1059) (sqlstate 42000) during query: CREATE TRIGGER `trg_fkTblMASourceCounterToTblMASourceListingViaIntMASourceListingID_del_parent` BEFORE DELETE ON `tblMASourceListing`         FOR EACH ROW         BEGIN             IF (SELECT COUNT(*) FROM `tblMASourceCounter` WHERE `intMASourceListingID` = OLD.`id`) > 0 THEN                 SIGNAL SQLSTATE '45000'                  SET MESSAGE_TEXT = 'FK Violation: fkTblMASourceCounterToTblMASourceListingViaIntMASourceListingID - Cannot delete, children exist in tblMASourceCounter';             END IF;         END"
2026-02-11T17:00:14.538286,fkTblMASourceCounterToTblMASourceListingViaIntMASourceListingID,trg_fkTblMASourceCounterToTblMASourceListingViaIntMASourceListingID_upd_parent,PARENT_UPDATE_RESTRICT,FAILURE,"Code: 1 | Error: E0211 17:00:14.534573   69706 main.go:60] rpc error: code = Unknown desc = TabletManager.ExecuteFetchAsDba on zone1-3072903978: rpc error: code = Unknown desc = Identifier name 'trg_fkTblMASourceCounterToTblMASourceListingViaIntMASourceListingID_upd_parent' is too long (errno 1059) (sqlstate 42000) during query: CREATE TRIGGER `trg_fkTblMASourceCounterToTblMASourceListingViaIntMASourceListingID_upd_parent` BEFORE UPDATE ON `tblMASourceListing`     FOR EACH ROW     BEGIN         IF NOT (NEW.`id` <=> OLD.`id`) THEN             IF (SELECT COUNT(*) FROM `tblMASourceCounter` WHERE `intMASourceListingID` = OLD.`id`) > 0 THEN                  SIGNAL SQLSTATE '45000'                   SET MESSAGE_TEXT = 'FK Violation: fkTblMASourceCounterToTblMASourceListingViaIntMASourceListingID - Cannot update key, children exist in tblMASourceCounter';             END IF;         END IF;     END"
2026-02-11T17:00:14.649956,fkTblMASourceListingToTblAssetViaIntAssetId,trg_fkTblMASourceListingToTblAssetViaIntAssetId_ins_valid,CHILD_INSERT_VALIDATE,SUCCESS,Success
2026-02-11T17:00:14.801943,fkTblMASourceListingToTblAssetViaIntAssetId,trg_fkTblMASourceListingToTblAssetViaIntAssetId_upd_valid,CHILD_UPDATE_VALIDATE,SUCCESS,Success
2026-02-11T17:00:14.972960,fkTblMASourceListingToTblAssetViaIntAssetId,trg_fkTblMASourceListingToTblAssetViaIntAssetId_del_parent,PARENT_DELETE_RESTRICT,SUCCESS,Success
2026-02-11T17:00:15.111997,fkTblMASourceListingToTblAssetViaIntAssetId,trg_fkTblMASourceListingToTblAssetViaIntAssetId_upd_parent,PARENT_UPDATE_RESTRICT,SUCCESS,Success
2026-02-11T17:00:15.231103,fkTblMASourceListingToTblAssetViaIntShipFromID,trg_fkTblMASourceListingToTblAssetViaIntShipFromID_ins_valid,CHILD_INSERT_VALIDATE,SUCCESS,Success
2026-02-11T17:00:15.394737,fkTblMASourceListingToTblAssetViaIntShipFromID,trg_fkTblMASourceListingToTblAssetViaIntShipFromID_upd_valid,CHILD_UPDATE_VALIDATE,SUCCESS,Success
2026-02-11T17:00:15.530997,fkTblMASourceListingToTblAssetViaIntShipFromID,trg_fkTblMASourceListingToTblAssetViaIntShipFromID_del_parent,PARENT_DELETE_RESTRICT,SUCCESS,Success
2026-02-11T17:00:15.687655,fkTblMASourceListingToTblAssetViaIntShipFromID,trg_fkTblMASourceListingToTblAssetViaIntShipFromID_upd_parent,PARENT_UPDATE_RESTRICT,SUCCESS,Success
2026-02-11T17:00:15.814293,fkTblMASourceListingToTblFileViaIntDefaultImageID,trg_fkTblMASourceListingToTblFileViaIntDefaultImageID_ins_valid,CHILD_INSERT_VALIDATE,SUCCESS,Success
2026-02-11T17:00:15.978309,fkTblMASourceListingToTblFileViaIntDefaultImageID,trg_fkTblMASourceListingToTblFileViaIntDefaultImageID_upd_valid,CHILD_UPDATE_VALIDATE,SUCCESS,Success
2026-02-11T17:00:16.114572,fkTblMASourceListingToTblFileViaIntDefaultImageID,trg_fkTblMASourceListingToTblFileViaIntDefaultImageID_del_parent,PARENT_DELETE_RESTRICT,SUCCESS,Success
2026-02-11T17:00:16.235661,fkTblMASourceListingToTblFileViaIntDefaultImageID,trg_fkTblMASourceListingToTblFileViaIntDefaultImageID_upd_parent,PARENT_UPDATE_RESTRICT,SUCCESS,Success
2026-02-11T17:00:16.347134,fkTblMASourceListingToTblMASourceSellerViaIntMASourceSellerID,trg_fkTblMASourceListingToTblMASourceSellerViaIntMASourceSellerID_ins_valid,CHILD_INSERT_VALIDATE,FAILURE,Code: 1 | Error: E0211 17:00:16.343250   69720 main.go:60] rpc error: code = Unknown desc = TabletManager.ExecuteFetchAsDba on zone1-3072903978: rpc error: code = Unknown desc = Identifier name 'trg_fkTblMASourceListingToTblMASourceSellerViaIntMASourceSellerID_ins_valid' is too long (errno 1059) (sqlstate 42000) during query: CREATE TRIGGER `trg_fkTblMASourceListingToTblMASourceSellerViaIntMASourceSellerID_ins_valid` BEFORE INSERT ON `tblMASourceListing`     FOR EACH ROW     BEGIN         IF (SELECT COUNT(*) FROM `tblMASourceSeller` WHERE `id` = NEW.`intMASourceSellerID`) = 0 THEN             SIGNAL SQLSTATE '45000'              SET MESSAGE_TEXT = 'FK Violation: fkTblMASourceListingToTblMASourceSellerViaIntMASourceSellerID - Referenced key not found in tblMASourceSeller';         END IF;     END
2026-02-11T17:00:16.458118,fkTblMASourceListingToTblMASourceSellerViaIntMASourceSellerID,trg_fkTblMASourceListingToTblMASourceSellerViaIntMASourceSellerID_upd_valid,CHILD_UPDATE_VALIDATE,FAILURE,Code: 1 | Error: E0211 17:00:16.454183   69721 main.go:60] rpc error: code = Unknown desc = TabletManager.ExecuteFetchAsDba on zone1-3072903978: rpc error: code = Unknown desc = Identifier name 'trg_fkTblMASourceListingToTblMASourceSellerViaIntMASourceSellerID_upd_valid' is too long (errno 1059) (sqlstate 42000) during query: CREATE TRIGGER `trg_fkTblMASourceListingToTblMASourceSellerViaIntMASourceSellerID_upd_valid` BEFORE UPDATE ON `tblMASourceListing`     FOR EACH ROW     BEGIN         IF NOT (NEW.`intMASourceSellerID` <=> OLD.`intMASourceSellerID`) THEN             IF (SELECT COUNT(*) FROM `tblMASourceSeller` WHERE `id` = NEW.`intMASourceSellerID`) = 0 THEN                 SIGNAL SQLSTATE '45000'                  SET MESSAGE_TEXT = 'FK Violation: fkTblMASourceListingToTblMASourceSellerViaIntMASourceSellerID - Referenced key not found in tblMASourceSeller';             END IF;         END IF;     END
2026-02-11T17:00:16.571043,fkTblMASourceListingToTblMASourceSellerViaIntMASourceSellerID,trg_fkTblMASourceListingToTblMASourceSellerViaIntMASourceSellerID_del_parent,PARENT_DELETE_RESTRICT,FAILURE,"Code: 1 | Error: E0211 17:00:16.566609   69722 main.go:60] rpc error: code = Unknown desc = TabletManager.ExecuteFetchAsDba on zone1-3072903978: rpc error: code = Unknown desc = Identifier name 'trg_fkTblMASourceListingToTblMASourceSellerViaIntMASourceSellerID_del_parent' is too long (errno 1059) (sqlstate 42000) during query: CREATE TRIGGER `trg_fkTblMASourceListingToTblMASourceSellerViaIntMASourceSellerID_del_parent` BEFORE DELETE ON `tblMASourceSeller`         FOR EACH ROW         BEGIN             IF (SELECT COUNT(*) FROM `tblMASourceListing` WHERE `intMASourceSellerID` = OLD.`id`) > 0 THEN                 SIGNAL SQLSTATE '45000'                  SET MESSAGE_TEXT = 'FK Violation: fkTblMASourceListingToTblMASourceSellerViaIntMASourceSellerID - Cannot delete, children exist in tblMASourceListing';             END IF;         END"
2026-02-11T17:00:16.721421,fkTblMASourceListingToTblMASourceSellerViaIntMASourceSellerID,trg_fkTblMASourceListingToTblMASourceSellerViaIntMASourceSellerID_upd_parent,PARENT_UPDATE_RESTRICT,FAILURE,"Code: 1 | Error: E0211 17:00:16.718274   69723 main.go:60] rpc error: code = Unknown desc = TabletManager.ExecuteFetchAsDba on zone1-3072903978: rpc error: code = Unknown desc = Identifier name 'trg_fkTblMASourceListingToTblMASourceSellerViaIntMASourceSellerID_upd_parent' is too long (errno 1059) (sqlstate 42000) during query: CREATE TRIGGER `trg_fkTblMASourceListingToTblMASourceSellerViaIntMASourceSellerID_upd_parent` BEFORE UPDATE ON `tblMASourceSeller`     FOR EACH ROW     BEGIN         IF NOT (NEW.`id` <=> OLD.`id`) THEN             IF (SELECT COUNT(*) FROM `tblMASourceListing` WHERE `intMASourceSellerID` = OLD.`id`) > 0 THEN                  SIGNAL SQLSTATE '45000'                   SET MESSAGE_TEXT = 'FK Violation: fkTblMASourceListingToTblMASourceSellerViaIntMASourceSellerID - Cannot update key, children exist in tblMASourceListing';             END IF;         END IF;     END"
2026-02-11T17:00:16.845470,fkTblMASourceListingToTblUserViaIntContactID,trg_fkTblMASourceListingToTblUserViaIntContactID_ins_valid,CHILD_INSERT_VALIDATE,SUCCESS,Success
2026-02-11T17:00:16.959404,fkTblMASourceListingToTblUserViaIntContactID,trg_fkTblMASourceListingToTblUserViaIntContactID_upd_valid,CHILD_UPDATE_VALIDATE,SUCCESS,Success
2026-02-11T17:00:17.078787,fkTblMASourceListingToTblUserViaIntContactID,trg_fkTblMASourceListingToTblUserViaIntContactID_del_parent,PARENT_DELETE_RESTRICT,SUCCESS,Success
2026-02-11T17:00:17.242329,fkTblMASourceListingToTblUserViaIntContactID,trg_fkTblMASourceListingToTblUserViaIntContactID_upd_parent,PARENT_UPDATE_RESTRICT,SUCCESS,Success
2026-02-11T17:00:17.370131,fkTblMASourceListingToTblUserViaIntPostedByID,trg_fkTblMASourceListingToTblUserViaIntPostedByID_ins_valid,CHILD_INSERT_VALIDATE,SUCCESS,Success
2026-02-11T17:00:17.488642,fkTblMASourceListingToTblUserViaIntPostedByID,trg_fkTblMASourceListingToTblUserViaIntPostedByID_upd_valid,CHILD_UPDATE_VALIDATE,SUCCESS,Success
2026-02-11T17:00:17.611772,fkTblMASourceListingToTblUserViaIntPostedByID,trg_fkTblMASourceListingToTblUserViaIntPostedByID_del_parent,PARENT_DELETE_RESTRICT,SUCCESS,Success
2026-02-11T17:00:17.732469,fkTblMASourceListingToTblUserViaIntPostedByID,trg_fkTblMASourceListingToTblUserViaIntPostedByID_upd_parent,PARENT_UPDATE_RESTRICT,SUCCESS,Success
2026-02-11T17:00:17.847643,fkTblMASourceWarrantyToTblMASourceListingViaIntMASourc617103367,trg_fkTblMASourceWarrantyToTblMASourceListingViaIntMASourc617103367_ins_valid,CHILD_INSERT_VALIDATE,FAILURE,Code: 1 | Error: E0211 17:00:17.843769   69732 main.go:60] rpc error: code = Unknown desc = TabletManager.ExecuteFetchAsDba on zone1-3072903978: rpc error: code = Unknown desc = Identifier name 'trg_fkTblMASourceWarrantyToTblMASourceListingViaIntMASourc617103367_ins_valid' is too long (errno 1059) (sqlstate 42000) during query: CREATE TRIGGER `trg_fkTblMASourceWarrantyToTblMASourceListingViaIntMASourc617103367_ins_valid` BEFORE INSERT ON `tblMASourceWarranty`     FOR EACH ROW     BEGIN         IF (SELECT COUNT(*) FROM `tblMASourceListing` WHERE `id` = NEW.`intMASourceListingID`) = 0 THEN             SIGNAL SQLSTATE '45000'              SET MESSAGE_TEXT = 'FK Violation: fkTblMASourceWarrantyToTblMASourceListingViaIntMASourc617103367 - Referenced key not found in tblMASourceListing';         END IF;     END
2026-02-11T17:00:17.958205,fkTblMASourceWarrantyToTblMASourceListingViaIntMASourc617103367,trg_fkTblMASourceWarrantyToTblMASourceListingViaIntMASourc617103367_upd_valid,CHILD_UPDATE_VALIDATE,FAILURE,Code: 1 | Error: E0211 17:00:17.954638   69733 main.go:60] rpc error: code = Unknown desc = TabletManager.ExecuteFetchAsDba on zone1-3072903978: rpc error: code = Unknown desc = Identifier name 'trg_fkTblMASourceWarrantyToTblMASourceListingViaIntMASourc617103367_upd_valid' is too long (errno 1059) (sqlstate 42000) during query: CREATE TRIGGER `trg_fkTblMASourceWarrantyToTblMASourceListingViaIntMASourc617103367_upd_valid` BEFORE UPDATE ON `tblMASourceWarranty`     FOR EACH ROW     BEGIN         IF NOT (NEW.`intMASourceListingID` <=> OLD.`intMASourceListingID`) THEN             IF (SELECT COUNT(*) FROM `tblMASourceListing` WHERE `id` = NEW.`intMASourceListingID`) = 0 THEN                 SIGNAL SQLSTATE '45000'                  SET MESSAGE_TEXT = 'FK Violation: fkTblMASourceWarrantyToTblMASourceListingViaIntMASourc617103367 - Referenced key not found in tblMASourceListing';             END IF;         END IF;     END
2026-02-11T17:00:18.109312,fkTblMASourceWarrantyToTblMASourceListingViaIntMASourc617103367,trg_fkTblMASourceWarrantyToTblMASourceListingViaIntMASourc617103367_del_parent,PARENT_DELETE_CASCADE,FAILURE,Code: 1 | Error: E0211 17:00:18.103663   69734 main.go:60] rpc error: code = Unknown desc = TabletManager.ExecuteFetchAsDba on zone1-3072903978: rpc error: code = Unknown desc = Identifier name 'trg_fkTblMASourceWarrantyToTblMASourceListingViaIntMASourc617103367_del_parent' is too long (errno 1059) (sqlstate 42000) during query: CREATE TRIGGER `trg_fkTblMASourceWarrantyToTblMASourceListingViaIntMASourc617103367_del_parent` BEFORE DELETE ON `tblMASourceListing`         FOR EACH ROW         BEGIN             DELETE FROM `tblMASourceWarranty` WHERE `intMASourceListingID` = OLD.`id`;         END
2026-02-11T17:00:18.236685,fkTblMASourceWarrantyToTblMASourceListingViaIntMASourc617103367,trg_fkTblMASourceWarrantyToTblMASourceListingViaIntMASourc617103367_upd_parent,PARENT_UPDATE_RESTRICT,FAILURE,"Code: 1 | Error: E0211 17:00:18.231787   69735 main.go:60] rpc error: code = Unknown desc = TabletManager.ExecuteFetchAsDba on zone1-3072903978: rpc error: code = Unknown desc = Identifier name 'trg_fkTblMASourceWarrantyToTblMASourceListingViaIntMASourc617103367_upd_parent' is too long (errno 1059) (sqlstate 42000) during query: CREATE TRIGGER `trg_fkTblMASourceWarrantyToTblMASourceListingViaIntMASourc617103367_upd_parent` BEFORE UPDATE ON `tblMASourceListing`     FOR EACH ROW     BEGIN         IF NOT (NEW.`id` <=> OLD.`id`) THEN             IF (SELECT COUNT(*) FROM `tblMASourceWarranty` WHERE `intMASourceListingID` = OLD.`id`) > 0 THEN                  SIGNAL SQLSTATE '45000'                   SET MESSAGE_TEXT = 'FK Violation: fkTblMASourceWarrantyToTblMASourceListingViaIntMASourc617103367 - Cannot update key, children exist in tblMASourceWarranty';             END IF;         END IF;     END"
2026-02-11T17:00:18.351817,fkTblMessageToTblUserViaIntRecipientID,trg_fkTblMessageToTblUserViaIntRecipientID_ins_valid,CHILD_INSERT_VALIDATE,SUCCESS,Success
2026-02-11T17:00:18.474267,fkTblMessageToTblUserViaIntRecipientID,trg_fkTblMessageToTblUserViaIntRecipientID_upd_valid,CHILD_UPDATE_VALIDATE,SUCCESS,Success
2026-02-11T17:00:18.594528,fkTblMessageToTblUserViaIntRecipientID,trg_fkTblMessageToTblUserViaIntRecipientID_del_parent,PARENT_DELETE_RESTRICT,SUCCESS,Success
2026-02-11T17:00:18.715423,fkTblMessageToTblUserViaIntRecipientID,trg_fkTblMessageToTblUserViaIntRecipientID_upd_parent,PARENT_UPDATE_RESTRICT,SUCCESS,Success
2026-02-11T17:00:18.863870,fkTblMessageToTblUserViaIntSenderID,trg_fkTblMessageToTblUserViaIntSenderID_ins_valid,CHILD_INSERT_VALIDATE,SUCCESS,Success
2026-02-11T17:00:18.989878,fkTblMessageToTblUserViaIntSenderID,trg_fkTblMessageToTblUserViaIntSenderID_upd_valid,CHILD_UPDATE_VALIDATE,SUCCESS,Success
2026-02-11T17:00:19.119113,fkTblMessageToTblUserViaIntSenderID,trg_fkTblMessageToTblUserViaIntSenderID_del_parent,PARENT_DELETE_RESTRICT,SUCCESS,Success
2026-02-11T17:00:19.285904,fkTblMessageToTblUserViaIntSenderID,trg_fkTblMessageToTblUserViaIntSenderID_upd_parent,PARENT_UPDATE_RESTRICT,SUCCESS,Success
2026-02-11T17:00:19.412335,fkTblMeterReadingToTblUserViaIntSubmittedByUserID,trg_fkTblMeterReadingToTblUserViaIntSubmittedByUserID_ins_valid,CHILD_INSERT_VALIDATE,SUCCESS,Success
2026-02-11T17:00:19.523403,fkTblMeterReadingToTblUserViaIntSubmittedByUserID,trg_fkTblMeterReadingToTblUserViaIntSubmittedByUserID_upd_valid,CHILD_UPDATE_VALIDATE,SUCCESS,Success
2026-02-11T17:00:19.641398,fkTblMeterReadingToTblUserViaIntSubmittedByUserID,trg_fkTblMeterReadingToTblUserViaIntSubmittedByUserID_del_parent,PARENT_DELETE_RESTRICT,SUCCESS,Success
2026-02-11T17:00:19.798095,fkTblMeterReadingToTblUserViaIntSubmittedByUserID,trg_fkTblMeterReadingToTblUserViaIntSubmittedByUserID_upd_parent,PARENT_UPDATE_RESTRICT,SUCCESS,Success
2026-02-11T17:00:19.913506,fkTblMeterReadingToTblWorkOrderViaIntWorkOrderID,trg_fkTblMeterReadingToTblWorkOrderViaIntWorkOrderID_ins_valid,CHILD_INSERT_VALIDATE,SUCCESS,Success
2026-02-11T17:00:20.029744,fkTblMeterReadingToTblWorkOrderViaIntWorkOrderID,trg_fkTblMeterReadingToTblWorkOrderViaIntWorkOrderID_upd_valid,CHILD_UPDATE_VALIDATE,SUCCESS,Success
2026-02-11T17:00:20.152155,fkTblMeterReadingToTblWorkOrderViaIntWorkOrderID,trg_fkTblMeterReadingToTblWorkOrderViaIntWorkOrderID_del_parent,PARENT_DELETE_RESTRICT,SUCCESS,Success
2026-02-11T17:00:20.265312,fkTblMeterReadingToTblWorkOrderViaIntWorkOrderID,trg_fkTblMeterReadingToTblWorkOrderViaIntWorkOrderID_upd_parent,PARENT_UPDATE_RESTRICT,SUCCESS,Success
2026-02-11T17:00:20.385267,fkTblMiscCostToTblMiscCostTypeViaIntMiscCostTypeID,trg_fkTblMiscCostToTblMiscCostTypeViaIntMiscCostTypeID_ins_valid,CHILD_INSERT_VALIDATE,SUCCESS,Success
2026-02-11T17:00:20.496996,fkTblMiscCostToTblMiscCostTypeViaIntMiscCostTypeID,trg_fkTblMiscCostToTblMiscCostTypeViaIntMiscCostTypeID_upd_valid,CHILD_UPDATE_VALIDATE,SUCCESS,Success
2026-02-11T17:00:20.608994,fkTblMiscCostToTblMiscCostTypeViaIntMiscCostTypeID,trg_fkTblMiscCostToTblMiscCostTypeViaIntMiscCostTypeID_del_parent,PARENT_DELETE_RESTRICT,FAILURE,"Code: 1 | Error: E0211 17:00:20.604267   69759 main.go:60] rpc error: code = Unknown desc = TabletManager.ExecuteFetchAsDba on zone1-3072903978: rpc error: code = Unknown desc = Identifier name 'trg_fkTblMiscCostToTblMiscCostTypeViaIntMiscCostTypeID_del_parent' is too long (errno 1059) (sqlstate 42000) during query: CREATE TRIGGER `trg_fkTblMiscCostToTblMiscCostTypeViaIntMiscCostTypeID_del_parent` BEFORE DELETE ON `tblMiscCostType`         FOR EACH ROW         BEGIN             IF (SELECT COUNT(*) FROM `tblMiscCost` WHERE `intMiscCostTypeID` = OLD.`id`) > 0 THEN                 SIGNAL SQLSTATE '45000'                  SET MESSAGE_TEXT = 'FK Violation: fkTblMiscCostToTblMiscCostTypeViaIntMiscCostTypeID - Cannot delete, children exist in tblMiscCost';             END IF;         END"
2026-02-11T17:00:20.719302,fkTblMiscCostToTblMiscCostTypeViaIntMiscCostTypeID,trg_fkTblMiscCostToTblMiscCostTypeViaIntMiscCostTypeID_upd_parent,PARENT_UPDATE_RESTRICT,FAILURE,"Code: 1 | Error: E0211 17:00:20.716049   69760 main.go:60] rpc error: code = Unknown desc = TabletManager.ExecuteFetchAsDba on zone1-3072903978: rpc error: code = Unknown desc = Identifier name 'trg_fkTblMiscCostToTblMiscCostTypeViaIntMiscCostTypeID_upd_parent' is too long (errno 1059) (sqlstate 42000) during query: CREATE TRIGGER `trg_fkTblMiscCostToTblMiscCostTypeViaIntMiscCostTypeID_upd_parent` BEFORE UPDATE ON `tblMiscCostType`     FOR EACH ROW     BEGIN         IF NOT (NEW.`id` <=> OLD.`id`) THEN             IF (SELECT COUNT(*) FROM `tblMiscCost` WHERE `intMiscCostTypeID` = OLD.`id`) > 0 THEN                  SIGNAL SQLSTATE '45000'                   SET MESSAGE_TEXT = 'FK Violation: fkTblMiscCostToTblMiscCostTypeViaIntMiscCostTypeID - Cannot update key, children exist in tblMiscCost';             END IF;         END IF;     END"
2026-02-11T17:00:20.828688,fkTblMiscCostToTblWorkOrderViaIntWorkOrderID,trg_fkTblMiscCostToTblWorkOrderViaIntWorkOrderID_ins_valid,CHILD_INSERT_VALIDATE,SUCCESS,Success
2026-02-11T17:00:20.981924,fkTblMiscCostToTblWorkOrderViaIntWorkOrderID,trg_fkTblMiscCostToTblWorkOrderViaIntWorkOrderID_upd_valid,CHILD_UPDATE_VALIDATE,SUCCESS,Success
2026-02-11T17:00:21.105840,fkTblMiscCostToTblWorkOrderViaIntWorkOrderID,trg_fkTblMiscCostToTblWorkOrderViaIntWorkOrderID_del_parent,PARENT_DELETE_CASCADE,SUCCESS,Success
2026-02-11T17:00:21.219142,fkTblMiscCostToTblWorkOrderViaIntWorkOrderID,trg_fkTblMiscCostToTblWorkOrderViaIntWorkOrderID_upd_parent,PARENT_UPDATE_RESTRICT,SUCCESS,Success
2026-02-11T17:00:21.327711,fkTblMoveToTblUserViaIntConfirmedByID,trg_fkTblMoveToTblUserViaIntConfirmedByID_ins_valid,CHILD_INSERT_VALIDATE,SUCCESS,Success
2026-02-11T17:00:21.444410,fkTblMoveToTblUserViaIntConfirmedByID,trg_fkTblMoveToTblUserViaIntConfirmedByID_upd_valid,CHILD_UPDATE_VALIDATE,SUCCESS,Success
2026-02-11T17:00:21.570801,fkTblMoveToTblUserViaIntConfirmedByID,trg_fkTblMoveToTblUserViaIntConfirmedByID_del_parent,PARENT_DELETE_RESTRICT,SUCCESS,Success
2026-02-11T17:00:21.695881,fkTblMoveToTblUserViaIntConfirmedByID,trg_fkTblMoveToTblUserViaIntConfirmedByID_upd_parent,PARENT_UPDATE_RESTRICT,SUCCESS,Success
2026-02-11T17:00:21.856879,fkTblMoveToTblUserViaIntMovedByID,trg_fkTblMoveToTblUserViaIntMovedByID_ins_valid,CHILD_INSERT_VALIDATE,SUCCESS,Success
2026-02-11T17:00:21.978733,fkTblMoveToTblUserViaIntMovedByID,trg_fkTblMoveToTblUserViaIntMovedByID_upd_valid,CHILD_UPDATE_VALIDATE,SUCCESS,Success
2026-02-11T17:00:22.107123,fkTblMoveToTblUserViaIntMovedByID,trg_fkTblMoveToTblUserViaIntMovedByID_del_parent,PARENT_DELETE_RESTRICT,SUCCESS,Success
2026-02-11T17:00:22.236867,fkTblMoveToTblUserViaIntMovedByID,trg_fkTblMoveToTblUserViaIntMovedByID_upd_parent,PARENT_UPDATE_RESTRICT,SUCCESS,Success
2026-02-11T17:00:22.354182,fkTblMoveToTblUserViaIntRejectedByID,trg_fkTblMoveToTblUserViaIntRejectedByID_ins_valid,CHILD_INSERT_VALIDATE,SUCCESS,Success
2026-02-11T17:00:22.463941,fkTblMoveToTblUserViaIntRejectedByID,trg_fkTblMoveToTblUserViaIntRejectedByID_upd_valid,CHILD_UPDATE_VALIDATE,SUCCESS,Success
2026-02-11T17:00:22.579211,fkTblMoveToTblUserViaIntRejectedByID,trg_fkTblMoveToTblUserViaIntRejectedByID_del_parent,PARENT_DELETE_RESTRICT,SUCCESS,Success
2026-02-11T17:00:22.702732,fkTblMoveToTblUserViaIntRejectedByID,trg_fkTblMoveToTblUserViaIntRejectedByID_upd_parent,PARENT_UPDATE_RESTRICT,SUCCESS,Success
2026-02-11T17:00:22.810079,fkTblMoveToTblUserViaIntRequestedByID,trg_fkTblMoveToTblUserViaIntRequestedByID_ins_valid,CHILD_INSERT_VALIDATE,SUCCESS,Success
2026-02-11T17:00:22.919878,fkTblMoveToTblUserViaIntRequestedByID,trg_fkTblMoveToTblUserViaIntRequestedByID_upd_valid,CHILD_UPDATE_VALIDATE,SUCCESS,Success
2026-02-11T17:00:23.081476,fkTblMoveToTblUserViaIntRequestedByID,trg_fkTblMoveToTblUserViaIntRequestedByID_del_parent,PARENT_DELETE_RESTRICT,SUCCESS,Success
2026-02-11T17:00:23.208179,fkTblMoveToTblUserViaIntRequestedByID,trg_fkTblMoveToTblUserViaIntRequestedByID_upd_parent,PARENT_UPDATE_RESTRICT,SUCCESS,Success
2026-02-11T17:00:23.328751,fkTblMoveToTblUserViaIntUserDestinationID,trg_fkTblMoveToTblUserViaIntUserDestinationID_ins_valid,CHILD_INSERT_VALIDATE,SUCCESS,Success
2026-02-11T17:00:23.448358,fkTblMoveToTblUserViaIntUserDestinationID,trg_fkTblMoveToTblUserViaIntUserDestinationID_upd_valid,CHILD_UPDATE_VALIDATE,SUCCESS,Success
2026-02-11T17:00:23.564593,fkTblMoveToTblUserViaIntUserDestinationID,trg_fkTblMoveToTblUserViaIntUserDestinationID_del_parent,PARENT_DELETE_CASCADE,SUCCESS,Success
2026-02-11T17:00:23.722511,fkTblMoveToTblUserViaIntUserDestinationID,trg_fkTblMoveToTblUserViaIntUserDestinationID_upd_parent,PARENT_UPDATE_RESTRICT,SUCCESS,Success
2026-02-11T17:00:23.841465,fkTblMoveBackToTblUserViaIntConfirmedByID,trg_fkTblMoveBackToTblUserViaIntConfirmedByID_ins_valid,CHILD_INSERT_VALIDATE,SUCCESS,Success
2026-02-11T17:00:23.993413,fkTblMoveBackToTblUserViaIntConfirmedByID,trg_fkTblMoveBackToTblUserViaIntConfirmedByID_upd_valid,CHILD_UPDATE_VALIDATE,SUCCESS,Success
2026-02-11T17:00:24.117371,fkTblMoveBackToTblUserViaIntConfirmedByID,trg_fkTblMoveBackToTblUserViaIntConfirmedByID_del_parent,PARENT_DELETE_RESTRICT,SUCCESS,Success
2026-02-11T17:00:24.281511,fkTblMoveBackToTblUserViaIntConfirmedByID,trg_fkTblMoveBackToTblUserViaIntConfirmedByID_upd_parent,PARENT_UPDATE_RESTRICT,SUCCESS,Success
2026-02-11T17:00:24.413680,fkTblMoveBackToTblUserViaIntMovedBackByUserID,trg_fkTblMoveBackToTblUserViaIntMovedBackByUserID_ins_valid,CHILD_INSERT_VALIDATE,SUCCESS,Success
2026-02-11T17:00:24.538909,fkTblMoveBackToTblUserViaIntMovedBackByUserID,trg_fkTblMoveBackToTblUserViaIntMovedBackByUserID_upd_valid,CHILD_UPDATE_VALIDATE,SUCCESS,Success
2026-02-11T17:00:24.674384,fkTblMoveBackToTblUserViaIntMovedBackByUserID,trg_fkTblMoveBackToTblUserViaIntMovedBackByUserID_del_parent,PARENT_DELETE_RESTRICT,SUCCESS,Success
2026-02-11T17:00:24.798250,fkTblMoveBackToTblUserViaIntMovedBackByUserID,trg_fkTblMoveBackToTblUserViaIntMovedBackByUserID_upd_parent,PARENT_UPDATE_RESTRICT,SUCCESS,Success
2026-02-11T17:00:24.907268,fkTblMoveBackToTblUserViaIntRejectedByID,trg_fkTblMoveBackToTblUserViaIntRejectedByID_ins_valid,CHILD_INSERT_VALIDATE,SUCCESS,Success
2026-02-11T17:00:25.016877,fkTblMoveBackToTblUserViaIntRejectedByID,trg_fkTblMoveBackToTblUserViaIntRejectedByID_upd_valid,CHILD_UPDATE_VALIDATE,SUCCESS,Success
2026-02-11T17:00:25.143723,fkTblMoveBackToTblUserViaIntRejectedByID,trg_fkTblMoveBackToTblUserViaIntRejectedByID_del_parent,PARENT_DELETE_RESTRICT,SUCCESS,Success
2026-02-11T17:00:25.271128,fkTblMoveBackToTblUserViaIntRejectedByID,trg_fkTblMoveBackToTblUserViaIntRejectedByID_upd_parent,PARENT_UPDATE_RESTRICT,SUCCESS,Success
2026-02-11T17:00:25.383504,fkTblMoveBackToTblUserViaIntRequestedByID,trg_fkTblMoveBackToTblUserViaIntRequestedByID_ins_valid,CHILD_INSERT_VALIDATE,SUCCESS,Success
2026-02-11T17:00:25.545504,fkTblMoveBackToTblUserViaIntRequestedByID,trg_fkTblMoveBackToTblUserViaIntRequestedByID_upd_valid,CHILD_UPDATE_VALIDATE,SUCCESS,Success
2026-02-11T17:00:25.718593,fkTblMoveBackToTblUserViaIntRequestedByID,trg_fkTblMoveBackToTblUserViaIntRequestedByID_del_parent,PARENT_DELETE_RESTRICT,SUCCESS,Success
2026-02-11T17:00:25.895208,fkTblMoveBackToTblUserViaIntRequestedByID,trg_fkTblMoveBackToTblUserViaIntRequestedByID_upd_parent,PARENT_UPDATE_RESTRICT,SUCCESS,Success
2026-02-11T17:00:26.028487,fkTblMoveSiteManagerToTblUserViaIntUserID,trg_fkTblMoveSiteManagerToTblUserViaIntUserID_ins_valid,CHILD_INSERT_VALIDATE,SUCCESS,Success
2026-02-11T17:00:26.143116,fkTblMoveSiteManagerToTblUserViaIntUserID,trg_fkTblMoveSiteManagerToTblUserViaIntUserID_upd_valid,CHILD_UPDATE_VALIDATE,SUCCESS,Success
2026-02-11T17:00:26.270755,fkTblMoveSiteManagerToTblUserViaIntUserID,trg_fkTblMoveSiteManagerToTblUserViaIntUserID_del_parent,PARENT_DELETE_CASCADE,SUCCESS,Success
2026-02-11T17:00:26.436746,fkTblMoveSiteManagerToTblUserViaIntUserID,trg_fkTblMoveSiteManagerToTblUserViaIntUserID_upd_parent,PARENT_UPDATE_RESTRICT,SUCCESS,Success
2026-02-11T17:00:26.563920,fkTblOrderToTblPaymentProfileViaIntPaymentProfileID,trg_fkTblOrderToTblPaymentProfileViaIntPaymentProfileID_ins_valid,CHILD_INSERT_VALIDATE,FAILURE,Code: 1 | Error: E0211 17:00:26.558561   69936 main.go:60] rpc error: code = Unknown desc = TabletManager.ExecuteFetchAsDba on zone1-3072903978: rpc error: code = Unknown desc = Identifier name 'trg_fkTblOrderToTblPaymentProfileViaIntPaymentProfileID_ins_valid' is too long (errno 1059) (sqlstate 42000) during query: CREATE TRIGGER `trg_fkTblOrderToTblPaymentProfileViaIntPaymentProfileID_ins_valid` BEFORE INSERT ON `tblOrder`     FOR EACH ROW     BEGIN         IF (SELECT COUNT(*) FROM `tblPaymentProfile` WHERE `id` = NEW.`intPaymentProfileID`) = 0 THEN             SIGNAL SQLSTATE '45000'              SET MESSAGE_TEXT = 'FK Violation: fkTblOrderToTblPaymentProfileViaIntPaymentProfileID - Referenced key not found in tblPaymentProfile';         END IF;     END
2026-02-11T17:00:26.680249,fkTblOrderToTblPaymentProfileViaIntPaymentProfileID,trg_fkTblOrderToTblPaymentProfileViaIntPaymentProfileID_upd_valid,CHILD_UPDATE_VALIDATE,FAILURE,Code: 1 | Error: E0211 17:00:26.675951   69937 main.go:60] rpc error: code = Unknown desc = TabletManager.ExecuteFetchAsDba on zone1-3072903978: rpc error: code = Unknown desc = Identifier name 'trg_fkTblOrderToTblPaymentProfileViaIntPaymentProfileID_upd_valid' is too long (errno 1059) (sqlstate 42000) during query: CREATE TRIGGER `trg_fkTblOrderToTblPaymentProfileViaIntPaymentProfileID_upd_valid` BEFORE UPDATE ON `tblOrder`     FOR EACH ROW     BEGIN         IF NOT (NEW.`intPaymentProfileID` <=> OLD.`intPaymentProfileID`) THEN             IF (SELECT COUNT(*) FROM `tblPaymentProfile` WHERE `id` = NEW.`intPaymentProfileID`) = 0 THEN                 SIGNAL SQLSTATE '45000'                  SET MESSAGE_TEXT = 'FK Violation: fkTblOrderToTblPaymentProfileViaIntPaymentProfileID - Referenced key not found in tblPaymentProfile';             END IF;         END IF;     END
2026-02-11T17:00:26.790118,fkTblOrderToTblPaymentProfileViaIntPaymentProfileID,trg_fkTblOrderToTblPaymentProfileViaIntPaymentProfileID_del_parent,PARENT_DELETE_RESTRICT,FAILURE,"Code: 1 | Error: E0211 17:00:26.786575   69938 main.go:60] rpc error: code = Unknown desc = TabletManager.ExecuteFetchAsDba on zone1-3072903978: rpc error: code = Unknown desc = Identifier name 'trg_fkTblOrderToTblPaymentProfileViaIntPaymentProfileID_del_parent' is too long (errno 1059) (sqlstate 42000) during query: CREATE TRIGGER `trg_fkTblOrderToTblPaymentProfileViaIntPaymentProfileID_del_parent` BEFORE DELETE ON `tblPaymentProfile`         FOR EACH ROW         BEGIN             IF (SELECT COUNT(*) FROM `tblOrder` WHERE `intPaymentProfileID` = OLD.`id`) > 0 THEN                 SIGNAL SQLSTATE '45000'                  SET MESSAGE_TEXT = 'FK Violation: fkTblOrderToTblPaymentProfileViaIntPaymentProfileID - Cannot delete, children exist in tblOrder';             END IF;         END"
2026-02-11T17:00:26.898865,fkTblOrderToTblPaymentProfileViaIntPaymentProfileID,trg_fkTblOrderToTblPaymentProfileViaIntPaymentProfileID_upd_parent,PARENT_UPDATE_RESTRICT,FAILURE,"Code: 1 | Error: E0211 17:00:26.894842   69939 main.go:60] rpc error: code = Unknown desc = TabletManager.ExecuteFetchAsDba on zone1-3072903978: rpc error: code = Unknown desc = Identifier name 'trg_fkTblOrderToTblPaymentProfileViaIntPaymentProfileID_upd_parent' is too long (errno 1059) (sqlstate 42000) during query: CREATE TRIGGER `trg_fkTblOrderToTblPaymentProfileViaIntPaymentProfileID_upd_parent` BEFORE UPDATE ON `tblPaymentProfile`     FOR EACH ROW     BEGIN         IF NOT (NEW.`id` <=> OLD.`id`) THEN             IF (SELECT COUNT(*) FROM `tblOrder` WHERE `intPaymentProfileID` = OLD.`id`) > 0 THEN                  SIGNAL SQLSTATE '45000'                   SET MESSAGE_TEXT = 'FK Violation: fkTblOrderToTblPaymentProfileViaIntPaymentProfileID - Cannot update key, children exist in tblOrder';             END IF;         END IF;     END"
2026-02-11T17:00:27.009247,fkTblOrderToTblQuoteViaIntQuoteID,trg_fkTblOrderToTblQuoteViaIntQuoteID_ins_valid,CHILD_INSERT_VALIDATE,SUCCESS,Success
2026-02-11T17:00:27.119469,fkTblOrderToTblQuoteViaIntQuoteID,trg_fkTblOrderToTblQuoteViaIntQuoteID_upd_valid,CHILD_UPDATE_VALIDATE,SUCCESS,Success
2026-02-11T17:00:27.233997,fkTblOrderToTblQuoteViaIntQuoteID,trg_fkTblOrderToTblQuoteViaIntQuoteID_del_parent,PARENT_DELETE_RESTRICT,SUCCESS,Success
2026-02-11T17:00:27.351962,fkTblOrderToTblQuoteViaIntQuoteID,trg_fkTblOrderToTblQuoteViaIntQuoteID_upd_parent,PARENT_UPDATE_RESTRICT,SUCCESS,Success
2026-02-11T17:00:27.463242,fkTblOrderToTblSubscriptionPlanViaIntSubscriptionPlanID,trg_fkTblOrderToTblSubscriptionPlanViaIntSubscriptionPlanID_ins_valid,CHILD_INSERT_VALIDATE,FAILURE,Code: 1 | Error: E0211 17:00:27.459575   69944 main.go:60] rpc error: code = Unknown desc = TabletManager.ExecuteFetchAsDba on zone1-3072903978: rpc error: code = Unknown desc = Identifier name 'trg_fkTblOrderToTblSubscriptionPlanViaIntSubscriptionPlanID_ins_valid' is too long (errno 1059) (sqlstate 42000) during query: CREATE TRIGGER `trg_fkTblOrderToTblSubscriptionPlanViaIntSubscriptionPlanID_ins_valid` BEFORE INSERT ON `tblOrder`     FOR EACH ROW     BEGIN         IF (SELECT COUNT(*) FROM `tblSubscriptionPlan` WHERE `id` = NEW.`intSubscriptionPlanID`) = 0 THEN             SIGNAL SQLSTATE '45000'              SET MESSAGE_TEXT = 'FK Violation: fkTblOrderToTblSubscriptionPlanViaIntSubscriptionPlanID - Referenced key not found in tblSubscriptionPlan';         END IF;     END
2026-02-11T17:00:27.596568,fkTblOrderToTblSubscriptionPlanViaIntSubscriptionPlanID,trg_fkTblOrderToTblSubscriptionPlanViaIntSubscriptionPlanID_upd_valid,CHILD_UPDATE_VALIDATE,FAILURE,Code: 1 | Error: E0211 17:00:27.591333   69945 main.go:60] rpc error: code = Unknown desc = TabletManager.ExecuteFetchAsDba on zone1-3072903978: rpc error: code = Unknown desc = Identifier name 'trg_fkTblOrderToTblSubscriptionPlanViaIntSubscriptionPlanID_upd_valid' is too long (errno 1059) (sqlstate 42000) during query: CREATE TRIGGER `trg_fkTblOrderToTblSubscriptionPlanViaIntSubscriptionPlanID_upd_valid` BEFORE UPDATE ON `tblOrder`     FOR EACH ROW     BEGIN         IF NOT (NEW.`intSubscriptionPlanID` <=> OLD.`intSubscriptionPlanID`) THEN             IF (SELECT COUNT(*) FROM `tblSubscriptionPlan` WHERE `id` = NEW.`intSubscriptionPlanID`) = 0 THEN                 SIGNAL SQLSTATE '45000'                  SET MESSAGE_TEXT = 'FK Violation: fkTblOrderToTblSubscriptionPlanViaIntSubscriptionPlanID - Referenced key not found in tblSubscriptionPlan';             END IF;         END IF;     END
2026-02-11T17:00:27.723303,fkTblOrderToTblSubscriptionPlanViaIntSubscriptionPlanID,trg_fkTblOrderToTblSubscriptionPlanViaIntSubscriptionPlanID_del_parent,PARENT_DELETE_RESTRICT,FAILURE,"Code: 1 | Error: E0211 17:00:27.718990   69946 main.go:60] rpc error: code = Unknown desc = TabletManager.ExecuteFetchAsDba on zone1-3072903978: rpc error: code = Unknown desc = Identifier name 'trg_fkTblOrderToTblSubscriptionPlanViaIntSubscriptionPlanID_del_parent' is too long (errno 1059) (sqlstate 42000) during query: CREATE TRIGGER `trg_fkTblOrderToTblSubscriptionPlanViaIntSubscriptionPlanID_del_parent` BEFORE DELETE ON `tblSubscriptionPlan`         FOR EACH ROW         BEGIN             IF (SELECT COUNT(*) FROM `tblOrder` WHERE `intSubscriptionPlanID` = OLD.`id`) > 0 THEN                 SIGNAL SQLSTATE '45000'                  SET MESSAGE_TEXT = 'FK Violation: fkTblOrderToTblSubscriptionPlanViaIntSubscriptionPlanID - Cannot delete, children exist in tblOrder';             END IF;         END"
2026-02-11T17:00:27.836826,fkTblOrderToTblSubscriptionPlanViaIntSubscriptionPlanID,trg_fkTblOrderToTblSubscriptionPlanViaIntSubscriptionPlanID_upd_parent,PARENT_UPDATE_RESTRICT,FAILURE,"Code: 1 | Error: E0211 17:00:27.833763   69947 main.go:60] rpc error: code = Unknown desc = TabletManager.ExecuteFetchAsDba on zone1-3072903978: rpc error: code = Unknown desc = Identifier name 'trg_fkTblOrderToTblSubscriptionPlanViaIntSubscriptionPlanID_upd_parent' is too long (errno 1059) (sqlstate 42000) during query: CREATE TRIGGER `trg_fkTblOrderToTblSubscriptionPlanViaIntSubscriptionPlanID_upd_parent` BEFORE UPDATE ON `tblSubscriptionPlan`     FOR EACH ROW     BEGIN         IF NOT (NEW.`id` <=> OLD.`id`) THEN             IF (SELECT COUNT(*) FROM `tblOrder` WHERE `intSubscriptionPlanID` = OLD.`id`) > 0 THEN                  SIGNAL SQLSTATE '45000'                   SET MESSAGE_TEXT = 'FK Violation: fkTblOrderToTblSubscriptionPlanViaIntSubscriptionPlanID - Cannot update key, children exist in tblOrder';             END IF;         END IF;     END"
2026-02-11T17:00:27.954185,fkTblOrderRefundToTblOrderViaIntOrderID,trg_fkTblOrderRefundToTblOrderViaIntOrderID_ins_valid,CHILD_INSERT_VALIDATE,SUCCESS,Success
2026-02-11T17:00:28.066365,fkTblOrderRefundToTblOrderViaIntOrderID,trg_fkTblOrderRefundToTblOrderViaIntOrderID_upd_valid,CHILD_UPDATE_VALIDATE,SUCCESS,Success
2026-02-11T17:00:28.183218,fkTblOrderRefundToTblOrderViaIntOrderID,trg_fkTblOrderRefundToTblOrderViaIntOrderID_del_parent,PARENT_DELETE_CASCADE,SUCCESS,Success
2026-02-11T17:00:28.295242,fkTblOrderRefundToTblOrderViaIntOrderID,trg_fkTblOrderRefundToTblOrderViaIntOrderID_upd_parent,PARENT_UPDATE_RESTRICT,SUCCESS,Success
2026-02-11T17:00:28.406280,fkTblOrderRefundToTblUserViaIntCreatedByUserID,trg_fkTblOrderRefundToTblUserViaIntCreatedByUserID_ins_valid,CHILD_INSERT_VALIDATE,SUCCESS,Success
2026-02-11T17:00:28.512340,fkTblOrderRefundToTblUserViaIntCreatedByUserID,trg_fkTblOrderRefundToTblUserViaIntCreatedByUserID_upd_valid,CHILD_UPDATE_VALIDATE,SUCCESS,Success
2026-02-11T17:00:28.628070,fkTblOrderRefundToTblUserViaIntCreatedByUserID,trg_fkTblOrderRefundToTblUserViaIntCreatedByUserID_del_parent,PARENT_DELETE_RESTRICT,SUCCESS,Success
2026-02-11T17:00:28.740747,fkTblOrderRefundToTblUserViaIntCreatedByUserID,trg_fkTblOrderRefundToTblUserViaIntCreatedByUserID_upd_parent,PARENT_UPDATE_RESTRICT,SUCCESS,Success
2026-02-11T17:00:28.848489,fkTblOrderSystemPropertyToTblOrderViaIntOrderID,trg_fkTblOrderSystemPropertyToTblOrderViaIntOrderID_ins_valid,CHILD_INSERT_VALIDATE,SUCCESS,Success
2026-02-11T17:00:28.957157,fkTblOrderSystemPropertyToTblOrderViaIntOrderID,trg_fkTblOrderSystemPropertyToTblOrderViaIntOrderID_upd_valid,CHILD_UPDATE_VALIDATE,SUCCESS,Success
2026-02-11T17:00:29.120467,fkTblOrderSystemPropertyToTblOrderViaIntOrderID,trg_fkTblOrderSystemPropertyToTblOrderViaIntOrderID_del_parent,PARENT_DELETE_CASCADE,SUCCESS,Success
2026-02-11T17:00:29.245848,fkTblOrderSystemPropertyToTblOrderViaIntOrderID,trg_fkTblOrderSystemPropertyToTblOrderViaIntOrderID_upd_parent,PARENT_UPDATE_RESTRICT,SUCCESS,Success
2026-02-11T17:00:29.359299,fkTblPartnerToTblFileContentsViaIntFileContentsID,trg_fkTblPartnerToTblFileContentsViaIntFileContentsID_ins_valid,CHILD_INSERT_VALIDATE,SUCCESS,Success
2026-02-11T17:00:29.514811,fkTblPartnerToTblFileContentsViaIntFileContentsID,trg_fkTblPartnerToTblFileContentsViaIntFileContentsID_upd_valid,CHILD_UPDATE_VALIDATE,SUCCESS,Success
2026-02-11T17:00:29.639083,fkTblPartnerToTblFileContentsViaIntFileContentsID,trg_fkTblPartnerToTblFileContentsViaIntFileContentsID_del_parent,PARENT_DELETE_CASCADE,SUCCESS,Success
2026-02-11T17:00:29.757508,fkTblPartnerToTblFileContentsViaIntFileContentsID,trg_fkTblPartnerToTblFileContentsViaIntFileContentsID_upd_parent,PARENT_UPDATE_RESTRICT,SUCCESS,Success
2026-02-11T17:00:29.866551,fkTblPartnerToTblFileContentsViaIntFileLoginScreenBra1125302094,trg_fkTblPartnerToTblFileContentsViaIntFileLoginScreenBra1125302094_ins_valid,CHILD_INSERT_VALIDATE,FAILURE,Code: 1 | Error: E0211 17:00:29.862782   69969 main.go:60] rpc error: code = Unknown desc = TabletManager.ExecuteFetchAsDba on zone1-3072903978: rpc error: code = Unknown desc = Identifier name 'trg_fkTblPartnerToTblFileContentsViaIntFileLoginScreenBra1125302094_ins_valid' is too long (errno 1059) (sqlstate 42000) during query: CREATE TRIGGER `trg_fkTblPartnerToTblFileContentsViaIntFileLoginScreenBra1125302094_ins_valid` BEFORE INSERT ON `tblPartner`     FOR EACH ROW     BEGIN         IF (SELECT COUNT(*) FROM `tblFileContents` WHERE `id` = NEW.`intFileLoginScreenBrandContentsID`) = 0 THEN             SIGNAL SQLSTATE '45000'              SET MESSAGE_TEXT = 'FK Violation: fkTblPartnerToTblFileContentsViaIntFileLoginScreenBra1125302094 - Referenced key not found in tblFileContents';         END IF;     END
2026-02-11T17:00:29.980146,fkTblPartnerToTblFileContentsViaIntFileLoginScreenBra1125302094,trg_fkTblPartnerToTblFileContentsViaIntFileLoginScreenBra1125302094_upd_valid,CHILD_UPDATE_VALIDATE,FAILURE,Code: 1 | Error: E0211 17:00:29.976530   69970 main.go:60] rpc error: code = Unknown desc = TabletManager.ExecuteFetchAsDba on zone1-3072903978: rpc error: code = Unknown desc = Identifier name 'trg_fkTblPartnerToTblFileContentsViaIntFileLoginScreenBra1125302094_upd_valid' is too long (errno 1059) (sqlstate 42000) during query: CREATE TRIGGER `trg_fkTblPartnerToTblFileContentsViaIntFileLoginScreenBra1125302094_upd_valid` BEFORE UPDATE ON `tblPartner`     FOR EACH ROW     BEGIN         IF NOT (NEW.`intFileLoginScreenBrandContentsID` <=> OLD.`intFileLoginScreenBrandContentsID`) THEN             IF (SELECT COUNT(*) FROM `tblFileContents` WHERE `id` = NEW.`intFileLoginScreenBrandContentsID`) = 0 THEN                 SIGNAL SQLSTATE '45000'                  SET MESSAGE_TEXT = 'FK Violation: fkTblPartnerToTblFileContentsViaIntFileLoginScreenBra1125302094 - Referenced key not found in tblFileContents';             END IF;         END IF;     END
2026-02-11T17:00:30.137458,fkTblPartnerToTblFileContentsViaIntFileLoginScreenBra1125302094,trg_fkTblPartnerToTblFileContentsViaIntFileLoginScreenBra1125302094_del_parent,PARENT_DELETE_CASCADE,FAILURE,Code: 1 | Error: E0211 17:00:30.132972   69971 main.go:60] rpc error: code = Unknown desc = TabletManager.ExecuteFetchAsDba on zone1-3072903978: rpc error: code = Unknown desc = Identifier name 'trg_fkTblPartnerToTblFileContentsViaIntFileLoginScreenBra1125302094_del_parent' is too long (errno 1059) (sqlstate 42000) during query: CREATE TRIGGER `trg_fkTblPartnerToTblFileContentsViaIntFileLoginScreenBra1125302094_del_parent` BEFORE DELETE ON `tblFileContents`         FOR EACH ROW         BEGIN             DELETE FROM `tblPartner` WHERE `intFileLoginScreenBrandContentsID` = OLD.`id`;         END
2026-02-11T17:00:30.274361,fkTblPartnerToTblFileContentsViaIntFileLoginScreenBra1125302094,trg_fkTblPartnerToTblFileContentsViaIntFileLoginScreenBra1125302094_upd_parent,PARENT_UPDATE_RESTRICT,FAILURE,"Code: 1 | Error: E0211 17:00:30.270250   69972 main.go:60] rpc error: code = Unknown desc = TabletManager.ExecuteFetchAsDba on zone1-3072903978: rpc error: code = Unknown desc = Identifier name 'trg_fkTblPartnerToTblFileContentsViaIntFileLoginScreenBra1125302094_upd_parent' is too long (errno 1059) (sqlstate 42000) during query: CREATE TRIGGER `trg_fkTblPartnerToTblFileContentsViaIntFileLoginScreenBra1125302094_upd_parent` BEFORE UPDATE ON `tblFileContents`     FOR EACH ROW     BEGIN         IF NOT (NEW.`id` <=> OLD.`id`) THEN             IF (SELECT COUNT(*) FROM `tblPartner` WHERE `intFileLoginScreenBrandContentsID` = OLD.`id`) > 0 THEN                  SIGNAL SQLSTATE '45000'                   SET MESSAGE_TEXT = 'FK Violation: fkTblPartnerToTblFileContentsViaIntFileLoginScreenBra1125302094 - Cannot update key, children exist in tblPartner';             END IF;         END IF;     END"
2026-02-11T17:00:30.385628,fkTblPartnerToTblUserViaIntCreatedByUserID,trg_fkTblPartnerToTblUserViaIntCreatedByUserID_ins_valid,CHILD_INSERT_VALIDATE,SUCCESS,Success
2026-02-11T17:00:30.496835,fkTblPartnerToTblUserViaIntCreatedByUserID,trg_fkTblPartnerToTblUserViaIntCreatedByUserID_upd_valid,CHILD_UPDATE_VALIDATE,SUCCESS,Success
2026-02-11T17:00:30.612684,fkTblPartnerToTblUserViaIntCreatedByUserID,trg_fkTblPartnerToTblUserViaIntCreatedByUserID_del_parent,PARENT_DELETE_RESTRICT,SUCCESS,Success
2026-02-11T17:00:30.733488,fkTblPartnerToTblUserViaIntCreatedByUserID,trg_fkTblPartnerToTblUserViaIntCreatedByUserID_upd_parent,PARENT_UPDATE_RESTRICT,SUCCESS,Success
2026-02-11T17:00:30.845820,fkTblPaymentProfileToTblAccountAddressViaIntAccountAddressID,trg_fkTblPaymentProfileToTblAccountAddressViaIntAccountAddressID_ins_valid,CHILD_INSERT_VALIDATE,FAILURE,Code: 1 | Error: E0211 17:00:30.842290   69977 main.go:60] rpc error: code = Unknown desc = TabletManager.ExecuteFetchAsDba on zone1-3072903978: rpc error: code = Unknown desc = Identifier name 'trg_fkTblPaymentProfileToTblAccountAddressViaIntAccountAddressID_ins_valid' is too long (errno 1059) (sqlstate 42000) during query: CREATE TRIGGER `trg_fkTblPaymentProfileToTblAccountAddressViaIntAccountAddressID_ins_valid` BEFORE INSERT ON `tblPaymentProfile`     FOR EACH ROW     BEGIN         IF (SELECT COUNT(*) FROM `tblAccountAddress` WHERE `id` = NEW.`intAccountAddressID`) = 0 THEN             SIGNAL SQLSTATE '45000'              SET MESSAGE_TEXT = 'FK Violation: fkTblPaymentProfileToTblAccountAddressViaIntAccountAddressID - Referenced key not found in tblAccountAddress';         END IF;     END
2026-02-11T17:00:30.957889,fkTblPaymentProfileToTblAccountAddressViaIntAccountAddressID,trg_fkTblPaymentProfileToTblAccountAddressViaIntAccountAddressID_upd_valid,CHILD_UPDATE_VALIDATE,FAILURE,Code: 1 | Error: E0211 17:00:30.953597   69978 main.go:60] rpc error: code = Unknown desc = TabletManager.ExecuteFetchAsDba on zone1-3072903978: rpc error: code = Unknown desc = Identifier name 'trg_fkTblPaymentProfileToTblAccountAddressViaIntAccountAddressID_upd_valid' is too long (errno 1059) (sqlstate 42000) during query: CREATE TRIGGER `trg_fkTblPaymentProfileToTblAccountAddressViaIntAccountAddressID_upd_valid` BEFORE UPDATE ON `tblPaymentProfile`     FOR EACH ROW     BEGIN         IF NOT (NEW.`intAccountAddressID` <=> OLD.`intAccountAddressID`) THEN             IF (SELECT COUNT(*) FROM `tblAccountAddress` WHERE `id` = NEW.`intAccountAddressID`) = 0 THEN                 SIGNAL SQLSTATE '45000'                  SET MESSAGE_TEXT = 'FK Violation: fkTblPaymentProfileToTblAccountAddressViaIntAccountAddressID - Referenced key not found in tblAccountAddress';             END IF;         END IF;     END
2026-02-11T17:00:31.068772,fkTblPaymentProfileToTblAccountAddressViaIntAccountAddressID,trg_fkTblPaymentProfileToTblAccountAddressViaIntAccountAddressID_del_parent,PARENT_DELETE_RESTRICT,FAILURE,"Code: 1 | Error: E0211 17:00:31.064900   69979 main.go:60] rpc error: code = Unknown desc = TabletManager.ExecuteFetchAsDba on zone1-3072903978: rpc error: code = Unknown desc = Identifier name 'trg_fkTblPaymentProfileToTblAccountAddressViaIntAccountAddressID_del_parent' is too long (errno 1059) (sqlstate 42000) during query: CREATE TRIGGER `trg_fkTblPaymentProfileToTblAccountAddressViaIntAccountAddressID_del_parent` BEFORE DELETE ON `tblAccountAddress`         FOR EACH ROW         BEGIN             IF (SELECT COUNT(*) FROM `tblPaymentProfile` WHERE `intAccountAddressID` = OLD.`id`) > 0 THEN                 SIGNAL SQLSTATE '45000'                  SET MESSAGE_TEXT = 'FK Violation: fkTblPaymentProfileToTblAccountAddressViaIntAccountAddressID - Cannot delete, children exist in tblPaymentProfile';             END IF;         END"
2026-02-11T17:00:31.175957,fkTblPaymentProfileToTblAccountAddressViaIntAccountAddressID,trg_fkTblPaymentProfileToTblAccountAddressViaIntAccountAddressID_upd_parent,PARENT_UPDATE_RESTRICT,FAILURE,"Code: 1 | Error: E0211 17:00:31.172081   69980 main.go:60] rpc error: code = Unknown desc = TabletManager.ExecuteFetchAsDba on zone1-3072903978: rpc error: code = Unknown desc = Identifier name 'trg_fkTblPaymentProfileToTblAccountAddressViaIntAccountAddressID_upd_parent' is too long (errno 1059) (sqlstate 42000) during query: CREATE TRIGGER `trg_fkTblPaymentProfileToTblAccountAddressViaIntAccountAddressID_upd_parent` BEFORE UPDATE ON `tblAccountAddress`     FOR EACH ROW     BEGIN         IF NOT (NEW.`id` <=> OLD.`id`) THEN             IF (SELECT COUNT(*) FROM `tblPaymentProfile` WHERE `intAccountAddressID` = OLD.`id`) > 0 THEN                  SIGNAL SQLSTATE '45000'                   SET MESSAGE_TEXT = 'FK Violation: fkTblPaymentProfileToTblAccountAddressViaIntAccountAddressID - Cannot update key, children exist in tblPaymentProfile';             END IF;         END IF;     END"
2026-02-11T17:00:31.314573,fkTblPaymentProfileToTblUserViaIntCreatedByUserID,trg_fkTblPaymentProfileToTblUserViaIntCreatedByUserID_ins_valid,CHILD_INSERT_VALIDATE,SUCCESS,Success
2026-02-11T17:00:31.428746,fkTblPaymentProfileToTblUserViaIntCreatedByUserID,trg_fkTblPaymentProfileToTblUserViaIntCreatedByUserID_upd_valid,CHILD_UPDATE_VALIDATE,SUCCESS,Success
2026-02-11T17:00:31.554700,fkTblPaymentProfileToTblUserViaIntCreatedByUserID,trg_fkTblPaymentProfileToTblUserViaIntCreatedByUserID_del_parent,PARENT_DELETE_RESTRICT,SUCCESS,Success
2026-02-11T17:00:31.679103,fkTblPaymentProfileToTblUserViaIntCreatedByUserID,trg_fkTblPaymentProfileToTblUserViaIntCreatedByUserID_upd_parent,PARENT_UPDATE_RESTRICT,SUCCESS,Success
2026-02-11T17:00:31.794782,fkTblProductTimeTrackingToTblLineItemViaIntOrderLineItemID,trg_fkTblProductTimeTrackingToTblLineItemViaIntOrderLineItemID_ins_valid,CHILD_INSERT_VALIDATE,FAILURE,Code: 1 | Error: E0211 17:00:31.791487   69985 main.go:60] rpc error: code = Unknown desc = TabletManager.ExecuteFetchAsDba on zone1-3072903978: rpc error: code = Unknown desc = Identifier name 'trg_fkTblProductTimeTrackingToTblLineItemViaIntOrderLineItemID_ins_valid' is too long (errno 1059) (sqlstate 42000) during query: CREATE TRIGGER `trg_fkTblProductTimeTrackingToTblLineItemViaIntOrderLineItemID_ins_valid` BEFORE INSERT ON `tblProductTimeTracking`     FOR EACH ROW     BEGIN         IF (SELECT COUNT(*) FROM `tblLineItem` WHERE `id` = NEW.`intOrderLineItemID`) = 0 THEN             SIGNAL SQLSTATE '45000'              SET MESSAGE_TEXT = 'FK Violation: fkTblProductTimeTrackingToTblLineItemViaIntOrderLineItemID - Referenced key not found in tblLineItem';         END IF;     END
2026-02-11T17:00:31.902064,fkTblProductTimeTrackingToTblLineItemViaIntOrderLineItemID,trg_fkTblProductTimeTrackingToTblLineItemViaIntOrderLineItemID_upd_valid,CHILD_UPDATE_VALIDATE,FAILURE,Code: 1 | Error: E0211 17:00:31.899063   70004 main.go:60] rpc error: code = Unknown desc = TabletManager.ExecuteFetchAsDba on zone1-3072903978: rpc error: code = Unknown desc = Identifier name 'trg_fkTblProductTimeTrackingToTblLineItemViaIntOrderLineItemID_upd_valid' is too long (errno 1059) (sqlstate 42000) during query: CREATE TRIGGER `trg_fkTblProductTimeTrackingToTblLineItemViaIntOrderLineItemID_upd_valid` BEFORE UPDATE ON `tblProductTimeTracking`     FOR EACH ROW     BEGIN         IF NOT (NEW.`intOrderLineItemID` <=> OLD.`intOrderLineItemID`) THEN             IF (SELECT COUNT(*) FROM `tblLineItem` WHERE `id` = NEW.`intOrderLineItemID`) = 0 THEN                 SIGNAL SQLSTATE '45000'                  SET MESSAGE_TEXT = 'FK Violation: fkTblProductTimeTrackingToTblLineItemViaIntOrderLineItemID - Referenced key not found in tblLineItem';             END IF;         END IF;     END
2026-02-11T17:00:32.009264,fkTblProductTimeTrackingToTblLineItemViaIntOrderLineItemID,trg_fkTblProductTimeTrackingToTblLineItemViaIntOrderLineItemID_del_parent,PARENT_DELETE_RESTRICT,FAILURE,"Code: 1 | Error: E0211 17:00:32.005893   70037 main.go:60] rpc error: code = Unknown desc = TabletManager.ExecuteFetchAsDba on zone1-3072903978: rpc error: code = Unknown desc = Identifier name 'trg_fkTblProductTimeTrackingToTblLineItemViaIntOrderLineItemID_del_parent' is too long (errno 1059) (sqlstate 42000) during query: CREATE TRIGGER `trg_fkTblProductTimeTrackingToTblLineItemViaIntOrderLineItemID_del_parent` BEFORE DELETE ON `tblLineItem`         FOR EACH ROW         BEGIN             IF (SELECT COUNT(*) FROM `tblProductTimeTracking` WHERE `intOrderLineItemID` = OLD.`id`) > 0 THEN                 SIGNAL SQLSTATE '45000'                  SET MESSAGE_TEXT = 'FK Violation: fkTblProductTimeTrackingToTblLineItemViaIntOrderLineItemID - Cannot delete, children exist in tblProductTimeTracking';             END IF;         END"
2026-02-11T17:00:32.120638,fkTblProductTimeTrackingToTblLineItemViaIntOrderLineItemID,trg_fkTblProductTimeTrackingToTblLineItemViaIntOrderLineItemID_upd_parent,PARENT_UPDATE_RESTRICT,FAILURE,"Code: 1 | Error: E0211 17:00:32.115690   70072 main.go:60] rpc error: code = Unknown desc = TabletManager.ExecuteFetchAsDba on zone1-3072903978: rpc error: code = Unknown desc = Identifier name 'trg_fkTblProductTimeTrackingToTblLineItemViaIntOrderLineItemID_upd_parent' is too long (errno 1059) (sqlstate 42000) during query: CREATE TRIGGER `trg_fkTblProductTimeTrackingToTblLineItemViaIntOrderLineItemID_upd_parent` BEFORE UPDATE ON `tblLineItem`     FOR EACH ROW     BEGIN         IF NOT (NEW.`id` <=> OLD.`id`) THEN             IF (SELECT COUNT(*) FROM `tblProductTimeTracking` WHERE `intOrderLineItemID` = OLD.`id`) > 0 THEN                  SIGNAL SQLSTATE '45000'                   SET MESSAGE_TEXT = 'FK Violation: fkTblProductTimeTrackingToTblLineItemViaIntOrderLineItemID - Cannot update key, children exist in tblProductTimeTracking';             END IF;         END IF;     END"
2026-02-11T17:00:32.233153,fkTblProductTimeTrackingToTblUserViaIntTrainerUserID,trg_fkTblProductTimeTrackingToTblUserViaIntTrainerUserID_ins_valid,CHILD_INSERT_VALIDATE,FAILURE,Code: 1 | Error: E0211 17:00:32.229777   70089 main.go:60] rpc error: code = Unknown desc = TabletManager.ExecuteFetchAsDba on zone1-3072903978: rpc error: code = Unknown desc = Identifier name 'trg_fkTblProductTimeTrackingToTblUserViaIntTrainerUserID_ins_valid' is too long (errno 1059) (sqlstate 42000) during query: CREATE TRIGGER `trg_fkTblProductTimeTrackingToTblUserViaIntTrainerUserID_ins_valid` BEFORE INSERT ON `tblProductTimeTracking`     FOR EACH ROW     BEGIN         IF (SELECT COUNT(*) FROM `tblUser` WHERE `id` = NEW.`intTrainerUserID`) = 0 THEN             SIGNAL SQLSTATE '45000'              SET MESSAGE_TEXT = 'FK Violation: fkTblProductTimeTrackingToTblUserViaIntTrainerUserID - Referenced key not found in tblUser';         END IF;     END
2026-02-11T17:00:32.337246,fkTblProductTimeTrackingToTblUserViaIntTrainerUserID,trg_fkTblProductTimeTrackingToTblUserViaIntTrainerUserID_upd_valid,CHILD_UPDATE_VALIDATE,FAILURE,Code: 1 | Error: E0211 17:00:32.333368   70110 main.go:60] rpc error: code = Unknown desc = TabletManager.ExecuteFetchAsDba on zone1-3072903978: rpc error: code = Unknown desc = Identifier name 'trg_fkTblProductTimeTrackingToTblUserViaIntTrainerUserID_upd_valid' is too long (errno 1059) (sqlstate 42000) during query: CREATE TRIGGER `trg_fkTblProductTimeTrackingToTblUserViaIntTrainerUserID_upd_valid` BEFORE UPDATE ON `tblProductTimeTracking`     FOR EACH ROW     BEGIN         IF NOT (NEW.`intTrainerUserID` <=> OLD.`intTrainerUserID`) THEN             IF (SELECT COUNT(*) FROM `tblUser` WHERE `id` = NEW.`intTrainerUserID`) = 0 THEN                 SIGNAL SQLSTATE '45000'                  SET MESSAGE_TEXT = 'FK Violation: fkTblProductTimeTrackingToTblUserViaIntTrainerUserID - Referenced key not found in tblUser';             END IF;         END IF;     END
2026-02-11T17:00:32.449234,fkTblProductTimeTrackingToTblUserViaIntTrainerUserID,trg_fkTblProductTimeTrackingToTblUserViaIntTrainerUserID_del_parent,PARENT_DELETE_RESTRICT,FAILURE,"Code: 1 | Error: E0211 17:00:32.445719   70120 main.go:60] rpc error: code = Unknown desc = TabletManager.ExecuteFetchAsDba on zone1-3072903978: rpc error: code = Unknown desc = Identifier name 'trg_fkTblProductTimeTrackingToTblUserViaIntTrainerUserID_del_parent' is too long (errno 1059) (sqlstate 42000) during query: CREATE TRIGGER `trg_fkTblProductTimeTrackingToTblUserViaIntTrainerUserID_del_parent` BEFORE DELETE ON `tblUser`         FOR EACH ROW         BEGIN             IF (SELECT COUNT(*) FROM `tblProductTimeTracking` WHERE `intTrainerUserID` = OLD.`id`) > 0 THEN                 SIGNAL SQLSTATE '45000'                  SET MESSAGE_TEXT = 'FK Violation: fkTblProductTimeTrackingToTblUserViaIntTrainerUserID - Cannot delete, children exist in tblProductTimeTracking';             END IF;         END"
2026-02-11T17:00:32.555725,fkTblProductTimeTrackingToTblUserViaIntTrainerUserID,trg_fkTblProductTimeTrackingToTblUserViaIntTrainerUserID_upd_parent,PARENT_UPDATE_RESTRICT,FAILURE,"Code: 1 | Error: E0211 17:00:32.551363   70121 main.go:60] rpc error: code = Unknown desc = TabletManager.ExecuteFetchAsDba on zone1-3072903978: rpc error: code = Unknown desc = Identifier name 'trg_fkTblProductTimeTrackingToTblUserViaIntTrainerUserID_upd_parent' is too long (errno 1059) (sqlstate 42000) during query: CREATE TRIGGER `trg_fkTblProductTimeTrackingToTblUserViaIntTrainerUserID_upd_parent` BEFORE UPDATE ON `tblUser`     FOR EACH ROW     BEGIN         IF NOT (NEW.`id` <=> OLD.`id`) THEN             IF (SELECT COUNT(*) FROM `tblProductTimeTracking` WHERE `intTrainerUserID` = OLD.`id`) > 0 THEN                  SIGNAL SQLSTATE '45000'                   SET MESSAGE_TEXT = 'FK Violation: fkTblProductTimeTrackingToTblUserViaIntTrainerUserID - Cannot update key, children exist in tblProductTimeTracking';             END IF;         END IF;     END"
2026-02-11T17:00:32.664918,fkTblProjectToTblProjectViaIntParentProjectID,trg_fkTblProjectToTblProjectViaIntParentProjectID_ins_valid,CHILD_INSERT_VALIDATE,SUCCESS,Success
2026-02-11T17:00:32.778941,fkTblProjectToTblProjectViaIntParentProjectID,trg_fkTblProjectToTblProjectViaIntParentProjectID_upd_valid,CHILD_UPDATE_VALIDATE,SUCCESS,Success
2026-02-11T17:00:32.933149,fkTblProjectToTblProjectViaIntParentProjectID,trg_fkTblProjectToTblProjectViaIntParentProjectID_del_parent,PARENT_DELETE_CASCADE,SUCCESS,Success
2026-02-11T17:00:33.056082,fkTblProjectToTblProjectViaIntParentProjectID,trg_fkTblProjectToTblProjectViaIntParentProjectID_upd_parent,PARENT_UPDATE_RESTRICT,SUCCESS,Success
2026-02-11T17:00:33.171155,fkTblProjectUserToTblProjectViaIntProjectID,trg_fkTblProjectUserToTblProjectViaIntProjectID_ins_valid,CHILD_INSERT_VALIDATE,SUCCESS,Success
2026-02-11T17:00:33.284503,fkTblProjectUserToTblProjectViaIntProjectID,trg_fkTblProjectUserToTblProjectViaIntProjectID_upd_valid,CHILD_UPDATE_VALIDATE,SUCCESS,Success
2026-02-11T17:00:33.397745,fkTblProjectUserToTblProjectViaIntProjectID,trg_fkTblProjectUserToTblProjectViaIntProjectID_del_parent,PARENT_DELETE_CASCADE,SUCCESS,Success
2026-02-11T17:00:33.514245,fkTblProjectUserToTblProjectViaIntProjectID,trg_fkTblProjectUserToTblProjectViaIntProjectID_upd_parent,PARENT_UPDATE_RESTRICT,SUCCESS,Success
2026-02-11T17:00:33.667176,fkTblProjectUserToTblUserViaIntUserID,trg_fkTblProjectUserToTblUserViaIntUserID_ins_valid,CHILD_INSERT_VALIDATE,SUCCESS,Success
2026-02-11T17:00:33.786083,fkTblProjectUserToTblUserViaIntUserID,trg_fkTblProjectUserToTblUserViaIntUserID_upd_valid,CHILD_UPDATE_VALIDATE,SUCCESS,Success
2026-02-11T17:00:33.913829,fkTblProjectUserToTblUserViaIntUserID,trg_fkTblProjectUserToTblUserViaIntUserID_del_parent,PARENT_DELETE_CASCADE,SUCCESS,Success
2026-02-11T17:00:34.035580,fkTblProjectUserToTblUserViaIntUserID,trg_fkTblProjectUserToTblUserViaIntUserID_upd_parent,PARENT_UPDATE_RESTRICT,SUCCESS,Success
2026-02-11T17:00:34.148023,fkTblPurchaseOrderToTblAccountViaIntAccountID,trg_fkTblPurchaseOrderToTblAccountViaIntAccountID_ins_valid,CHILD_INSERT_VALIDATE,SUCCESS,Success
2026-02-11T17:00:34.265699,fkTblPurchaseOrderToTblAccountViaIntAccountID,trg_fkTblPurchaseOrderToTblAccountViaIntAccountID_upd_valid,CHILD_UPDATE_VALIDATE,SUCCESS,Success
2026-02-11T17:00:34.385259,fkTblPurchaseOrderToTblAccountViaIntAccountID,trg_fkTblPurchaseOrderToTblAccountViaIntAccountID_del_parent,PARENT_DELETE_RESTRICT,SUCCESS,Success
2026-02-11T17:00:34.507548,fkTblPurchaseOrderToTblAccountViaIntAccountID,trg_fkTblPurchaseOrderToTblAccountViaIntAccountID_upd_parent,PARENT_UPDATE_RESTRICT,SUCCESS,Success
2026-02-11T17:00:34.622217,fkTblPurchaseOrderToTblAssetViaIntAssetID,trg_fkTblPurchaseOrderToTblAssetViaIntAssetID_ins_valid,CHILD_INSERT_VALIDATE,SUCCESS,Success
2026-02-11T17:00:34.734571,fkTblPurchaseOrderToTblAssetViaIntAssetID,trg_fkTblPurchaseOrderToTblAssetViaIntAssetID_upd_valid,CHILD_UPDATE_VALIDATE,SUCCESS,Success
2026-02-11T17:00:34.852933,fkTblPurchaseOrderToTblAssetViaIntAssetID,trg_fkTblPurchaseOrderToTblAssetViaIntAssetID_del_parent,PARENT_DELETE_RESTRICT,SUCCESS,Success
2026-02-11T17:00:34.971507,fkTblPurchaseOrderToTblAssetViaIntAssetID,trg_fkTblPurchaseOrderToTblAssetViaIntAssetID_upd_parent,PARENT_UPDATE_RESTRICT,SUCCESS,Success
2026-02-11T17:00:35.099325,fkTblPurchaseOrderToTblAssetViaIntBillToID,trg_fkTblPurchaseOrderToTblAssetViaIntBillToID_ins_valid,CHILD_INSERT_VALIDATE,SUCCESS,Success
2026-02-11T17:00:35.224278,fkTblPurchaseOrderToTblAssetViaIntBillToID,trg_fkTblPurchaseOrderToTblAssetViaIntBillToID_upd_valid,CHILD_UPDATE_VALIDATE,SUCCESS,Success
2026-02-11T17:00:35.382839,fkTblPurchaseOrderToTblAssetViaIntBillToID,trg_fkTblPurchaseOrderToTblAssetViaIntBillToID_del_parent,PARENT_DELETE_RESTRICT,SUCCESS,Success
2026-02-11T17:00:35.560352,fkTblPurchaseOrderToTblAssetViaIntBillToID,trg_fkTblPurchaseOrderToTblAssetViaIntBillToID_upd_parent,PARENT_UPDATE_RESTRICT,SUCCESS,Success
2026-02-11T17:00:35.686705,fkTblPurchaseOrderToTblAssetViaIntLocationID,trg_fkTblPurchaseOrderToTblAssetViaIntLocationID_ins_valid,CHILD_INSERT_VALIDATE,SUCCESS,Success
2026-02-11T17:00:35.803277,fkTblPurchaseOrderToTblAssetViaIntLocationID,trg_fkTblPurchaseOrderToTblAssetViaIntLocationID_upd_valid,CHILD_UPDATE_VALIDATE,SUCCESS,Success
2026-02-11T17:00:35.928850,fkTblPurchaseOrderToTblAssetViaIntLocationID,trg_fkTblPurchaseOrderToTblAssetViaIntLocationID_del_parent,PARENT_DELETE_RESTRICT,SUCCESS,Success
2026-02-11T17:00:36.044445,fkTblPurchaseOrderToTblAssetViaIntLocationID,trg_fkTblPurchaseOrderToTblAssetViaIntLocationID_upd_parent,PARENT_UPDATE_RESTRICT,SUCCESS,Success
2026-02-11T17:00:36.160442,fkTblPurchaseOrderToTblAssetViaIntShipToID,trg_fkTblPurchaseOrderToTblAssetViaIntShipToID_ins_valid,CHILD_INSERT_VALIDATE,SUCCESS,Success
2026-02-11T17:00:36.274144,fkTblPurchaseOrderToTblAssetViaIntShipToID,trg_fkTblPurchaseOrderToTblAssetViaIntShipToID_upd_valid,CHILD_UPDATE_VALIDATE,SUCCESS,Success
2026-02-11T17:00:36.397295,fkTblPurchaseOrderToTblAssetViaIntShipToID,trg_fkTblPurchaseOrderToTblAssetViaIntShipToID_del_parent,PARENT_DELETE_RESTRICT,SUCCESS,Success
2026-02-11T17:00:36.521462,fkTblPurchaseOrderToTblAssetViaIntShipToID,trg_fkTblPurchaseOrderToTblAssetViaIntShipToID_upd_parent,PARENT_UPDATE_RESTRICT,SUCCESS,Success
2026-02-11T17:00:36.647556,fkTblPurchaseOrderToTblBusinessViaIntVendorID,trg_fkTblPurchaseOrderToTblBusinessViaIntVendorID_ins_valid,CHILD_INSERT_VALIDATE,SUCCESS,Success
2026-02-11T17:00:36.761634,fkTblPurchaseOrderToTblBusinessViaIntVendorID,trg_fkTblPurchaseOrderToTblBusinessViaIntVendorID_upd_valid,CHILD_UPDATE_VALIDATE,SUCCESS,Success
2026-02-11T17:00:36.870297,fkTblPurchaseOrderToTblBusinessViaIntVendorID,trg_fkTblPurchaseOrderToTblBusinessViaIntVendorID_del_parent,PARENT_DELETE_RESTRICT,SUCCESS,Success
2026-02-11T17:00:36.985618,fkTblPurchaseOrderToTblBusinessViaIntVendorID,trg_fkTblPurchaseOrderToTblBusinessViaIntVendorID_upd_parent,PARENT_UPDATE_RESTRICT,SUCCESS,Success
2026-02-11T17:00:37.100029,fkTblPurchaseOrderToTblUserViaIntCreatedByUserID,trg_fkTblPurchaseOrderToTblUserViaIntCreatedByUserID_ins_valid,CHILD_INSERT_VALIDATE,SUCCESS,Success
2026-02-11T17:00:37.210052,fkTblPurchaseOrderToTblUserViaIntCreatedByUserID,trg_fkTblPurchaseOrderToTblUserViaIntCreatedByUserID_upd_valid,CHILD_UPDATE_VALIDATE,SUCCESS,Success
2026-02-11T17:00:37.368006,fkTblPurchaseOrderToTblUserViaIntCreatedByUserID,trg_fkTblPurchaseOrderToTblUserViaIntCreatedByUserID_del_parent,PARENT_DELETE_RESTRICT,SUCCESS,Success
2026-02-11T17:00:37.504170,fkTblPurchaseOrderToTblUserViaIntCreatedByUserID,trg_fkTblPurchaseOrderToTblUserViaIntCreatedByUserID_upd_parent,PARENT_UPDATE_RESTRICT,SUCCESS,Success
2026-02-11T17:00:37.629190,fkTblPurchaseOrderToTblUserViaIntLastUpdatedUserID,trg_fkTblPurchaseOrderToTblUserViaIntLastUpdatedUserID_ins_valid,CHILD_INSERT_VALIDATE,SUCCESS,Success
2026-02-11T17:00:37.754247,fkTblPurchaseOrderToTblUserViaIntLastUpdatedUserID,trg_fkTblPurchaseOrderToTblUserViaIntLastUpdatedUserID_upd_valid,CHILD_UPDATE_VALIDATE,SUCCESS,Success
2026-02-11T17:00:37.865527,fkTblPurchaseOrderToTblUserViaIntLastUpdatedUserID,trg_fkTblPurchaseOrderToTblUserViaIntLastUpdatedUserID_del_parent,PARENT_DELETE_RESTRICT,FAILURE,"Code: 1 | Error: E0211 17:00:37.861311   70167 main.go:60] rpc error: code = Unknown desc = TabletManager.ExecuteFetchAsDba on zone1-3072903978: rpc error: code = Unknown desc = Identifier name 'trg_fkTblPurchaseOrderToTblUserViaIntLastUpdatedUserID_del_parent' is too long (errno 1059) (sqlstate 42000) during query: CREATE TRIGGER `trg_fkTblPurchaseOrderToTblUserViaIntLastUpdatedUserID_del_parent` BEFORE DELETE ON `tblUser`         FOR EACH ROW         BEGIN             IF (SELECT COUNT(*) FROM `tblPurchaseOrder` WHERE `intLastUpdatedUserID` = OLD.`id`) > 0 THEN                 SIGNAL SQLSTATE '45000'                  SET MESSAGE_TEXT = 'FK Violation: fkTblPurchaseOrderToTblUserViaIntLastUpdatedUserID - Cannot delete, children exist in tblPurchaseOrder';             END IF;         END"
2026-02-11T17:00:37.974960,fkTblPurchaseOrderToTblUserViaIntLastUpdatedUserID,trg_fkTblPurchaseOrderToTblUserViaIntLastUpdatedUserID_upd_parent,PARENT_UPDATE_RESTRICT,FAILURE,"Code: 1 | Error: E0211 17:00:37.971193   70168 main.go:60] rpc error: code = Unknown desc = TabletManager.ExecuteFetchAsDba on zone1-3072903978: rpc error: code = Unknown desc = Identifier name 'trg_fkTblPurchaseOrderToTblUserViaIntLastUpdatedUserID_upd_parent' is too long (errno 1059) (sqlstate 42000) during query: CREATE TRIGGER `trg_fkTblPurchaseOrderToTblUserViaIntLastUpdatedUserID_upd_parent` BEFORE UPDATE ON `tblUser`     FOR EACH ROW     BEGIN         IF NOT (NEW.`id` <=> OLD.`id`) THEN             IF (SELECT COUNT(*) FROM `tblPurchaseOrder` WHERE `intLastUpdatedUserID` = OLD.`id`) > 0 THEN                  SIGNAL SQLSTATE '45000'                   SET MESSAGE_TEXT = 'FK Violation: fkTblPurchaseOrderToTblUserViaIntLastUpdatedUserID - Cannot update key, children exist in tblPurchaseOrder';             END IF;         END IF;     END"
2026-02-11T17:00:38.102704,fkTblPurchaseOrderToTblWorkOrderViaIntWorkOrderID,trg_fkTblPurchaseOrderToTblWorkOrderViaIntWorkOrderID_ins_valid,CHILD_INSERT_VALIDATE,SUCCESS,Success
2026-02-11T17:00:38.224703,fkTblPurchaseOrderToTblWorkOrderViaIntWorkOrderID,trg_fkTblPurchaseOrderToTblWorkOrderViaIntWorkOrderID_upd_valid,CHILD_UPDATE_VALIDATE,SUCCESS,Success
2026-02-11T17:00:38.352787,fkTblPurchaseOrderToTblWorkOrderViaIntWorkOrderID,trg_fkTblPurchaseOrderToTblWorkOrderViaIntWorkOrderID_del_parent,PARENT_DELETE_RESTRICT,SUCCESS,Success
2026-02-11T17:00:38.517059,fkTblPurchaseOrderToTblWorkOrderViaIntWorkOrderID,trg_fkTblPurchaseOrderToTblWorkOrderViaIntWorkOrderID_upd_parent,PARENT_UPDATE_RESTRICT,SUCCESS,Success
2026-02-11T17:00:38.627128,fkTblPurchaseOrderAdditionalCostToTblBusinessViaIntBusinessID,trg_fkTblPurchaseOrderAdditionalCostToTblBusinessViaIntBusinessID_ins_valid,CHILD_INSERT_VALIDATE,FAILURE,Code: 1 | Error: E0211 17:00:38.623825   70173 main.go:60] rpc error: code = Unknown desc = TabletManager.ExecuteFetchAsDba on zone1-3072903978: rpc error: code = Unknown desc = Identifier name 'trg_fkTblPurchaseOrderAdditionalCostToTblBusinessViaIntBusinessID_ins_valid' is too long (errno 1059) (sqlstate 42000) during query: CREATE TRIGGER `trg_fkTblPurchaseOrderAdditionalCostToTblBusinessViaIntBusinessID_ins_valid` BEFORE INSERT ON `tblPurchaseOrderAdditionalCost`     FOR EACH ROW     BEGIN         IF (SELECT COUNT(*) FROM `tblBusiness` WHERE `id` = NEW.`intBusinessID`) = 0 THEN             SIGNAL SQLSTATE '45000'              SET MESSAGE_TEXT = 'FK Violation: fkTblPurchaseOrderAdditionalCostToTblBusinessViaIntBusinessID - Referenced key not found in tblBusiness';         END IF;     END
2026-02-11T17:00:38.734595,fkTblPurchaseOrderAdditionalCostToTblBusinessViaIntBusinessID,trg_fkTblPurchaseOrderAdditionalCostToTblBusinessViaIntBusinessID_upd_valid,CHILD_UPDATE_VALIDATE,FAILURE,Code: 1 | Error: E0211 17:00:38.730912   70177 main.go:60] rpc error: code = Unknown desc = TabletManager.ExecuteFetchAsDba on zone1-3072903978: rpc error: code = Unknown desc = Identifier name 'trg_fkTblPurchaseOrderAdditionalCostToTblBusinessViaIntBusinessID_upd_valid' is too long (errno 1059) (sqlstate 42000) during query: CREATE TRIGGER `trg_fkTblPurchaseOrderAdditionalCostToTblBusinessViaIntBusinessID_upd_valid` BEFORE UPDATE ON `tblPurchaseOrderAdditionalCost`     FOR EACH ROW     BEGIN         IF NOT (NEW.`intBusinessID` <=> OLD.`intBusinessID`) THEN             IF (SELECT COUNT(*) FROM `tblBusiness` WHERE `id` = NEW.`intBusinessID`) = 0 THEN                 SIGNAL SQLSTATE '45000'                  SET MESSAGE_TEXT = 'FK Violation: fkTblPurchaseOrderAdditionalCostToTblBusinessViaIntBusinessID - Referenced key not found in tblBusiness';             END IF;         END IF;     END
2026-02-11T17:00:38.879308,fkTblPurchaseOrderAdditionalCostToTblBusinessViaIntBusinessID,trg_fkTblPurchaseOrderAdditionalCostToTblBusinessViaIntBusinessID_del_parent,PARENT_DELETE_RESTRICT,FAILURE,"Code: 1 | Error: E0211 17:00:38.875836   70178 main.go:60] rpc error: code = Unknown desc = TabletManager.ExecuteFetchAsDba on zone1-3072903978: rpc error: code = Unknown desc = Identifier name 'trg_fkTblPurchaseOrderAdditionalCostToTblBusinessViaIntBusinessID_del_parent' is too long (errno 1059) (sqlstate 42000) during query: CREATE TRIGGER `trg_fkTblPurchaseOrderAdditionalCostToTblBusinessViaIntBusinessID_del_parent` BEFORE DELETE ON `tblBusiness`         FOR EACH ROW         BEGIN             IF (SELECT COUNT(*) FROM `tblPurchaseOrderAdditionalCost` WHERE `intBusinessID` = OLD.`id`) > 0 THEN                 SIGNAL SQLSTATE '45000'                  SET MESSAGE_TEXT = 'FK Violation: fkTblPurchaseOrderAdditionalCostToTblBusinessViaIntBusinessID - Cannot delete, children exist in tblPurchaseOrderAdditionalCost';             END IF;         END"
2026-02-11T17:00:38.997728,fkTblPurchaseOrderAdditionalCostToTblBusinessViaIntBusinessID,trg_fkTblPurchaseOrderAdditionalCostToTblBusinessViaIntBusinessID_upd_parent,PARENT_UPDATE_RESTRICT,FAILURE,"Code: 1 | Error: E0211 17:00:38.992976   70179 main.go:60] rpc error: code = Unknown desc = TabletManager.ExecuteFetchAsDba on zone1-3072903978: rpc error: code = Unknown desc = Identifier name 'trg_fkTblPurchaseOrderAdditionalCostToTblBusinessViaIntBusinessID_upd_parent' is too long (errno 1059) (sqlstate 42000) during query: CREATE TRIGGER `trg_fkTblPurchaseOrderAdditionalCostToTblBusinessViaIntBusinessID_upd_parent` BEFORE UPDATE ON `tblBusiness`     FOR EACH ROW     BEGIN         IF NOT (NEW.`id` <=> OLD.`id`) THEN             IF (SELECT COUNT(*) FROM `tblPurchaseOrderAdditionalCost` WHERE `intBusinessID` = OLD.`id`) > 0 THEN                  SIGNAL SQLSTATE '45000'                   SET MESSAGE_TEXT = 'FK Violation: fkTblPurchaseOrderAdditionalCostToTblBusinessViaIntBusinessID - Cannot update key, children exist in tblPurchaseOrderAdditionalCost';             END IF;         END IF;     END"
2026-02-11T17:00:39.118396,fkTblPurchaseOrderAdditionalCostToTblPurchaseOrderAddi831037589,trg_fkTblPurchaseOrderAdditionalCostToTblPurchaseOrderAddi831037589_ins_valid,CHILD_INSERT_VALIDATE,FAILURE,Code: 1 | Error: E0211 17:00:39.113898   70180 main.go:60] rpc error: code = Unknown desc = TabletManager.ExecuteFetchAsDba on zone1-3072903978: rpc error: code = Unknown desc = Identifier name 'trg_fkTblPurchaseOrderAdditionalCostToTblPurchaseOrderAddi831037589_ins_valid' is too long (errno 1059) (sqlstate 42000) during query: CREATE TRIGGER `trg_fkTblPurchaseOrderAdditionalCostToTblPurchaseOrderAddi831037589_ins_valid` BEFORE INSERT ON `tblPurchaseOrderAdditionalCost`     FOR EACH ROW     BEGIN         IF (SELECT COUNT(*) FROM `tblPurchaseOrderAdditionalCostType` WHERE `id` = NEW.`intPurchaseOrderAdditionalCostTypeID`) = 0 THEN             SIGNAL SQLSTATE '45000'              SET MESSAGE_TEXT = 'FK Violation: fkTblPurchaseOrderAdditionalCostToTblPurchaseOrderAddi831037589 - Referenced key not found in tblPurchaseOrderAdditionalCostType';         END IF;     END
2026-02-11T17:00:39.235964,fkTblPurchaseOrderAdditionalCostToTblPurchaseOrderAddi831037589,trg_fkTblPurchaseOrderAdditionalCostToTblPurchaseOrderAddi831037589_upd_valid,CHILD_UPDATE_VALIDATE,FAILURE,Code: 1 | Error: E0211 17:00:39.231190   70181 main.go:60] rpc error: code = Unknown desc = TabletManager.ExecuteFetchAsDba on zone1-3072903978: rpc error: code = Unknown desc = Identifier name 'trg_fkTblPurchaseOrderAdditionalCostToTblPurchaseOrderAddi831037589_upd_valid' is too long (errno 1059) (sqlstate 42000) during query: CREATE TRIGGER `trg_fkTblPurchaseOrderAdditionalCostToTblPurchaseOrderAddi831037589_upd_valid` BEFORE UPDATE ON `tblPurchaseOrderAdditionalCost`     FOR EACH ROW     BEGIN         IF NOT (NEW.`intPurchaseOrderAdditionalCostTypeID` <=> OLD.`intPurchaseOrderAdditionalCostTypeID`) THEN             IF (SELECT COUNT(*) FROM `tblPurchaseOrderAdditionalCostType` WHERE `id` = NEW.`intPurchaseOrderAdditionalCostTypeID`) = 0 THEN                 SIGNAL SQLSTATE '45000'                  SET MESSAGE_TEXT = 'FK Violation: fkTblPurchaseOrderAdditionalCostToTblPurchaseOrderAddi831037589 - Referenced key not found in tblPurchaseOrderAdditionalCostType';             END IF;         END IF;     END
2026-02-11T17:00:39.355720,fkTblPurchaseOrderAdditionalCostToTblPurchaseOrderAddi831037589,trg_fkTblPurchaseOrderAdditionalCostToTblPurchaseOrderAddi831037589_del_parent,PARENT_DELETE_RESTRICT,FAILURE,"Code: 1 | Error: E0211 17:00:39.350395   70182 main.go:60] rpc error: code = Unknown desc = TabletManager.ExecuteFetchAsDba on zone1-3072903978: rpc error: code = Unknown desc = Identifier name 'trg_fkTblPurchaseOrderAdditionalCostToTblPurchaseOrderAddi831037589_del_parent' is too long (errno 1059) (sqlstate 42000) during query: CREATE TRIGGER `trg_fkTblPurchaseOrderAdditionalCostToTblPurchaseOrderAddi831037589_del_parent` BEFORE DELETE ON `tblPurchaseOrderAdditionalCostType`         FOR EACH ROW         BEGIN             IF (SELECT COUNT(*) FROM `tblPurchaseOrderAdditionalCost` WHERE `intPurchaseOrderAdditionalCostTypeID` = OLD.`id`) > 0 THEN                 SIGNAL SQLSTATE '45000'                  SET MESSAGE_TEXT = 'FK Violation: fkTblPurchaseOrderAdditionalCostToTblPurchaseOrderAddi831037589 - Cannot delete, children exist in tblPurchaseOrderAdditionalCost';             END IF;         END"
2026-02-11T17:00:39.478123,fkTblPurchaseOrderAdditionalCostToTblPurchaseOrderAddi831037589,trg_fkTblPurchaseOrderAdditionalCostToTblPurchaseOrderAddi831037589_upd_parent,PARENT_UPDATE_RESTRICT,FAILURE,"Code: 1 | Error: E0211 17:00:39.473682   70183 main.go:60] rpc error: code = Unknown desc = TabletManager.ExecuteFetchAsDba on zone1-3072903978: rpc error: code = Unknown desc = Identifier name 'trg_fkTblPurchaseOrderAdditionalCostToTblPurchaseOrderAddi831037589_upd_parent' is too long (errno 1059) (sqlstate 42000) during query: CREATE TRIGGER `trg_fkTblPurchaseOrderAdditionalCostToTblPurchaseOrderAddi831037589_upd_parent` BEFORE UPDATE ON `tblPurchaseOrderAdditionalCostType`     FOR EACH ROW     BEGIN         IF NOT (NEW.`id` <=> OLD.`id`) THEN             IF (SELECT COUNT(*) FROM `tblPurchaseOrderAdditionalCost` WHERE `intPurchaseOrderAdditionalCostTypeID` = OLD.`id`) > 0 THEN                  SIGNAL SQLSTATE '45000'                   SET MESSAGE_TEXT = 'FK Violation: fkTblPurchaseOrderAdditionalCostToTblPurchaseOrderAddi831037589 - Cannot update key, children exist in tblPurchaseOrderAdditionalCost';             END IF;         END IF;     END"
2026-02-11T17:00:39.583155,fkTblPurchaseOrderAdditionalCostToTblPurchaseOrderViaI241590741,trg_fkTblPurchaseOrderAdditionalCostToTblPurchaseOrderViaI241590741_ins_valid,CHILD_INSERT_VALIDATE,FAILURE,Code: 1 | Error: E0211 17:00:39.579836   70184 main.go:60] rpc error: code = Unknown desc = TabletManager.ExecuteFetchAsDba on zone1-3072903978: rpc error: code = Unknown desc = Identifier name 'trg_fkTblPurchaseOrderAdditionalCostToTblPurchaseOrderViaI241590741_ins_valid' is too long (errno 1059) (sqlstate 42000) during query: CREATE TRIGGER `trg_fkTblPurchaseOrderAdditionalCostToTblPurchaseOrderViaI241590741_ins_valid` BEFORE INSERT ON `tblPurchaseOrderAdditionalCost`     FOR EACH ROW     BEGIN         IF (SELECT COUNT(*) FROM `tblPurchaseOrder` WHERE `id` = NEW.`intPurchaseOrderID`) = 0 THEN             SIGNAL SQLSTATE '45000'              SET MESSAGE_TEXT = 'FK Violation: fkTblPurchaseOrderAdditionalCostToTblPurchaseOrderViaI241590741 - Referenced key not found in tblPurchaseOrder';         END IF;     END
2026-02-11T17:00:39.693103,fkTblPurchaseOrderAdditionalCostToTblPurchaseOrderViaI241590741,trg_fkTblPurchaseOrderAdditionalCostToTblPurchaseOrderViaI241590741_upd_valid,CHILD_UPDATE_VALIDATE,FAILURE,Code: 1 | Error: E0211 17:00:39.689420   70188 main.go:60] rpc error: code = Unknown desc = TabletManager.ExecuteFetchAsDba on zone1-3072903978: rpc error: code = Unknown desc = Identifier name 'trg_fkTblPurchaseOrderAdditionalCostToTblPurchaseOrderViaI241590741_upd_valid' is too long (errno 1059) (sqlstate 42000) during query: CREATE TRIGGER `trg_fkTblPurchaseOrderAdditionalCostToTblPurchaseOrderViaI241590741_upd_valid` BEFORE UPDATE ON `tblPurchaseOrderAdditionalCost`     FOR EACH ROW     BEGIN         IF NOT (NEW.`intPurchaseOrderID` <=> OLD.`intPurchaseOrderID`) THEN             IF (SELECT COUNT(*) FROM `tblPurchaseOrder` WHERE `id` = NEW.`intPurchaseOrderID`) = 0 THEN                 SIGNAL SQLSTATE '45000'                  SET MESSAGE_TEXT = 'FK Violation: fkTblPurchaseOrderAdditionalCostToTblPurchaseOrderViaI241590741 - Referenced key not found in tblPurchaseOrder';             END IF;         END IF;     END
2026-02-11T17:00:39.799065,fkTblPurchaseOrderAdditionalCostToTblPurchaseOrderViaI241590741,trg_fkTblPurchaseOrderAdditionalCostToTblPurchaseOrderViaI241590741_del_parent,PARENT_DELETE_RESTRICT,FAILURE,"Code: 1 | Error: E0211 17:00:39.795455   70189 main.go:60] rpc error: code = Unknown desc = TabletManager.ExecuteFetchAsDba on zone1-3072903978: rpc error: code = Unknown desc = Identifier name 'trg_fkTblPurchaseOrderAdditionalCostToTblPurchaseOrderViaI241590741_del_parent' is too long (errno 1059) (sqlstate 42000) during query: CREATE TRIGGER `trg_fkTblPurchaseOrderAdditionalCostToTblPurchaseOrderViaI241590741_del_parent` BEFORE DELETE ON `tblPurchaseOrder`         FOR EACH ROW         BEGIN             IF (SELECT COUNT(*) FROM `tblPurchaseOrderAdditionalCost` WHERE `intPurchaseOrderID` = OLD.`id`) > 0 THEN                 SIGNAL SQLSTATE '45000'                  SET MESSAGE_TEXT = 'FK Violation: fkTblPurchaseOrderAdditionalCostToTblPurchaseOrderViaI241590741 - Cannot delete, children exist in tblPurchaseOrderAdditionalCost';             END IF;         END"
2026-02-11T17:00:39.907395,fkTblPurchaseOrderAdditionalCostToTblPurchaseOrderViaI241590741,trg_fkTblPurchaseOrderAdditionalCostToTblPurchaseOrderViaI241590741_upd_parent,PARENT_UPDATE_RESTRICT,FAILURE,"Code: 1 | Error: E0211 17:00:39.903693   70190 main.go:60] rpc error: code = Unknown desc = TabletManager.ExecuteFetchAsDba on zone1-3072903978: rpc error: code = Unknown desc = Identifier name 'trg_fkTblPurchaseOrderAdditionalCostToTblPurchaseOrderViaI241590741_upd_parent' is too long (errno 1059) (sqlstate 42000) during query: CREATE TRIGGER `trg_fkTblPurchaseOrderAdditionalCostToTblPurchaseOrderViaI241590741_upd_parent` BEFORE UPDATE ON `tblPurchaseOrder`     FOR EACH ROW     BEGIN         IF NOT (NEW.`id` <=> OLD.`id`) THEN             IF (SELECT COUNT(*) FROM `tblPurchaseOrderAdditionalCost` WHERE `intPurchaseOrderID` = OLD.`id`) > 0 THEN                  SIGNAL SQLSTATE '45000'                   SET MESSAGE_TEXT = 'FK Violation: fkTblPurchaseOrderAdditionalCostToTblPurchaseOrderViaI241590741 - Cannot update key, children exist in tblPurchaseOrderAdditionalCost';             END IF;         END IF;     END"
2026-02-11T17:00:40.012058,fkTblPurchaseOrderAdditionalCostToTblShippingTypeViaI1719464281,trg_fkTblPurchaseOrderAdditionalCostToTblShippingTypeViaI1719464281_ins_valid,CHILD_INSERT_VALIDATE,FAILURE,Code: 1 | Error: E0211 17:00:40.008370   70191 main.go:60] rpc error: code = Unknown desc = TabletManager.ExecuteFetchAsDba on zone1-3072903978: rpc error: code = Unknown desc = Identifier name 'trg_fkTblPurchaseOrderAdditionalCostToTblShippingTypeViaI1719464281_ins_valid' is too long (errno 1059) (sqlstate 42000) during query: CREATE TRIGGER `trg_fkTblPurchaseOrderAdditionalCostToTblShippingTypeViaI1719464281_ins_valid` BEFORE INSERT ON `tblPurchaseOrderAdditionalCost`     FOR EACH ROW     BEGIN         IF (SELECT COUNT(*) FROM `tblShippingType` WHERE `id` = NEW.`intShippingTypeID`) = 0 THEN             SIGNAL SQLSTATE '45000'              SET MESSAGE_TEXT = 'FK Violation: fkTblPurchaseOrderAdditionalCostToTblShippingTypeViaI1719464281 - Referenced key not found in tblShippingType';         END IF;     END
2026-02-11T17:00:40.130474,fkTblPurchaseOrderAdditionalCostToTblShippingTypeViaI1719464281,trg_fkTblPurchaseOrderAdditionalCostToTblShippingTypeViaI1719464281_upd_valid,CHILD_UPDATE_VALIDATE,FAILURE,Code: 1 | Error: E0211 17:00:40.125900   70192 main.go:60] rpc error: code = Unknown desc = TabletManager.ExecuteFetchAsDba on zone1-3072903978: rpc error: code = Unknown desc = Identifier name 'trg_fkTblPurchaseOrderAdditionalCostToTblShippingTypeViaI1719464281_upd_valid' is too long (errno 1059) (sqlstate 42000) during query: CREATE TRIGGER `trg_fkTblPurchaseOrderAdditionalCostToTblShippingTypeViaI1719464281_upd_valid` BEFORE UPDATE ON `tblPurchaseOrderAdditionalCost`     FOR EACH ROW     BEGIN         IF NOT (NEW.`intShippingTypeID` <=> OLD.`intShippingTypeID`) THEN             IF (SELECT COUNT(*) FROM `tblShippingType` WHERE `id` = NEW.`intShippingTypeID`) = 0 THEN                 SIGNAL SQLSTATE '45000'                  SET MESSAGE_TEXT = 'FK Violation: fkTblPurchaseOrderAdditionalCostToTblShippingTypeViaI1719464281 - Referenced key not found in tblShippingType';             END IF;         END IF;     END
2026-02-11T17:00:40.249320,fkTblPurchaseOrderAdditionalCostToTblShippingTypeViaI1719464281,trg_fkTblPurchaseOrderAdditionalCostToTblShippingTypeViaI1719464281_del_parent,PARENT_DELETE_RESTRICT,FAILURE,"Code: 1 | Error: E0211 17:00:40.245121   70193 main.go:60] rpc error: code = Unknown desc = TabletManager.ExecuteFetchAsDba on zone1-3072903978: rpc error: code = Unknown desc = Identifier name 'trg_fkTblPurchaseOrderAdditionalCostToTblShippingTypeViaI1719464281_del_parent' is too long (errno 1059) (sqlstate 42000) during query: CREATE TRIGGER `trg_fkTblPurchaseOrderAdditionalCostToTblShippingTypeViaI1719464281_del_parent` BEFORE DELETE ON `tblShippingType`         FOR EACH ROW         BEGIN             IF (SELECT COUNT(*) FROM `tblPurchaseOrderAdditionalCost` WHERE `intShippingTypeID` = OLD.`id`) > 0 THEN                 SIGNAL SQLSTATE '45000'                  SET MESSAGE_TEXT = 'FK Violation: fkTblPurchaseOrderAdditionalCostToTblShippingTypeViaI1719464281 - Cannot delete, children exist in tblPurchaseOrderAdditionalCost';             END IF;         END"
2026-02-11T17:00:40.363628,fkTblPurchaseOrderAdditionalCostToTblShippingTypeViaI1719464281,trg_fkTblPurchaseOrderAdditionalCostToTblShippingTypeViaI1719464281_upd_parent,PARENT_UPDATE_RESTRICT,FAILURE,"Code: 1 | Error: E0211 17:00:40.359830   70194 main.go:60] rpc error: code = Unknown desc = TabletManager.ExecuteFetchAsDba on zone1-3072903978: rpc error: code = Unknown desc = Identifier name 'trg_fkTblPurchaseOrderAdditionalCostToTblShippingTypeViaI1719464281_upd_parent' is too long (errno 1059) (sqlstate 42000) during query: CREATE TRIGGER `trg_fkTblPurchaseOrderAdditionalCostToTblShippingTypeViaI1719464281_upd_parent` BEFORE UPDATE ON `tblShippingType`     FOR EACH ROW     BEGIN         IF NOT (NEW.`id` <=> OLD.`id`) THEN             IF (SELECT COUNT(*) FROM `tblPurchaseOrderAdditionalCost` WHERE `intShippingTypeID` = OLD.`id`) > 0 THEN                  SIGNAL SQLSTATE '45000'                   SET MESSAGE_TEXT = 'FK Violation: fkTblPurchaseOrderAdditionalCostToTblShippingTypeViaI1719464281 - Cannot update key, children exist in tblPurchaseOrderAdditionalCost';             END IF;         END IF;     END"
2026-02-11T17:00:40.473090,fkTblPurchaseOrderLineItemToTblPurchaseOrderLineItemV1229238728,trg_fkTblPurchaseOrderLineItemToTblPurchaseOrderLineItemV1229238728_ins_valid,CHILD_INSERT_VALIDATE,FAILURE,Code: 1 | Error: E0211 17:00:40.469988   70195 main.go:60] rpc error: code = Unknown desc = TabletManager.ExecuteFetchAsDba on zone1-3072903978: rpc error: code = Unknown desc = Identifier name 'trg_fkTblPurchaseOrderLineItemToTblPurchaseOrderLineItemV1229238728_ins_valid' is too long (errno 1059) (sqlstate 42000) during query: CREATE TRIGGER `trg_fkTblPurchaseOrderLineItemToTblPurchaseOrderLineItemV1229238728_ins_valid` BEFORE INSERT ON `tblPurchaseOrderLineItem`     FOR EACH ROW     BEGIN         IF (SELECT COUNT(*) FROM `tblPurchaseOrderLineItem` WHERE `id` = NEW.`intParentPurchaseOrderLineItemID`) = 0 THEN             SIGNAL SQLSTATE '45000'              SET MESSAGE_TEXT = 'FK Violation: fkTblPurchaseOrderLineItemToTblPurchaseOrderLineItemV1229238728 - Referenced key not found in tblPurchaseOrderLineItem';         END IF;     END
2026-02-11T17:00:40.586860,fkTblPurchaseOrderLineItemToTblPurchaseOrderLineItemV1229238728,trg_fkTblPurchaseOrderLineItemToTblPurchaseOrderLineItemV1229238728_upd_valid,CHILD_UPDATE_VALIDATE,FAILURE,Code: 1 | Error: E0211 17:00:40.581122   70196 main.go:60] rpc error: code = Unknown desc = TabletManager.ExecuteFetchAsDba on zone1-3072903978: rpc error: code = Unknown desc = Identifier name 'trg_fkTblPurchaseOrderLineItemToTblPurchaseOrderLineItemV1229238728_upd_valid' is too long (errno 1059) (sqlstate 42000) during query: CREATE TRIGGER `trg_fkTblPurchaseOrderLineItemToTblPurchaseOrderLineItemV1229238728_upd_valid` BEFORE UPDATE ON `tblPurchaseOrderLineItem`     FOR EACH ROW     BEGIN         IF NOT (NEW.`intParentPurchaseOrderLineItemID` <=> OLD.`intParentPurchaseOrderLineItemID`) THEN             IF (SELECT COUNT(*) FROM `tblPurchaseOrderLineItem` WHERE `id` = NEW.`intParentPurchaseOrderLineItemID`) = 0 THEN                 SIGNAL SQLSTATE '45000'                  SET MESSAGE_TEXT = 'FK Violation: fkTblPurchaseOrderLineItemToTblPurchaseOrderLineItemV1229238728 - Referenced key not found in tblPurchaseOrderLineItem';             END IF;         END IF;     END
2026-02-11T17:00:40.701126,fkTblPurchaseOrderLineItemToTblPurchaseOrderLineItemV1229238728,trg_fkTblPurchaseOrderLineItemToTblPurchaseOrderLineItemV1229238728_del_parent,PARENT_DELETE_RESTRICT,FAILURE,"Code: 1 | Error: E0211 17:00:40.698253   70197 main.go:60] rpc error: code = Unknown desc = TabletManager.ExecuteFetchAsDba on zone1-3072903978: rpc error: code = Unknown desc = Identifier name 'trg_fkTblPurchaseOrderLineItemToTblPurchaseOrderLineItemV1229238728_del_parent' is too long (errno 1059) (sqlstate 42000) during query: CREATE TRIGGER `trg_fkTblPurchaseOrderLineItemToTblPurchaseOrderLineItemV1229238728_del_parent` BEFORE DELETE ON `tblPurchaseOrderLineItem`         FOR EACH ROW         BEGIN             IF (SELECT COUNT(*) FROM `tblPurchaseOrderLineItem` WHERE `intParentPurchaseOrderLineItemID` = OLD.`id`) > 0 THEN                 SIGNAL SQLSTATE '45000'                  SET MESSAGE_TEXT = 'FK Violation: fkTblPurchaseOrderLineItemToTblPurchaseOrderLineItemV1229238728 - Cannot delete, children exist in tblPurchaseOrderLineItem';             END IF;         END"
2026-02-11T17:00:40.807118,fkTblPurchaseOrderLineItemToTblPurchaseOrderLineItemV1229238728,trg_fkTblPurchaseOrderLineItemToTblPurchaseOrderLineItemV1229238728_upd_parent,PARENT_UPDATE_RESTRICT,FAILURE,"Code: 1 | Error: E0211 17:00:40.803687   70198 main.go:60] rpc error: code = Unknown desc = TabletManager.ExecuteFetchAsDba on zone1-3072903978: rpc error: code = Unknown desc = Identifier name 'trg_fkTblPurchaseOrderLineItemToTblPurchaseOrderLineItemV1229238728_upd_parent' is too long (errno 1059) (sqlstate 42000) during query: CREATE TRIGGER `trg_fkTblPurchaseOrderLineItemToTblPurchaseOrderLineItemV1229238728_upd_parent` BEFORE UPDATE ON `tblPurchaseOrderLineItem`     FOR EACH ROW     BEGIN         IF NOT (NEW.`id` <=> OLD.`id`) THEN             IF (SELECT COUNT(*) FROM `tblPurchaseOrderLineItem` WHERE `intParentPurchaseOrderLineItemID` = OLD.`id`) > 0 THEN                  SIGNAL SQLSTATE '45000'                   SET MESSAGE_TEXT = 'FK Violation: fkTblPurchaseOrderLineItemToTblPurchaseOrderLineItemV1229238728 - Cannot update key, children exist in tblPurchaseOrderLineItem';             END IF;         END IF;     END"
2026-02-11T17:00:40.915190,fkTblPurchaseOrderLineItemToTblStockHistoryViaIntStockHistoryID,trg_fkTblPurchaseOrderLineItemToTblStockHistoryViaIntStockHistoryID_ins_valid,CHILD_INSERT_VALIDATE,FAILURE,Code: 1 | Error: E0211 17:00:40.911673   70199 main.go:60] rpc error: code = Unknown desc = TabletManager.ExecuteFetchAsDba on zone1-3072903978: rpc error: code = Unknown desc = Identifier name 'trg_fkTblPurchaseOrderLineItemToTblStockHistoryViaIntStockHistoryID_ins_valid' is too long (errno 1059) (sqlstate 42000) during query: CREATE TRIGGER `trg_fkTblPurchaseOrderLineItemToTblStockHistoryViaIntStockHistoryID_ins_valid` BEFORE INSERT ON `tblPurchaseOrderLineItem`     FOR EACH ROW     BEGIN         IF (SELECT COUNT(*) FROM `tblStockHistory` WHERE `id` = NEW.`intStockHistoryID`) = 0 THEN             SIGNAL SQLSTATE '45000'              SET MESSAGE_TEXT = 'FK Violation: fkTblPurchaseOrderLineItemToTblStockHistoryViaIntStockHistoryID - Referenced key not found in tblStockHistory';         END IF;     END
2026-02-11T17:00:41.023271,fkTblPurchaseOrderLineItemToTblStockHistoryViaIntStockHistoryID,trg_fkTblPurchaseOrderLineItemToTblStockHistoryViaIntStockHistoryID_upd_valid,CHILD_UPDATE_VALIDATE,FAILURE,Code: 1 | Error: E0211 17:00:41.019470   70200 main.go:60] rpc error: code = Unknown desc = TabletManager.ExecuteFetchAsDba on zone1-3072903978: rpc error: code = Unknown desc = Identifier name 'trg_fkTblPurchaseOrderLineItemToTblStockHistoryViaIntStockHistoryID_upd_valid' is too long (errno 1059) (sqlstate 42000) during query: CREATE TRIGGER `trg_fkTblPurchaseOrderLineItemToTblStockHistoryViaIntStockHistoryID_upd_valid` BEFORE UPDATE ON `tblPurchaseOrderLineItem`     FOR EACH ROW     BEGIN         IF NOT (NEW.`intStockHistoryID` <=> OLD.`intStockHistoryID`) THEN             IF (SELECT COUNT(*) FROM `tblStockHistory` WHERE `id` = NEW.`intStockHistoryID`) = 0 THEN                 SIGNAL SQLSTATE '45000'                  SET MESSAGE_TEXT = 'FK Violation: fkTblPurchaseOrderLineItemToTblStockHistoryViaIntStockHistoryID - Referenced key not found in tblStockHistory';             END IF;         END IF;     END
2026-02-11T17:00:41.136378,fkTblPurchaseOrderLineItemToTblStockHistoryViaIntStockHistoryID,trg_fkTblPurchaseOrderLineItemToTblStockHistoryViaIntStockHistoryID_del_parent,PARENT_DELETE_RESTRICT,FAILURE,"Code: 1 | Error: E0211 17:00:41.131427   70201 main.go:60] rpc error: code = Unknown desc = TabletManager.ExecuteFetchAsDba on zone1-3072903978: rpc error: code = Unknown desc = Identifier name 'trg_fkTblPurchaseOrderLineItemToTblStockHistoryViaIntStockHistoryID_del_parent' is too long (errno 1059) (sqlstate 42000) during query: CREATE TRIGGER `trg_fkTblPurchaseOrderLineItemToTblStockHistoryViaIntStockHistoryID_del_parent` BEFORE DELETE ON `tblStockHistory`         FOR EACH ROW         BEGIN             IF (SELECT COUNT(*) FROM `tblPurchaseOrderLineItem` WHERE `intStockHistoryID` = OLD.`id`) > 0 THEN                 SIGNAL SQLSTATE '45000'                  SET MESSAGE_TEXT = 'FK Violation: fkTblPurchaseOrderLineItemToTblStockHistoryViaIntStockHistoryID - Cannot delete, children exist in tblPurchaseOrderLineItem';             END IF;         END"
2026-02-11T17:00:41.251073,fkTblPurchaseOrderLineItemToTblStockHistoryViaIntStockHistoryID,trg_fkTblPurchaseOrderLineItemToTblStockHistoryViaIntStockHistoryID_upd_parent,PARENT_UPDATE_RESTRICT,FAILURE,"Code: 1 | Error: E0211 17:00:41.247184   70202 main.go:60] rpc error: code = Unknown desc = TabletManager.ExecuteFetchAsDba on zone1-3072903978: rpc error: code = Unknown desc = Identifier name 'trg_fkTblPurchaseOrderLineItemToTblStockHistoryViaIntStockHistoryID_upd_parent' is too long (errno 1059) (sqlstate 42000) during query: CREATE TRIGGER `trg_fkTblPurchaseOrderLineItemToTblStockHistoryViaIntStockHistoryID_upd_parent` BEFORE UPDATE ON `tblStockHistory`     FOR EACH ROW     BEGIN         IF NOT (NEW.`id` <=> OLD.`id`) THEN             IF (SELECT COUNT(*) FROM `tblPurchaseOrderLineItem` WHERE `intStockHistoryID` = OLD.`id`) > 0 THEN                  SIGNAL SQLSTATE '45000'                   SET MESSAGE_TEXT = 'FK Violation: fkTblPurchaseOrderLineItemToTblStockHistoryViaIntStockHistoryID - Cannot update key, children exist in tblPurchaseOrderLineItem';             END IF;         END IF;     END"
2026-02-11T17:00:41.362849,fkTblPurchaseOrderLineItemToTblUserViaIntRequestedByUserID,trg_fkTblPurchaseOrderLineItemToTblUserViaIntRequestedByUserID_ins_valid,CHILD_INSERT_VALIDATE,FAILURE,Code: 1 | Error: E0211 17:00:41.358716   70203 main.go:60] rpc error: code = Unknown desc = TabletManager.ExecuteFetchAsDba on zone1-3072903978: rpc error: code = Unknown desc = Identifier name 'trg_fkTblPurchaseOrderLineItemToTblUserViaIntRequestedByUserID_ins_valid' is too long (errno 1059) (sqlstate 42000) during query: CREATE TRIGGER `trg_fkTblPurchaseOrderLineItemToTblUserViaIntRequestedByUserID_ins_valid` BEFORE INSERT ON `tblPurchaseOrderLineItem`     FOR EACH ROW     BEGIN         IF (SELECT COUNT(*) FROM `tblUser` WHERE `id` = NEW.`intRequestedByUserID`) = 0 THEN             SIGNAL SQLSTATE '45000'              SET MESSAGE_TEXT = 'FK Violation: fkTblPurchaseOrderLineItemToTblUserViaIntRequestedByUserID - Referenced key not found in tblUser';         END IF;     END
2026-02-11T17:00:41.476364,fkTblPurchaseOrderLineItemToTblUserViaIntRequestedByUserID,trg_fkTblPurchaseOrderLineItemToTblUserViaIntRequestedByUserID_upd_valid,CHILD_UPDATE_VALIDATE,FAILURE,Code: 1 | Error: E0211 17:00:41.472809   70204 main.go:60] rpc error: code = Unknown desc = TabletManager.ExecuteFetchAsDba on zone1-3072903978: rpc error: code = Unknown desc = Identifier name 'trg_fkTblPurchaseOrderLineItemToTblUserViaIntRequestedByUserID_upd_valid' is too long (errno 1059) (sqlstate 42000) during query: CREATE TRIGGER `trg_fkTblPurchaseOrderLineItemToTblUserViaIntRequestedByUserID_upd_valid` BEFORE UPDATE ON `tblPurchaseOrderLineItem`     FOR EACH ROW     BEGIN         IF NOT (NEW.`intRequestedByUserID` <=> OLD.`intRequestedByUserID`) THEN             IF (SELECT COUNT(*) FROM `tblUser` WHERE `id` = NEW.`intRequestedByUserID`) = 0 THEN                 SIGNAL SQLSTATE '45000'                  SET MESSAGE_TEXT = 'FK Violation: fkTblPurchaseOrderLineItemToTblUserViaIntRequestedByUserID - Referenced key not found in tblUser';             END IF;         END IF;     END
2026-02-11T17:00:41.593869,fkTblPurchaseOrderLineItemToTblUserViaIntRequestedByUserID,trg_fkTblPurchaseOrderLineItemToTblUserViaIntRequestedByUserID_del_parent,PARENT_DELETE_RESTRICT,FAILURE,"Code: 1 | Error: E0211 17:00:41.590112   70205 main.go:60] rpc error: code = Unknown desc = TabletManager.ExecuteFetchAsDba on zone1-3072903978: rpc error: code = Unknown desc = Identifier name 'trg_fkTblPurchaseOrderLineItemToTblUserViaIntRequestedByUserID_del_parent' is too long (errno 1059) (sqlstate 42000) during query: CREATE TRIGGER `trg_fkTblPurchaseOrderLineItemToTblUserViaIntRequestedByUserID_del_parent` BEFORE DELETE ON `tblUser`         FOR EACH ROW         BEGIN             IF (SELECT COUNT(*) FROM `tblPurchaseOrderLineItem` WHERE `intRequestedByUserID` = OLD.`id`) > 0 THEN                 SIGNAL SQLSTATE '45000'                  SET MESSAGE_TEXT = 'FK Violation: fkTblPurchaseOrderLineItemToTblUserViaIntRequestedByUserID - Cannot delete, children exist in tblPurchaseOrderLineItem';             END IF;         END"
2026-02-11T17:00:41.726543,fkTblPurchaseOrderLineItemToTblUserViaIntRequestedByUserID,trg_fkTblPurchaseOrderLineItemToTblUserViaIntRequestedByUserID_upd_parent,PARENT_UPDATE_RESTRICT,FAILURE,"Code: 1 | Error: E0211 17:00:41.723066   70206 main.go:60] rpc error: code = Unknown desc = TabletManager.ExecuteFetchAsDba on zone1-3072903978: rpc error: code = Unknown desc = Identifier name 'trg_fkTblPurchaseOrderLineItemToTblUserViaIntRequestedByUserID_upd_parent' is too long (errno 1059) (sqlstate 42000) during query: CREATE TRIGGER `trg_fkTblPurchaseOrderLineItemToTblUserViaIntRequestedByUserID_upd_parent` BEFORE UPDATE ON `tblUser`     FOR EACH ROW     BEGIN         IF NOT (NEW.`id` <=> OLD.`id`) THEN             IF (SELECT COUNT(*) FROM `tblPurchaseOrderLineItem` WHERE `intRequestedByUserID` = OLD.`id`) > 0 THEN                  SIGNAL SQLSTATE '45000'                   SET MESSAGE_TEXT = 'FK Violation: fkTblPurchaseOrderLineItemToTblUserViaIntRequestedByUserID - Cannot update key, children exist in tblPurchaseOrderLineItem';             END IF;         END IF;     END"
2026-02-11T17:00:41.833716,fkTblPurchaseOrderLineItemRfqToTblPurchaseOrderLineIt1572214171,trg_fkTblPurchaseOrderLineItemRfqToTblPurchaseOrderLineIt1572214171_ins_valid,CHILD_INSERT_VALIDATE,FAILURE,Code: 1 | Error: E0211 17:00:41.830156   70207 main.go:60] rpc error: code = Unknown desc = TabletManager.ExecuteFetchAsDba on zone1-3072903978: rpc error: code = Unknown desc = Identifier name 'trg_fkTblPurchaseOrderLineItemRfqToTblPurchaseOrderLineIt1572214171_ins_valid' is too long (errno 1059) (sqlstate 42000) during query: CREATE TRIGGER `trg_fkTblPurchaseOrderLineItemRfqToTblPurchaseOrderLineIt1572214171_ins_valid` BEFORE INSERT ON `tblPurchaseOrderLineItemRfq`     FOR EACH ROW     BEGIN         IF (SELECT COUNT(*) FROM `tblPurchaseOrderLineItem` WHERE `id` = NEW.`intPurchaseOrderLineItemID`) = 0 THEN             SIGNAL SQLSTATE '45000'              SET MESSAGE_TEXT = 'FK Violation: fkTblPurchaseOrderLineItemRfqToTblPurchaseOrderLineIt1572214171 - Referenced key not found in tblPurchaseOrderLineItem';         END IF;     END
2026-02-11T17:00:41.949512,fkTblPurchaseOrderLineItemRfqToTblPurchaseOrderLineIt1572214171,trg_fkTblPurchaseOrderLineItemRfqToTblPurchaseOrderLineIt1572214171_upd_valid,CHILD_UPDATE_VALIDATE,FAILURE,Code: 1 | Error: E0211 17:00:41.944749   70208 main.go:60] rpc error: code = Unknown desc = TabletManager.ExecuteFetchAsDba on zone1-3072903978: rpc error: code = Unknown desc = Identifier name 'trg_fkTblPurchaseOrderLineItemRfqToTblPurchaseOrderLineIt1572214171_upd_valid' is too long (errno 1059) (sqlstate 42000) during query: CREATE TRIGGER `trg_fkTblPurchaseOrderLineItemRfqToTblPurchaseOrderLineIt1572214171_upd_valid` BEFORE UPDATE ON `tblPurchaseOrderLineItemRfq`     FOR EACH ROW     BEGIN         IF NOT (NEW.`intPurchaseOrderLineItemID` <=> OLD.`intPurchaseOrderLineItemID`) THEN             IF (SELECT COUNT(*) FROM `tblPurchaseOrderLineItem` WHERE `id` = NEW.`intPurchaseOrderLineItemID`) = 0 THEN                 SIGNAL SQLSTATE '45000'                  SET MESSAGE_TEXT = 'FK Violation: fkTblPurchaseOrderLineItemRfqToTblPurchaseOrderLineIt1572214171 - Referenced key not found in tblPurchaseOrderLineItem';             END IF;         END IF;     END
2026-02-11T17:00:42.060337,fkTblPurchaseOrderLineItemRfqToTblPurchaseOrderLineIt1572214171,trg_fkTblPurchaseOrderLineItemRfqToTblPurchaseOrderLineIt1572214171_del_parent,PARENT_DELETE_CASCADE,FAILURE,Code: 1 | Error: E0211 17:00:42.056131   70209 main.go:60] rpc error: code = Unknown desc = TabletManager.ExecuteFetchAsDba on zone1-3072903978: rpc error: code = Unknown desc = Identifier name 'trg_fkTblPurchaseOrderLineItemRfqToTblPurchaseOrderLineIt1572214171_del_parent' is too long (errno 1059) (sqlstate 42000) during query: CREATE TRIGGER `trg_fkTblPurchaseOrderLineItemRfqToTblPurchaseOrderLineIt1572214171_del_parent` BEFORE DELETE ON `tblPurchaseOrderLineItem`         FOR EACH ROW         BEGIN             DELETE FROM `tblPurchaseOrderLineItemRfq` WHERE `intPurchaseOrderLineItemID` = OLD.`id`;         END
2026-02-11T17:00:42.165492,fkTblPurchaseOrderLineItemRfqToTblPurchaseOrderLineIt1572214171,trg_fkTblPurchaseOrderLineItemRfqToTblPurchaseOrderLineIt1572214171_upd_parent,PARENT_UPDATE_RESTRICT,FAILURE,"Code: 1 | Error: E0211 17:00:42.161474   70210 main.go:60] rpc error: code = Unknown desc = TabletManager.ExecuteFetchAsDba on zone1-3072903978: rpc error: code = Unknown desc = Identifier name 'trg_fkTblPurchaseOrderLineItemRfqToTblPurchaseOrderLineIt1572214171_upd_parent' is too long (errno 1059) (sqlstate 42000) during query: CREATE TRIGGER `trg_fkTblPurchaseOrderLineItemRfqToTblPurchaseOrderLineIt1572214171_upd_parent` BEFORE UPDATE ON `tblPurchaseOrderLineItem`     FOR EACH ROW     BEGIN         IF NOT (NEW.`id` <=> OLD.`id`) THEN             IF (SELECT COUNT(*) FROM `tblPurchaseOrderLineItemRfq` WHERE `intPurchaseOrderLineItemID` = OLD.`id`) > 0 THEN                  SIGNAL SQLSTATE '45000'                   SET MESSAGE_TEXT = 'FK Violation: fkTblPurchaseOrderLineItemRfqToTblPurchaseOrderLineIt1572214171 - Cannot update key, children exist in tblPurchaseOrderLineItemRfq';             END IF;         END IF;     END"
2026-02-11T17:00:42.273929,fkTblPurchaseOrderLineItemRfqToTblRFQViaIntRFQID,trg_fkTblPurchaseOrderLineItemRfqToTblRFQViaIntRFQID_ins_valid,CHILD_INSERT_VALIDATE,SUCCESS,Success
2026-02-11T17:00:42.389872,fkTblPurchaseOrderLineItemRfqToTblRFQViaIntRFQID,trg_fkTblPurchaseOrderLineItemRfqToTblRFQViaIntRFQID_upd_valid,CHILD_UPDATE_VALIDATE,SUCCESS,Success
2026-02-11T17:00:42.501610,fkTblPurchaseOrderLineItemRfqToTblRFQViaIntRFQID,trg_fkTblPurchaseOrderLineItemRfqToTblRFQViaIntRFQID_del_parent,PARENT_DELETE_CASCADE,SUCCESS,Success
2026-02-11T17:00:42.614112,fkTblPurchaseOrderLineItemRfqToTblRFQViaIntRFQID,trg_fkTblPurchaseOrderLineItemRfqToTblRFQViaIntRFQID_upd_parent,PARENT_UPDATE_RESTRICT,SUCCESS,Success
2026-02-11T17:00:42.723268,fkTblPurchaseOrderLogToTblPurchaseOrderStatusViaIntFromStatusId,trg_fkTblPurchaseOrderLogToTblPurchaseOrderStatusViaIntFromStatusId_ins_valid,CHILD_INSERT_VALIDATE,FAILURE,Code: 1 | Error: E0211 17:00:42.720404   70278 main.go:60] rpc error: code = Unknown desc = TabletManager.ExecuteFetchAsDba on zone1-3072903978: rpc error: code = Unknown desc = Identifier name 'trg_fkTblPurchaseOrderLogToTblPurchaseOrderStatusViaIntFromStatusId_ins_valid' is too long (errno 1059) (sqlstate 42000) during query: CREATE TRIGGER `trg_fkTblPurchaseOrderLogToTblPurchaseOrderStatusViaIntFromStatusId_ins_valid` BEFORE INSERT ON `tblPurchaseOrderLog`     FOR EACH ROW     BEGIN         IF (SELECT COUNT(*) FROM `tblPurchaseOrderStatus` WHERE `id` = NEW.`intFromStatusId`) = 0 THEN             SIGNAL SQLSTATE '45000'              SET MESSAGE_TEXT = 'FK Violation: fkTblPurchaseOrderLogToTblPurchaseOrderStatusViaIntFromStatusId - Referenced key not found in tblPurchaseOrderStatus';         END IF;     END
2026-02-11T17:00:42.870666,fkTblPurchaseOrderLogToTblPurchaseOrderStatusViaIntFromStatusId,trg_fkTblPurchaseOrderLogToTblPurchaseOrderStatusViaIntFromStatusId_upd_valid,CHILD_UPDATE_VALIDATE,FAILURE,Code: 1 | Error: E0211 17:00:42.865993   70303 main.go:60] rpc error: code = Unknown desc = TabletManager.ExecuteFetchAsDba on zone1-3072903978: rpc error: code = Unknown desc = Identifier name 'trg_fkTblPurchaseOrderLogToTblPurchaseOrderStatusViaIntFromStatusId_upd_valid' is too long (errno 1059) (sqlstate 42000) during query: CREATE TRIGGER `trg_fkTblPurchaseOrderLogToTblPurchaseOrderStatusViaIntFromStatusId_upd_valid` BEFORE UPDATE ON `tblPurchaseOrderLog`     FOR EACH ROW     BEGIN         IF NOT (NEW.`intFromStatusId` <=> OLD.`intFromStatusId`) THEN             IF (SELECT COUNT(*) FROM `tblPurchaseOrderStatus` WHERE `id` = NEW.`intFromStatusId`) = 0 THEN                 SIGNAL SQLSTATE '45000'                  SET MESSAGE_TEXT = 'FK Violation: fkTblPurchaseOrderLogToTblPurchaseOrderStatusViaIntFromStatusId - Referenced key not found in tblPurchaseOrderStatus';             END IF;         END IF;     END
2026-02-11T17:00:43.023650,fkTblPurchaseOrderLogToTblPurchaseOrderStatusViaIntFromStatusId,trg_fkTblPurchaseOrderLogToTblPurchaseOrderStatusViaIntFromStatusId_del_parent,PARENT_DELETE_RESTRICT,FAILURE,"Code: 1 | Error: E0211 17:00:43.018933   70337 main.go:60] rpc error: code = Unknown desc = TabletManager.ExecuteFetchAsDba on zone1-3072903978: rpc error: code = Unknown desc = Identifier name 'trg_fkTblPurchaseOrderLogToTblPurchaseOrderStatusViaIntFromStatusId_del_parent' is too long (errno 1059) (sqlstate 42000) during query: CREATE TRIGGER `trg_fkTblPurchaseOrderLogToTblPurchaseOrderStatusViaIntFromStatusId_del_parent` BEFORE DELETE ON `tblPurchaseOrderStatus`         FOR EACH ROW         BEGIN             IF (SELECT COUNT(*) FROM `tblPurchaseOrderLog` WHERE `intFromStatusId` = OLD.`id`) > 0 THEN                 SIGNAL SQLSTATE '45000'                  SET MESSAGE_TEXT = 'FK Violation: fkTblPurchaseOrderLogToTblPurchaseOrderStatusViaIntFromStatusId - Cannot delete, children exist in tblPurchaseOrderLog';             END IF;         END"
2026-02-11T17:00:43.144146,fkTblPurchaseOrderLogToTblPurchaseOrderStatusViaIntFromStatusId,trg_fkTblPurchaseOrderLogToTblPurchaseOrderStatusViaIntFromStatusId_upd_parent,PARENT_UPDATE_RESTRICT,FAILURE,"Code: 1 | Error: E0211 17:00:43.139205   70347 main.go:60] rpc error: code = Unknown desc = TabletManager.ExecuteFetchAsDba on zone1-3072903978: rpc error: code = Unknown desc = Identifier name 'trg_fkTblPurchaseOrderLogToTblPurchaseOrderStatusViaIntFromStatusId_upd_parent' is too long (errno 1059) (sqlstate 42000) during query: CREATE TRIGGER `trg_fkTblPurchaseOrderLogToTblPurchaseOrderStatusViaIntFromStatusId_upd_parent` BEFORE UPDATE ON `tblPurchaseOrderStatus`     FOR EACH ROW     BEGIN         IF NOT (NEW.`id` <=> OLD.`id`) THEN             IF (SELECT COUNT(*) FROM `tblPurchaseOrderLog` WHERE `intFromStatusId` = OLD.`id`) > 0 THEN                  SIGNAL SQLSTATE '45000'                   SET MESSAGE_TEXT = 'FK Violation: fkTblPurchaseOrderLogToTblPurchaseOrderStatusViaIntFromStatusId - Cannot update key, children exist in tblPurchaseOrderLog';             END IF;         END IF;     END"
2026-02-11T17:00:43.253812,fkTblPurchaseOrderLogToTblPurchaseOrderStatusViaIntToStatusId,trg_fkTblPurchaseOrderLogToTblPurchaseOrderStatusViaIntToStatusId_ins_valid,CHILD_INSERT_VALIDATE,FAILURE,Code: 1 | Error: E0211 17:00:43.250464   70348 main.go:60] rpc error: code = Unknown desc = TabletManager.ExecuteFetchAsDba on zone1-3072903978: rpc error: code = Unknown desc = Identifier name 'trg_fkTblPurchaseOrderLogToTblPurchaseOrderStatusViaIntToStatusId_ins_valid' is too long (errno 1059) (sqlstate 42000) during query: CREATE TRIGGER `trg_fkTblPurchaseOrderLogToTblPurchaseOrderStatusViaIntToStatusId_ins_valid` BEFORE INSERT ON `tblPurchaseOrderLog`     FOR EACH ROW     BEGIN         IF (SELECT COUNT(*) FROM `tblPurchaseOrderStatus` WHERE `id` = NEW.`intToStatusId`) = 0 THEN             SIGNAL SQLSTATE '45000'              SET MESSAGE_TEXT = 'FK Violation: fkTblPurchaseOrderLogToTblPurchaseOrderStatusViaIntToStatusId - Referenced key not found in tblPurchaseOrderStatus';         END IF;     END
2026-02-11T17:00:43.368735,fkTblPurchaseOrderLogToTblPurchaseOrderStatusViaIntToStatusId,trg_fkTblPurchaseOrderLogToTblPurchaseOrderStatusViaIntToStatusId_upd_valid,CHILD_UPDATE_VALIDATE,FAILURE,Code: 1 | Error: E0211 17:00:43.363093   70349 main.go:60] rpc error: code = Unknown desc = TabletManager.ExecuteFetchAsDba on zone1-3072903978: rpc error: code = Unknown desc = Identifier name 'trg_fkTblPurchaseOrderLogToTblPurchaseOrderStatusViaIntToStatusId_upd_valid' is too long (errno 1059) (sqlstate 42000) during query: CREATE TRIGGER `trg_fkTblPurchaseOrderLogToTblPurchaseOrderStatusViaIntToStatusId_upd_valid` BEFORE UPDATE ON `tblPurchaseOrderLog`     FOR EACH ROW     BEGIN         IF NOT (NEW.`intToStatusId` <=> OLD.`intToStatusId`) THEN             IF (SELECT COUNT(*) FROM `tblPurchaseOrderStatus` WHERE `id` = NEW.`intToStatusId`) = 0 THEN                 SIGNAL SQLSTATE '45000'                  SET MESSAGE_TEXT = 'FK Violation: fkTblPurchaseOrderLogToTblPurchaseOrderStatusViaIntToStatusId - Referenced key not found in tblPurchaseOrderStatus';             END IF;         END IF;     END
2026-02-11T17:00:43.493196,fkTblPurchaseOrderLogToTblPurchaseOrderStatusViaIntToStatusId,trg_fkTblPurchaseOrderLogToTblPurchaseOrderStatusViaIntToStatusId_del_parent,PARENT_DELETE_RESTRICT,FAILURE,"Code: 1 | Error: E0211 17:00:43.488840   70350 main.go:60] rpc error: code = Unknown desc = TabletManager.ExecuteFetchAsDba on zone1-3072903978: rpc error: code = Unknown desc = Identifier name 'trg_fkTblPurchaseOrderLogToTblPurchaseOrderStatusViaIntToStatusId_del_parent' is too long (errno 1059) (sqlstate 42000) during query: CREATE TRIGGER `trg_fkTblPurchaseOrderLogToTblPurchaseOrderStatusViaIntToStatusId_del_parent` BEFORE DELETE ON `tblPurchaseOrderStatus`         FOR EACH ROW         BEGIN             IF (SELECT COUNT(*) FROM `tblPurchaseOrderLog` WHERE `intToStatusId` = OLD.`id`) > 0 THEN                 SIGNAL SQLSTATE '45000'                  SET MESSAGE_TEXT = 'FK Violation: fkTblPurchaseOrderLogToTblPurchaseOrderStatusViaIntToStatusId - Cannot delete, children exist in tblPurchaseOrderLog';             END IF;         END"
2026-02-11T17:00:43.613528,fkTblPurchaseOrderLogToTblPurchaseOrderStatusViaIntToStatusId,trg_fkTblPurchaseOrderLogToTblPurchaseOrderStatusViaIntToStatusId_upd_parent,PARENT_UPDATE_RESTRICT,FAILURE,"Code: 1 | Error: E0211 17:00:43.609831   70351 main.go:60] rpc error: code = Unknown desc = TabletManager.ExecuteFetchAsDba on zone1-3072903978: rpc error: code = Unknown desc = Identifier name 'trg_fkTblPurchaseOrderLogToTblPurchaseOrderStatusViaIntToStatusId_upd_parent' is too long (errno 1059) (sqlstate 42000) during query: CREATE TRIGGER `trg_fkTblPurchaseOrderLogToTblPurchaseOrderStatusViaIntToStatusId_upd_parent` BEFORE UPDATE ON `tblPurchaseOrderStatus`     FOR EACH ROW     BEGIN         IF NOT (NEW.`id` <=> OLD.`id`) THEN             IF (SELECT COUNT(*) FROM `tblPurchaseOrderLog` WHERE `intToStatusId` = OLD.`id`) > 0 THEN                  SIGNAL SQLSTATE '45000'                   SET MESSAGE_TEXT = 'FK Violation: fkTblPurchaseOrderLogToTblPurchaseOrderStatusViaIntToStatusId - Cannot update key, children exist in tblPurchaseOrderLog';             END IF;         END IF;     END"
2026-02-11T17:00:43.768655,fkTblPurchaseOrderLogToTblPurchaseOrderViaIntPurchaseOrderID,trg_fkTblPurchaseOrderLogToTblPurchaseOrderViaIntPurchaseOrderID_ins_valid,CHILD_INSERT_VALIDATE,FAILURE,Code: 1 | Error: E0211 17:00:43.762517   70354 main.go:60] rpc error: code = Unknown desc = TabletManager.ExecuteFetchAsDba on zone1-3072903978: rpc error: code = Unknown desc = Identifier name 'trg_fkTblPurchaseOrderLogToTblPurchaseOrderViaIntPurchaseOrderID_ins_valid' is too long (errno 1059) (sqlstate 42000) during query: CREATE TRIGGER `trg_fkTblPurchaseOrderLogToTblPurchaseOrderViaIntPurchaseOrderID_ins_valid` BEFORE INSERT ON `tblPurchaseOrderLog`     FOR EACH ROW     BEGIN         IF (SELECT COUNT(*) FROM `tblPurchaseOrder` WHERE `id` = NEW.`intPurchaseOrderID`) = 0 THEN             SIGNAL SQLSTATE '45000'              SET MESSAGE_TEXT = 'FK Violation: fkTblPurchaseOrderLogToTblPurchaseOrderViaIntPurchaseOrderID - Referenced key not found in tblPurchaseOrder';         END IF;     END
2026-02-11T17:00:43.885689,fkTblPurchaseOrderLogToTblPurchaseOrderViaIntPurchaseOrderID,trg_fkTblPurchaseOrderLogToTblPurchaseOrderViaIntPurchaseOrderID_upd_valid,CHILD_UPDATE_VALIDATE,FAILURE,Code: 1 | Error: E0211 17:00:43.880408   70355 main.go:60] rpc error: code = Unknown desc = TabletManager.ExecuteFetchAsDba on zone1-3072903978: rpc error: code = Unknown desc = Identifier name 'trg_fkTblPurchaseOrderLogToTblPurchaseOrderViaIntPurchaseOrderID_upd_valid' is too long (errno 1059) (sqlstate 42000) during query: CREATE TRIGGER `trg_fkTblPurchaseOrderLogToTblPurchaseOrderViaIntPurchaseOrderID_upd_valid` BEFORE UPDATE ON `tblPurchaseOrderLog`     FOR EACH ROW     BEGIN         IF NOT (NEW.`intPurchaseOrderID` <=> OLD.`intPurchaseOrderID`) THEN             IF (SELECT COUNT(*) FROM `tblPurchaseOrder` WHERE `id` = NEW.`intPurchaseOrderID`) = 0 THEN                 SIGNAL SQLSTATE '45000'                  SET MESSAGE_TEXT = 'FK Violation: fkTblPurchaseOrderLogToTblPurchaseOrderViaIntPurchaseOrderID - Referenced key not found in tblPurchaseOrder';             END IF;         END IF;     END
2026-02-11T17:00:43.991405,fkTblPurchaseOrderLogToTblPurchaseOrderViaIntPurchaseOrderID,trg_fkTblPurchaseOrderLogToTblPurchaseOrderViaIntPurchaseOrderID_del_parent,PARENT_DELETE_RESTRICT,FAILURE,"Code: 1 | Error: E0211 17:00:43.987910   70356 main.go:60] rpc error: code = Unknown desc = TabletManager.ExecuteFetchAsDba on zone1-3072903978: rpc error: code = Unknown desc = Identifier name 'trg_fkTblPurchaseOrderLogToTblPurchaseOrderViaIntPurchaseOrderID_del_parent' is too long (errno 1059) (sqlstate 42000) during query: CREATE TRIGGER `trg_fkTblPurchaseOrderLogToTblPurchaseOrderViaIntPurchaseOrderID_del_parent` BEFORE DELETE ON `tblPurchaseOrder`         FOR EACH ROW         BEGIN             IF (SELECT COUNT(*) FROM `tblPurchaseOrderLog` WHERE `intPurchaseOrderID` = OLD.`id`) > 0 THEN                 SIGNAL SQLSTATE '45000'                  SET MESSAGE_TEXT = 'FK Violation: fkTblPurchaseOrderLogToTblPurchaseOrderViaIntPurchaseOrderID - Cannot delete, children exist in tblPurchaseOrderLog';             END IF;         END"
2026-02-11T17:00:44.148588,fkTblPurchaseOrderLogToTblPurchaseOrderViaIntPurchaseOrderID,trg_fkTblPurchaseOrderLogToTblPurchaseOrderViaIntPurchaseOrderID_upd_parent,PARENT_UPDATE_RESTRICT,FAILURE,"Code: 1 | Error: E0211 17:00:44.145061   70357 main.go:60] rpc error: code = Unknown desc = TabletManager.ExecuteFetchAsDba on zone1-3072903978: rpc error: code = Unknown desc = Identifier name 'trg_fkTblPurchaseOrderLogToTblPurchaseOrderViaIntPurchaseOrderID_upd_parent' is too long (errno 1059) (sqlstate 42000) during query: CREATE TRIGGER `trg_fkTblPurchaseOrderLogToTblPurchaseOrderViaIntPurchaseOrderID_upd_parent` BEFORE UPDATE ON `tblPurchaseOrder`     FOR EACH ROW     BEGIN         IF NOT (NEW.`id` <=> OLD.`id`) THEN             IF (SELECT COUNT(*) FROM `tblPurchaseOrderLog` WHERE `intPurchaseOrderID` = OLD.`id`) > 0 THEN                  SIGNAL SQLSTATE '45000'                   SET MESSAGE_TEXT = 'FK Violation: fkTblPurchaseOrderLogToTblPurchaseOrderViaIntPurchaseOrderID - Cannot update key, children exist in tblPurchaseOrderLog';             END IF;         END IF;     END"
2026-02-11T17:00:44.270408,fkTblPurchaseOrderLogToTblUserViaIntUserID,trg_fkTblPurchaseOrderLogToTblUserViaIntUserID_ins_valid,CHILD_INSERT_VALIDATE,SUCCESS,Success
2026-02-11T17:00:44.386948,fkTblPurchaseOrderLogToTblUserViaIntUserID,trg_fkTblPurchaseOrderLogToTblUserViaIntUserID_upd_valid,CHILD_UPDATE_VALIDATE,SUCCESS,Success
2026-02-11T17:00:44.524917,fkTblPurchaseOrderLogToTblUserViaIntUserID,trg_fkTblPurchaseOrderLogToTblUserViaIntUserID_del_parent,PARENT_DELETE_RESTRICT,SUCCESS,Success
2026-02-11T17:00:44.658618,fkTblPurchaseOrderLogToTblUserViaIntUserID,trg_fkTblPurchaseOrderLogToTblUserViaIntUserID_upd_parent,PARENT_UPDATE_RESTRICT,SUCCESS,Success
2026-02-11T17:00:44.772002,fkTblPurchaseOrderStatusTransitionToTblPurchaseOrderS1222334400,trg_fkTblPurchaseOrderStatusTransitionToTblPurchaseOrderS1222334400_ins_valid,CHILD_INSERT_VALIDATE,FAILURE,Code: 1 | Error: E0211 17:00:44.768697   70362 main.go:60] rpc error: code = Unknown desc = TabletManager.ExecuteFetchAsDba on zone1-3072903978: rpc error: code = Unknown desc = Identifier name 'trg_fkTblPurchaseOrderStatusTransitionToTblPurchaseOrderS1222334400_ins_valid' is too long (errno 1059) (sqlstate 42000) during query: CREATE TRIGGER `trg_fkTblPurchaseOrderStatusTransitionToTblPurchaseOrderS1222334400_ins_valid` BEFORE INSERT ON `tblPurchaseOrderStatusTransition`     FOR EACH ROW     BEGIN         IF (SELECT COUNT(*) FROM `tblPurchaseOrderStatus` WHERE `id` = NEW.`intToStatusID`) = 0 THEN             SIGNAL SQLSTATE '45000'              SET MESSAGE_TEXT = 'FK Violation: fkTblPurchaseOrderStatusTransitionToTblPurchaseOrderS1222334400 - Referenced key not found in tblPurchaseOrderStatus';         END IF;     END
2026-02-11T17:00:44.887154,fkTblPurchaseOrderStatusTransitionToTblPurchaseOrderS1222334400,trg_fkTblPurchaseOrderStatusTransitionToTblPurchaseOrderS1222334400_upd_valid,CHILD_UPDATE_VALIDATE,FAILURE,Code: 1 | Error: E0211 17:00:44.883093   70363 main.go:60] rpc error: code = Unknown desc = TabletManager.ExecuteFetchAsDba on zone1-3072903978: rpc error: code = Unknown desc = Identifier name 'trg_fkTblPurchaseOrderStatusTransitionToTblPurchaseOrderS1222334400_upd_valid' is too long (errno 1059) (sqlstate 42000) during query: CREATE TRIGGER `trg_fkTblPurchaseOrderStatusTransitionToTblPurchaseOrderS1222334400_upd_valid` BEFORE UPDATE ON `tblPurchaseOrderStatusTransition`     FOR EACH ROW     BEGIN         IF NOT (NEW.`intToStatusID` <=> OLD.`intToStatusID`) THEN             IF (SELECT COUNT(*) FROM `tblPurchaseOrderStatus` WHERE `id` = NEW.`intToStatusID`) = 0 THEN                 SIGNAL SQLSTATE '45000'                  SET MESSAGE_TEXT = 'FK Violation: fkTblPurchaseOrderStatusTransitionToTblPurchaseOrderS1222334400 - Referenced key not found in tblPurchaseOrderStatus';             END IF;         END IF;     END
2026-02-11T17:00:45.006220,fkTblPurchaseOrderStatusTransitionToTblPurchaseOrderS1222334400,trg_fkTblPurchaseOrderStatusTransitionToTblPurchaseOrderS1222334400_del_parent,PARENT_DELETE_RESTRICT,FAILURE,"Code: 1 | Error: E0211 17:00:45.001829   70364 main.go:60] rpc error: code = Unknown desc = TabletManager.ExecuteFetchAsDba on zone1-3072903978: rpc error: code = Unknown desc = Identifier name 'trg_fkTblPurchaseOrderStatusTransitionToTblPurchaseOrderS1222334400_del_parent' is too long (errno 1059) (sqlstate 42000) during query: CREATE TRIGGER `trg_fkTblPurchaseOrderStatusTransitionToTblPurchaseOrderS1222334400_del_parent` BEFORE DELETE ON `tblPurchaseOrderStatus`         FOR EACH ROW         BEGIN             IF (SELECT COUNT(*) FROM `tblPurchaseOrderStatusTransition` WHERE `intToStatusID` = OLD.`id`) > 0 THEN                 SIGNAL SQLSTATE '45000'                  SET MESSAGE_TEXT = 'FK Violation: fkTblPurchaseOrderStatusTransitionToTblPurchaseOrderS1222334400 - Cannot delete, children exist in tblPurchaseOrderStatusTransition';             END IF;         END"
2026-02-11T17:00:45.126468,fkTblPurchaseOrderStatusTransitionToTblPurchaseOrderS1222334400,trg_fkTblPurchaseOrderStatusTransitionToTblPurchaseOrderS1222334400_upd_parent,PARENT_UPDATE_RESTRICT,FAILURE,"Code: 1 | Error: E0211 17:00:45.121345   70365 main.go:60] rpc error: code = Unknown desc = TabletManager.ExecuteFetchAsDba on zone1-3072903978: rpc error: code = Unknown desc = Identifier name 'trg_fkTblPurchaseOrderStatusTransitionToTblPurchaseOrderS1222334400_upd_parent' is too long (errno 1059) (sqlstate 42000) during query: CREATE TRIGGER `trg_fkTblPurchaseOrderStatusTransitionToTblPurchaseOrderS1222334400_upd_parent` BEFORE UPDATE ON `tblPurchaseOrderStatus`     FOR EACH ROW     BEGIN         IF NOT (NEW.`id` <=> OLD.`id`) THEN             IF (SELECT COUNT(*) FROM `tblPurchaseOrderStatusTransition` WHERE `intToStatusID` = OLD.`id`) > 0 THEN                  SIGNAL SQLSTATE '45000'                   SET MESSAGE_TEXT = 'FK Violation: fkTblPurchaseOrderStatusTransitionToTblPurchaseOrderS1222334400 - Cannot update key, children exist in tblPurchaseOrderStatusTransition';             END IF;         END IF;     END"
2026-02-11T17:00:45.235696,fkTblPurchaseOrderStatusTransitionToTblPurchaseOrderS1405731857,trg_fkTblPurchaseOrderStatusTransitionToTblPurchaseOrderS1405731857_ins_valid,CHILD_INSERT_VALIDATE,FAILURE,Code: 1 | Error: E0211 17:00:45.231987   70366 main.go:60] rpc error: code = Unknown desc = TabletManager.ExecuteFetchAsDba on zone1-3072903978: rpc error: code = Unknown desc = Identifier name 'trg_fkTblPurchaseOrderStatusTransitionToTblPurchaseOrderS1405731857_ins_valid' is too long (errno 1059) (sqlstate 42000) during query: CREATE TRIGGER `trg_fkTblPurchaseOrderStatusTransitionToTblPurchaseOrderS1405731857_ins_valid` BEFORE INSERT ON `tblPurchaseOrderStatusTransition`     FOR EACH ROW     BEGIN         IF (SELECT COUNT(*) FROM `tblPurchaseOrderStatus` WHERE `id` = NEW.`intFromStatusID`) = 0 THEN             SIGNAL SQLSTATE '45000'              SET MESSAGE_TEXT = 'FK Violation: fkTblPurchaseOrderStatusTransitionToTblPurchaseOrderS1405731857 - Referenced key not found in tblPurchaseOrderStatus';         END IF;     END
2026-02-11T17:00:45.349428,fkTblPurchaseOrderStatusTransitionToTblPurchaseOrderS1405731857,trg_fkTblPurchaseOrderStatusTransitionToTblPurchaseOrderS1405731857_upd_valid,CHILD_UPDATE_VALIDATE,FAILURE,Code: 1 | Error: E0211 17:00:45.344613   70367 main.go:60] rpc error: code = Unknown desc = TabletManager.ExecuteFetchAsDba on zone1-3072903978: rpc error: code = Unknown desc = Identifier name 'trg_fkTblPurchaseOrderStatusTransitionToTblPurchaseOrderS1405731857_upd_valid' is too long (errno 1059) (sqlstate 42000) during query: CREATE TRIGGER `trg_fkTblPurchaseOrderStatusTransitionToTblPurchaseOrderS1405731857_upd_valid` BEFORE UPDATE ON `tblPurchaseOrderStatusTransition`     FOR EACH ROW     BEGIN         IF NOT (NEW.`intFromStatusID` <=> OLD.`intFromStatusID`) THEN             IF (SELECT COUNT(*) FROM `tblPurchaseOrderStatus` WHERE `id` = NEW.`intFromStatusID`) = 0 THEN                 SIGNAL SQLSTATE '45000'                  SET MESSAGE_TEXT = 'FK Violation: fkTblPurchaseOrderStatusTransitionToTblPurchaseOrderS1405731857 - Referenced key not found in tblPurchaseOrderStatus';             END IF;         END IF;     END
2026-02-11T17:00:45.467303,fkTblPurchaseOrderStatusTransitionToTblPurchaseOrderS1405731857,trg_fkTblPurchaseOrderStatusTransitionToTblPurchaseOrderS1405731857_del_parent,PARENT_DELETE_RESTRICT,FAILURE,"Code: 1 | Error: E0211 17:00:45.463016   70368 main.go:60] rpc error: code = Unknown desc = TabletManager.ExecuteFetchAsDba on zone1-3072903978: rpc error: code = Unknown desc = Identifier name 'trg_fkTblPurchaseOrderStatusTransitionToTblPurchaseOrderS1405731857_del_parent' is too long (errno 1059) (sqlstate 42000) during query: CREATE TRIGGER `trg_fkTblPurchaseOrderStatusTransitionToTblPurchaseOrderS1405731857_del_parent` BEFORE DELETE ON `tblPurchaseOrderStatus`         FOR EACH ROW         BEGIN             IF (SELECT COUNT(*) FROM `tblPurchaseOrderStatusTransition` WHERE `intFromStatusID` = OLD.`id`) > 0 THEN                 SIGNAL SQLSTATE '45000'                  SET MESSAGE_TEXT = 'FK Violation: fkTblPurchaseOrderStatusTransitionToTblPurchaseOrderS1405731857 - Cannot delete, children exist in tblPurchaseOrderStatusTransition';             END IF;         END"
2026-02-11T17:00:45.587430,fkTblPurchaseOrderStatusTransitionToTblPurchaseOrderS1405731857,trg_fkTblPurchaseOrderStatusTransitionToTblPurchaseOrderS1405731857_upd_parent,PARENT_UPDATE_RESTRICT,FAILURE,"Code: 1 | Error: E0211 17:00:45.582822   70369 main.go:60] rpc error: code = Unknown desc = TabletManager.ExecuteFetchAsDba on zone1-3072903978: rpc error: code = Unknown desc = Identifier name 'trg_fkTblPurchaseOrderStatusTransitionToTblPurchaseOrderS1405731857_upd_parent' is too long (errno 1059) (sqlstate 42000) during query: CREATE TRIGGER `trg_fkTblPurchaseOrderStatusTransitionToTblPurchaseOrderS1405731857_upd_parent` BEFORE UPDATE ON `tblPurchaseOrderStatus`     FOR EACH ROW     BEGIN         IF NOT (NEW.`id` <=> OLD.`id`) THEN             IF (SELECT COUNT(*) FROM `tblPurchaseOrderStatusTransition` WHERE `intFromStatusID` = OLD.`id`) > 0 THEN                  SIGNAL SQLSTATE '45000'                   SET MESSAGE_TEXT = 'FK Violation: fkTblPurchaseOrderStatusTransitionToTblPurchaseOrderS1405731857 - Cannot update key, children exist in tblPurchaseOrderStatusTransition';             END IF;         END IF;     END"
2026-02-11T17:00:45.697581,fkTblPurchaseOrderStatusTransitionPermissionToTblPurcha97817389,trg_fkTblPurchaseOrderStatusTransitionPermissionToTblPurcha97817389_ins_valid,CHILD_INSERT_VALIDATE,FAILURE,Code: 1 | Error: E0211 17:00:45.693840   70370 main.go:60] rpc error: code = Unknown desc = TabletManager.ExecuteFetchAsDba on zone1-3072903978: rpc error: code = Unknown desc = Identifier name 'trg_fkTblPurchaseOrderStatusTransitionPermissionToTblPurcha97817389_ins_valid' is too long (errno 1059) (sqlstate 42000) during query: CREATE TRIGGER `trg_fkTblPurchaseOrderStatusTransitionPermissionToTblPurcha97817389_ins_valid` BEFORE INSERT ON `tblPurchaseOrderStatusTransitionPermission`     FOR EACH ROW     BEGIN         IF (SELECT COUNT(*) FROM `tblPurchaseOrderStatusTransition` WHERE `id` = NEW.`intPurchaseOrderStatusTransitionId`) = 0 THEN             SIGNAL SQLSTATE '45000'              SET MESSAGE_TEXT = 'FK Violation: fkTblPurchaseOrderStatusTransitionPermissionToTblPurcha97817389 - Referenced key not found in tblPurchaseOrderStatusTransition';         END IF;     END
2026-02-11T17:00:45.811873,fkTblPurchaseOrderStatusTransitionPermissionToTblPurcha97817389,trg_fkTblPurchaseOrderStatusTransitionPermissionToTblPurcha97817389_upd_valid,CHILD_UPDATE_VALIDATE,FAILURE,Code: 1 | Error: E0211 17:00:45.807388   70371 main.go:60] rpc error: code = Unknown desc = TabletManager.ExecuteFetchAsDba on zone1-3072903978: rpc error: code = Unknown desc = Identifier name 'trg_fkTblPurchaseOrderStatusTransitionPermissionToTblPurcha97817389_upd_valid' is too long (errno 1059) (sqlstate 42000) during query: CREATE TRIGGER `trg_fkTblPurchaseOrderStatusTransitionPermissionToTblPurcha97817389_upd_valid` BEFORE UPDATE ON `tblPurchaseOrderStatusTransitionPermission`     FOR EACH ROW     BEGIN         IF NOT (NEW.`intPurchaseOrderStatusTransitionId` <=> OLD.`intPurchaseOrderStatusTransitionId`) THEN             IF (SELECT COUNT(*) FROM `tblPurchaseOrderStatusTransition` WHERE `id` = NEW.`intPurchaseOrderStatusTransitionId`) = 0 THEN                 SIGNAL SQLSTATE '45000'                  SET MESSAGE_TEXT = 'FK Violation: fkTblPurchaseOrderStatusTransitionPermissionToTblPurcha97817389 - Referenced key not found in tblPurchaseOrderStatusTransition';             END IF;         END IF;     END
2026-02-11T17:00:45.969885,fkTblPurchaseOrderStatusTransitionPermissionToTblPurcha97817389,trg_fkTblPurchaseOrderStatusTransitionPermissionToTblPurcha97817389_del_parent,PARENT_DELETE_RESTRICT,FAILURE,"Code: 1 | Error: E0211 17:00:45.963429   70372 main.go:60] rpc error: code = Unknown desc = TabletManager.ExecuteFetchAsDba on zone1-3072903978: rpc error: code = Unknown desc = Identifier name 'trg_fkTblPurchaseOrderStatusTransitionPermissionToTblPurcha97817389_del_parent' is too long (errno 1059) (sqlstate 42000) during query: CREATE TRIGGER `trg_fkTblPurchaseOrderStatusTransitionPermissionToTblPurcha97817389_del_parent` BEFORE DELETE ON `tblPurchaseOrderStatusTransition`         FOR EACH ROW         BEGIN             IF (SELECT COUNT(*) FROM `tblPurchaseOrderStatusTransitionPermission` WHERE `intPurchaseOrderStatusTransitionId` = OLD.`id`) > 0 THEN                 SIGNAL SQLSTATE '45000'                  SET MESSAGE_TEXT = 'FK Violation: fkTblPurchaseOrderStatusTransitionPermissionToTblPurcha97817389 - Cannot delete, children exist in tblPurchaseOrderStatusTransitionPermission';             END IF;         END"
2026-02-11T17:00:46.094025,fkTblPurchaseOrderStatusTransitionPermissionToTblPurcha97817389,trg_fkTblPurchaseOrderStatusTransitionPermissionToTblPurcha97817389_upd_parent,PARENT_UPDATE_RESTRICT,FAILURE,"Code: 1 | Error: E0211 17:00:46.090380   70373 main.go:60] rpc error: code = Unknown desc = TabletManager.ExecuteFetchAsDba on zone1-3072903978: rpc error: code = Unknown desc = Identifier name 'trg_fkTblPurchaseOrderStatusTransitionPermissionToTblPurcha97817389_upd_parent' is too long (errno 1059) (sqlstate 42000) during query: CREATE TRIGGER `trg_fkTblPurchaseOrderStatusTransitionPermissionToTblPurcha97817389_upd_parent` BEFORE UPDATE ON `tblPurchaseOrderStatusTransition`     FOR EACH ROW     BEGIN         IF NOT (NEW.`id` <=> OLD.`id`) THEN             IF (SELECT COUNT(*) FROM `tblPurchaseOrderStatusTransitionPermission` WHERE `intPurchaseOrderStatusTransitionId` = OLD.`id`) > 0 THEN                  SIGNAL SQLSTATE '45000'                   SET MESSAGE_TEXT = 'FK Violation: fkTblPurchaseOrderStatusTransitionPermissionToTblPurcha97817389 - Cannot update key, children exist in tblPurchaseOrderStatusTransitionPermission';             END IF;         END IF;     END"
2026-02-11T17:00:46.213979,fkTblPurchaseOrderUserToTblPurchaseOrderViaIntPurchaseOrderID,trg_fkTblPurchaseOrderUserToTblPurchaseOrderViaIntPurchaseOrderID_ins_valid,CHILD_INSERT_VALIDATE,FAILURE,Code: 1 | Error: E0211 17:00:46.208740   70374 main.go:60] rpc error: code = Unknown desc = TabletManager.ExecuteFetchAsDba on zone1-3072903978: rpc error: code = Unknown desc = Identifier name 'trg_fkTblPurchaseOrderUserToTblPurchaseOrderViaIntPurchaseOrderID_ins_valid' is too long (errno 1059) (sqlstate 42000) during query: CREATE TRIGGER `trg_fkTblPurchaseOrderUserToTblPurchaseOrderViaIntPurchaseOrderID_ins_valid` BEFORE INSERT ON `tblPurchaseOrderUser`     FOR EACH ROW     BEGIN         IF (SELECT COUNT(*) FROM `tblPurchaseOrder` WHERE `id` = NEW.`intPurchaseOrderID`) = 0 THEN             SIGNAL SQLSTATE '45000'              SET MESSAGE_TEXT = 'FK Violation: fkTblPurchaseOrderUserToTblPurchaseOrderViaIntPurchaseOrderID - Referenced key not found in tblPurchaseOrder';         END IF;     END
2026-02-11T17:00:46.328343,fkTblPurchaseOrderUserToTblPurchaseOrderViaIntPurchaseOrderID,trg_fkTblPurchaseOrderUserToTblPurchaseOrderViaIntPurchaseOrderID_upd_valid,CHILD_UPDATE_VALIDATE,FAILURE,Code: 1 | Error: E0211 17:00:46.324222   70375 main.go:60] rpc error: code = Unknown desc = TabletManager.ExecuteFetchAsDba on zone1-3072903978: rpc error: code = Unknown desc = Identifier name 'trg_fkTblPurchaseOrderUserToTblPurchaseOrderViaIntPurchaseOrderID_upd_valid' is too long (errno 1059) (sqlstate 42000) during query: CREATE TRIGGER `trg_fkTblPurchaseOrderUserToTblPurchaseOrderViaIntPurchaseOrderID_upd_valid` BEFORE UPDATE ON `tblPurchaseOrderUser`     FOR EACH ROW     BEGIN         IF NOT (NEW.`intPurchaseOrderID` <=> OLD.`intPurchaseOrderID`) THEN             IF (SELECT COUNT(*) FROM `tblPurchaseOrder` WHERE `id` = NEW.`intPurchaseOrderID`) = 0 THEN                 SIGNAL SQLSTATE '45000'                  SET MESSAGE_TEXT = 'FK Violation: fkTblPurchaseOrderUserToTblPurchaseOrderViaIntPurchaseOrderID - Referenced key not found in tblPurchaseOrder';             END IF;         END IF;     END
2026-02-11T17:00:46.438269,fkTblPurchaseOrderUserToTblPurchaseOrderViaIntPurchaseOrderID,trg_fkTblPurchaseOrderUserToTblPurchaseOrderViaIntPurchaseOrderID_del_parent,PARENT_DELETE_CASCADE,FAILURE,Code: 1 | Error: E0211 17:00:46.434680   70376 main.go:60] rpc error: code = Unknown desc = TabletManager.ExecuteFetchAsDba on zone1-3072903978: rpc error: code = Unknown desc = Identifier name 'trg_fkTblPurchaseOrderUserToTblPurchaseOrderViaIntPurchaseOrderID_del_parent' is too long (errno 1059) (sqlstate 42000) during query: CREATE TRIGGER `trg_fkTblPurchaseOrderUserToTblPurchaseOrderViaIntPurchaseOrderID_del_parent` BEFORE DELETE ON `tblPurchaseOrder`         FOR EACH ROW         BEGIN             DELETE FROM `tblPurchaseOrderUser` WHERE `intPurchaseOrderID` = OLD.`id`;         END
2026-02-11T17:00:46.553648,fkTblPurchaseOrderUserToTblPurchaseOrderViaIntPurchaseOrderID,trg_fkTblPurchaseOrderUserToTblPurchaseOrderViaIntPurchaseOrderID_upd_parent,PARENT_UPDATE_RESTRICT,FAILURE,"Code: 1 | Error: E0211 17:00:46.548280   70377 main.go:60] rpc error: code = Unknown desc = TabletManager.ExecuteFetchAsDba on zone1-3072903978: rpc error: code = Unknown desc = Identifier name 'trg_fkTblPurchaseOrderUserToTblPurchaseOrderViaIntPurchaseOrderID_upd_parent' is too long (errno 1059) (sqlstate 42000) during query: CREATE TRIGGER `trg_fkTblPurchaseOrderUserToTblPurchaseOrderViaIntPurchaseOrderID_upd_parent` BEFORE UPDATE ON `tblPurchaseOrder`     FOR EACH ROW     BEGIN         IF NOT (NEW.`id` <=> OLD.`id`) THEN             IF (SELECT COUNT(*) FROM `tblPurchaseOrderUser` WHERE `intPurchaseOrderID` = OLD.`id`) > 0 THEN                  SIGNAL SQLSTATE '45000'                   SET MESSAGE_TEXT = 'FK Violation: fkTblPurchaseOrderUserToTblPurchaseOrderViaIntPurchaseOrderID - Cannot update key, children exist in tblPurchaseOrderUser';             END IF;         END IF;     END"
2026-02-11T17:00:46.679691,fkTblPurchaseOrderUserToTblUserViaIntUserID,trg_fkTblPurchaseOrderUserToTblUserViaIntUserID_ins_valid,CHILD_INSERT_VALIDATE,SUCCESS,Success
2026-02-11T17:00:46.794440,fkTblPurchaseOrderUserToTblUserViaIntUserID,trg_fkTblPurchaseOrderUserToTblUserViaIntUserID_upd_valid,CHILD_UPDATE_VALIDATE,SUCCESS,Success
2026-02-11T17:00:46.917705,fkTblPurchaseOrderUserToTblUserViaIntUserID,trg_fkTblPurchaseOrderUserToTblUserViaIntUserID_del_parent,PARENT_DELETE_RESTRICT,SUCCESS,Success
2026-02-11T17:00:47.039089,fkTblPurchaseOrderUserToTblUserViaIntUserID,trg_fkTblPurchaseOrderUserToTblUserViaIntUserID_upd_parent,PARENT_UPDATE_RESTRICT,SUCCESS,Success
2026-02-11T17:00:47.153341,fkTblQuoteToTblUserViaIntAcceptedByUserID,trg_fkTblQuoteToTblUserViaIntAcceptedByUserID_ins_valid,CHILD_INSERT_VALIDATE,SUCCESS,Success
2026-02-11T17:00:47.270052,fkTblQuoteToTblUserViaIntAcceptedByUserID,trg_fkTblQuoteToTblUserViaIntAcceptedByUserID_upd_valid,CHILD_UPDATE_VALIDATE,SUCCESS,Success
2026-02-11T17:00:47.387094,fkTblQuoteToTblUserViaIntAcceptedByUserID,trg_fkTblQuoteToTblUserViaIntAcceptedByUserID_del_parent,PARENT_DELETE_RESTRICT,SUCCESS,Success
2026-02-11T17:00:47.549713,fkTblQuoteToTblUserViaIntAcceptedByUserID,trg_fkTblQuoteToTblUserViaIntAcceptedByUserID_upd_parent,PARENT_UPDATE_RESTRICT,SUCCESS,Success
2026-02-11T17:00:47.669288,fkTblQuoteToTblUserViaIntPreparedByUserID,trg_fkTblQuoteToTblUserViaIntPreparedByUserID_ins_valid,CHILD_INSERT_VALIDATE,SUCCESS,Success
2026-02-11T17:00:47.781861,fkTblQuoteToTblUserViaIntPreparedByUserID,trg_fkTblQuoteToTblUserViaIntPreparedByUserID_upd_valid,CHILD_UPDATE_VALIDATE,SUCCESS,Success
2026-02-11T17:00:47.905563,fkTblQuoteToTblUserViaIntPreparedByUserID,trg_fkTblQuoteToTblUserViaIntPreparedByUserID_del_parent,PARENT_DELETE_RESTRICT,SUCCESS,Success
2026-02-11T17:00:48.030172,fkTblQuoteToTblUserViaIntPreparedByUserID,trg_fkTblQuoteToTblUserViaIntPreparedByUserID_upd_parent,PARENT_UPDATE_RESTRICT,SUCCESS,Success
2026-02-11T17:00:48.148320,fkTblRCAGroupingToTblRCAProblemViaIntRCAProblemID,trg_fkTblRCAGroupingToTblRCAProblemViaIntRCAProblemID_ins_valid,CHILD_INSERT_VALIDATE,SUCCESS,Success
2026-02-11T17:00:48.263135,fkTblRCAGroupingToTblRCAProblemViaIntRCAProblemID,trg_fkTblRCAGroupingToTblRCAProblemViaIntRCAProblemID_upd_valid,CHILD_UPDATE_VALIDATE,SUCCESS,Success
2026-02-11T17:00:48.374926,fkTblRCAGroupingToTblRCAProblemViaIntRCAProblemID,trg_fkTblRCAGroupingToTblRCAProblemViaIntRCAProblemID_del_parent,PARENT_DELETE_RESTRICT,SUCCESS,Success
2026-02-11T17:00:48.484409,fkTblRCAGroupingToTblRCAProblemViaIntRCAProblemID,trg_fkTblRCAGroupingToTblRCAProblemViaIntRCAProblemID_upd_parent,PARENT_UPDATE_RESTRICT,SUCCESS,Success
2026-02-11T17:00:48.594815,fkTblRCAGroupingActionToTblRCAActionViaIntRCAActionID,trg_fkTblRCAGroupingActionToTblRCAActionViaIntRCAActionID_ins_valid,CHILD_INSERT_VALIDATE,FAILURE,Code: 1 | Error: E0211 17:00:48.591193   70394 main.go:60] rpc error: code = Unknown desc = TabletManager.ExecuteFetchAsDba on zone1-3072903978: rpc error: code = Unknown desc = Identifier name 'trg_fkTblRCAGroupingActionToTblRCAActionViaIntRCAActionID_ins_valid' is too long (errno 1059) (sqlstate 42000) during query: CREATE TRIGGER `trg_fkTblRCAGroupingActionToTblRCAActionViaIntRCAActionID_ins_valid` BEFORE INSERT ON `tblRCAGroupingAction`     FOR EACH ROW     BEGIN         IF (SELECT COUNT(*) FROM `tblRCAAction` WHERE `id` = NEW.`intRCAActionID`) = 0 THEN             SIGNAL SQLSTATE '45000'              SET MESSAGE_TEXT = 'FK Violation: fkTblRCAGroupingActionToTblRCAActionViaIntRCAActionID - Referenced key not found in tblRCAAction';         END IF;     END
2026-02-11T17:00:48.740446,fkTblRCAGroupingActionToTblRCAActionViaIntRCAActionID,trg_fkTblRCAGroupingActionToTblRCAActionViaIntRCAActionID_upd_valid,CHILD_UPDATE_VALIDATE,FAILURE,Code: 1 | Error: E0211 17:00:48.735277   70397 main.go:60] rpc error: code = Unknown desc = TabletManager.ExecuteFetchAsDba on zone1-3072903978: rpc error: code = Unknown desc = Identifier name 'trg_fkTblRCAGroupingActionToTblRCAActionViaIntRCAActionID_upd_valid' is too long (errno 1059) (sqlstate 42000) during query: CREATE TRIGGER `trg_fkTblRCAGroupingActionToTblRCAActionViaIntRCAActionID_upd_valid` BEFORE UPDATE ON `tblRCAGroupingAction`     FOR EACH ROW     BEGIN         IF NOT (NEW.`intRCAActionID` <=> OLD.`intRCAActionID`) THEN             IF (SELECT COUNT(*) FROM `tblRCAAction` WHERE `id` = NEW.`intRCAActionID`) = 0 THEN                 SIGNAL SQLSTATE '45000'                  SET MESSAGE_TEXT = 'FK Violation: fkTblRCAGroupingActionToTblRCAActionViaIntRCAActionID - Referenced key not found in tblRCAAction';             END IF;         END IF;     END
2026-02-11T17:00:48.890939,fkTblRCAGroupingActionToTblRCAActionViaIntRCAActionID,trg_fkTblRCAGroupingActionToTblRCAActionViaIntRCAActionID_del_parent,PARENT_DELETE_RESTRICT,FAILURE,"Code: 1 | Error: E0211 17:00:48.886986   70398 main.go:60] rpc error: code = Unknown desc = TabletManager.ExecuteFetchAsDba on zone1-3072903978: rpc error: code = Unknown desc = Identifier name 'trg_fkTblRCAGroupingActionToTblRCAActionViaIntRCAActionID_del_parent' is too long (errno 1059) (sqlstate 42000) during query: CREATE TRIGGER `trg_fkTblRCAGroupingActionToTblRCAActionViaIntRCAActionID_del_parent` BEFORE DELETE ON `tblRCAAction`         FOR EACH ROW         BEGIN             IF (SELECT COUNT(*) FROM `tblRCAGroupingAction` WHERE `intRCAActionID` = OLD.`id`) > 0 THEN                 SIGNAL SQLSTATE '45000'                  SET MESSAGE_TEXT = 'FK Violation: fkTblRCAGroupingActionToTblRCAActionViaIntRCAActionID - Cannot delete, children exist in tblRCAGroupingAction';             END IF;         END"
2026-02-11T17:00:49.024110,fkTblRCAGroupingActionToTblRCAActionViaIntRCAActionID,trg_fkTblRCAGroupingActionToTblRCAActionViaIntRCAActionID_upd_parent,PARENT_UPDATE_RESTRICT,FAILURE,"Code: 1 | Error: E0211 17:00:49.017190   70399 main.go:60] rpc error: code = Unknown desc = TabletManager.ExecuteFetchAsDba on zone1-3072903978: rpc error: code = Unknown desc = Identifier name 'trg_fkTblRCAGroupingActionToTblRCAActionViaIntRCAActionID_upd_parent' is too long (errno 1059) (sqlstate 42000) during query: CREATE TRIGGER `trg_fkTblRCAGroupingActionToTblRCAActionViaIntRCAActionID_upd_parent` BEFORE UPDATE ON `tblRCAAction`     FOR EACH ROW     BEGIN         IF NOT (NEW.`id` <=> OLD.`id`) THEN             IF (SELECT COUNT(*) FROM `tblRCAGroupingAction` WHERE `intRCAActionID` = OLD.`id`) > 0 THEN                  SIGNAL SQLSTATE '45000'                   SET MESSAGE_TEXT = 'FK Violation: fkTblRCAGroupingActionToTblRCAActionViaIntRCAActionID - Cannot update key, children exist in tblRCAGroupingAction';             END IF;         END IF;     END"
2026-02-11T17:00:49.149777,fkTblRCAGroupingActionToTblRCAGroupingViaIntRCAGroupingID,trg_fkTblRCAGroupingActionToTblRCAGroupingViaIntRCAGroupingID_ins_valid,CHILD_INSERT_VALIDATE,FAILURE,Code: 1 | Error: E0211 17:00:49.143489   70400 main.go:60] rpc error: code = Unknown desc = TabletManager.ExecuteFetchAsDba on zone1-3072903978: rpc error: code = Unknown desc = Identifier name 'trg_fkTblRCAGroupingActionToTblRCAGroupingViaIntRCAGroupingID_ins_valid' is too long (errno 1059) (sqlstate 42000) during query: CREATE TRIGGER `trg_fkTblRCAGroupingActionToTblRCAGroupingViaIntRCAGroupingID_ins_valid` BEFORE INSERT ON `tblRCAGroupingAction`     FOR EACH ROW     BEGIN         IF (SELECT COUNT(*) FROM `tblRCAGrouping` WHERE `id` = NEW.`intRCAGroupingID`) = 0 THEN             SIGNAL SQLSTATE '45000'              SET MESSAGE_TEXT = 'FK Violation: fkTblRCAGroupingActionToTblRCAGroupingViaIntRCAGroupingID - Referenced key not found in tblRCAGrouping';         END IF;     END
2026-02-11T17:00:49.269989,fkTblRCAGroupingActionToTblRCAGroupingViaIntRCAGroupingID,trg_fkTblRCAGroupingActionToTblRCAGroupingViaIntRCAGroupingID_upd_valid,CHILD_UPDATE_VALIDATE,FAILURE,Code: 1 | Error: E0211 17:00:49.264850   70401 main.go:60] rpc error: code = Unknown desc = TabletManager.ExecuteFetchAsDba on zone1-3072903978: rpc error: code = Unknown desc = Identifier name 'trg_fkTblRCAGroupingActionToTblRCAGroupingViaIntRCAGroupingID_upd_valid' is too long (errno 1059) (sqlstate 42000) during query: CREATE TRIGGER `trg_fkTblRCAGroupingActionToTblRCAGroupingViaIntRCAGroupingID_upd_valid` BEFORE UPDATE ON `tblRCAGroupingAction`     FOR EACH ROW     BEGIN         IF NOT (NEW.`intRCAGroupingID` <=> OLD.`intRCAGroupingID`) THEN             IF (SELECT COUNT(*) FROM `tblRCAGrouping` WHERE `id` = NEW.`intRCAGroupingID`) = 0 THEN                 SIGNAL SQLSTATE '45000'                  SET MESSAGE_TEXT = 'FK Violation: fkTblRCAGroupingActionToTblRCAGroupingViaIntRCAGroupingID - Referenced key not found in tblRCAGrouping';             END IF;         END IF;     END
2026-02-11T17:00:49.391773,fkTblRCAGroupingActionToTblRCAGroupingViaIntRCAGroupingID,trg_fkTblRCAGroupingActionToTblRCAGroupingViaIntRCAGroupingID_del_parent,PARENT_DELETE_CASCADE,FAILURE,Code: 1 | Error: E0211 17:00:49.386789   70402 main.go:60] rpc error: code = Unknown desc = TabletManager.ExecuteFetchAsDba on zone1-3072903978: rpc error: code = Unknown desc = Identifier name 'trg_fkTblRCAGroupingActionToTblRCAGroupingViaIntRCAGroupingID_del_parent' is too long (errno 1059) (sqlstate 42000) during query: CREATE TRIGGER `trg_fkTblRCAGroupingActionToTblRCAGroupingViaIntRCAGroupingID_del_parent` BEFORE DELETE ON `tblRCAGrouping`         FOR EACH ROW         BEGIN             DELETE FROM `tblRCAGroupingAction` WHERE `intRCAGroupingID` = OLD.`id`;         END
2026-02-11T17:00:49.507585,fkTblRCAGroupingActionToTblRCAGroupingViaIntRCAGroupingID,trg_fkTblRCAGroupingActionToTblRCAGroupingViaIntRCAGroupingID_upd_parent,PARENT_UPDATE_RESTRICT,FAILURE,"Code: 1 | Error: E0211 17:00:49.503377   70403 main.go:60] rpc error: code = Unknown desc = TabletManager.ExecuteFetchAsDba on zone1-3072903978: rpc error: code = Unknown desc = Identifier name 'trg_fkTblRCAGroupingActionToTblRCAGroupingViaIntRCAGroupingID_upd_parent' is too long (errno 1059) (sqlstate 42000) during query: CREATE TRIGGER `trg_fkTblRCAGroupingActionToTblRCAGroupingViaIntRCAGroupingID_upd_parent` BEFORE UPDATE ON `tblRCAGrouping`     FOR EACH ROW     BEGIN         IF NOT (NEW.`id` <=> OLD.`id`) THEN             IF (SELECT COUNT(*) FROM `tblRCAGroupingAction` WHERE `intRCAGroupingID` = OLD.`id`) > 0 THEN                  SIGNAL SQLSTATE '45000'                   SET MESSAGE_TEXT = 'FK Violation: fkTblRCAGroupingActionToTblRCAGroupingViaIntRCAGroupingID - Cannot update key, children exist in tblRCAGroupingAction';             END IF;         END IF;     END"
2026-02-11T17:00:49.623855,fkTblRCAGroupingCauseToTblRCACauseViaIntRCACauseID,trg_fkTblRCAGroupingCauseToTblRCACauseViaIntRCACauseID_ins_valid,CHILD_INSERT_VALIDATE,SUCCESS,Success
2026-02-11T17:00:49.736944,fkTblRCAGroupingCauseToTblRCACauseViaIntRCACauseID,trg_fkTblRCAGroupingCauseToTblRCACauseViaIntRCACauseID_upd_valid,CHILD_UPDATE_VALIDATE,SUCCESS,Success
2026-02-11T17:00:49.851994,fkTblRCAGroupingCauseToTblRCACauseViaIntRCACauseID,trg_fkTblRCAGroupingCauseToTblRCACauseViaIntRCACauseID_del_parent,PARENT_DELETE_RESTRICT,FAILURE,"Code: 1 | Error: E0211 17:00:49.847210   70409 main.go:60] rpc error: code = Unknown desc = TabletManager.ExecuteFetchAsDba on zone1-3072903978: rpc error: code = Unknown desc = Identifier name 'trg_fkTblRCAGroupingCauseToTblRCACauseViaIntRCACauseID_del_parent' is too long (errno 1059) (sqlstate 42000) during query: CREATE TRIGGER `trg_fkTblRCAGroupingCauseToTblRCACauseViaIntRCACauseID_del_parent` BEFORE DELETE ON `tblRCACause`         FOR EACH ROW         BEGIN             IF (SELECT COUNT(*) FROM `tblRCAGroupingCause` WHERE `intRCACauseID` = OLD.`id`) > 0 THEN                 SIGNAL SQLSTATE '45000'                  SET MESSAGE_TEXT = 'FK Violation: fkTblRCAGroupingCauseToTblRCACauseViaIntRCACauseID - Cannot delete, children exist in tblRCAGroupingCause';             END IF;         END"
2026-02-11T17:00:49.965818,fkTblRCAGroupingCauseToTblRCACauseViaIntRCACauseID,trg_fkTblRCAGroupingCauseToTblRCACauseViaIntRCACauseID_upd_parent,PARENT_UPDATE_RESTRICT,FAILURE,"Code: 1 | Error: E0211 17:00:49.961931   70410 main.go:60] rpc error: code = Unknown desc = TabletManager.ExecuteFetchAsDba on zone1-3072903978: rpc error: code = Unknown desc = Identifier name 'trg_fkTblRCAGroupingCauseToTblRCACauseViaIntRCACauseID_upd_parent' is too long (errno 1059) (sqlstate 42000) during query: CREATE TRIGGER `trg_fkTblRCAGroupingCauseToTblRCACauseViaIntRCACauseID_upd_parent` BEFORE UPDATE ON `tblRCACause`     FOR EACH ROW     BEGIN         IF NOT (NEW.`id` <=> OLD.`id`) THEN             IF (SELECT COUNT(*) FROM `tblRCAGroupingCause` WHERE `intRCACauseID` = OLD.`id`) > 0 THEN                  SIGNAL SQLSTATE '45000'                   SET MESSAGE_TEXT = 'FK Violation: fkTblRCAGroupingCauseToTblRCACauseViaIntRCACauseID - Cannot update key, children exist in tblRCAGroupingCause';             END IF;         END IF;     END"
2026-02-11T17:00:50.072619,fkTblRCAGroupingCauseToTblRCAGroupingViaIntRCAGroupingID,trg_fkTblRCAGroupingCauseToTblRCAGroupingViaIntRCAGroupingID_ins_valid,CHILD_INSERT_VALIDATE,FAILURE,Code: 1 | Error: E0211 17:00:50.069432   70411 main.go:60] rpc error: code = Unknown desc = TabletManager.ExecuteFetchAsDba on zone1-3072903978: rpc error: code = Unknown desc = Identifier name 'trg_fkTblRCAGroupingCauseToTblRCAGroupingViaIntRCAGroupingID_ins_valid' is too long (errno 1059) (sqlstate 42000) during query: CREATE TRIGGER `trg_fkTblRCAGroupingCauseToTblRCAGroupingViaIntRCAGroupingID_ins_valid` BEFORE INSERT ON `tblRCAGroupingCause`     FOR EACH ROW     BEGIN         IF (SELECT COUNT(*) FROM `tblRCAGrouping` WHERE `id` = NEW.`intRCAGroupingID`) = 0 THEN             SIGNAL SQLSTATE '45000'              SET MESSAGE_TEXT = 'FK Violation: fkTblRCAGroupingCauseToTblRCAGroupingViaIntRCAGroupingID - Referenced key not found in tblRCAGrouping';         END IF;     END
2026-02-11T17:00:50.181270,fkTblRCAGroupingCauseToTblRCAGroupingViaIntRCAGroupingID,trg_fkTblRCAGroupingCauseToTblRCAGroupingViaIntRCAGroupingID_upd_valid,CHILD_UPDATE_VALIDATE,FAILURE,Code: 1 | Error: E0211 17:00:50.177022   70412 main.go:60] rpc error: code = Unknown desc = TabletManager.ExecuteFetchAsDba on zone1-3072903978: rpc error: code = Unknown desc = Identifier name 'trg_fkTblRCAGroupingCauseToTblRCAGroupingViaIntRCAGroupingID_upd_valid' is too long (errno 1059) (sqlstate 42000) during query: CREATE TRIGGER `trg_fkTblRCAGroupingCauseToTblRCAGroupingViaIntRCAGroupingID_upd_valid` BEFORE UPDATE ON `tblRCAGroupingCause`     FOR EACH ROW     BEGIN         IF NOT (NEW.`intRCAGroupingID` <=> OLD.`intRCAGroupingID`) THEN             IF (SELECT COUNT(*) FROM `tblRCAGrouping` WHERE `id` = NEW.`intRCAGroupingID`) = 0 THEN                 SIGNAL SQLSTATE '45000'                  SET MESSAGE_TEXT = 'FK Violation: fkTblRCAGroupingCauseToTblRCAGroupingViaIntRCAGroupingID - Referenced key not found in tblRCAGrouping';             END IF;         END IF;     END
2026-02-11T17:00:50.302753,fkTblRCAGroupingCauseToTblRCAGroupingViaIntRCAGroupingID,trg_fkTblRCAGroupingCauseToTblRCAGroupingViaIntRCAGroupingID_del_parent,PARENT_DELETE_CASCADE,FAILURE,Code: 1 | Error: E0211 17:00:50.298149   70413 main.go:60] rpc error: code = Unknown desc = TabletManager.ExecuteFetchAsDba on zone1-3072903978: rpc error: code = Unknown desc = Identifier name 'trg_fkTblRCAGroupingCauseToTblRCAGroupingViaIntRCAGroupingID_del_parent' is too long (errno 1059) (sqlstate 42000) during query: CREATE TRIGGER `trg_fkTblRCAGroupingCauseToTblRCAGroupingViaIntRCAGroupingID_del_parent` BEFORE DELETE ON `tblRCAGrouping`         FOR EACH ROW         BEGIN             DELETE FROM `tblRCAGroupingCause` WHERE `intRCAGroupingID` = OLD.`id`;         END
2026-02-11T17:00:50.416952,fkTblRCAGroupingCauseToTblRCAGroupingViaIntRCAGroupingID,trg_fkTblRCAGroupingCauseToTblRCAGroupingViaIntRCAGroupingID_upd_parent,PARENT_UPDATE_RESTRICT,FAILURE,"Code: 1 | Error: E0211 17:00:50.413464   70414 main.go:60] rpc error: code = Unknown desc = TabletManager.ExecuteFetchAsDba on zone1-3072903978: rpc error: code = Unknown desc = Identifier name 'trg_fkTblRCAGroupingCauseToTblRCAGroupingViaIntRCAGroupingID_upd_parent' is too long (errno 1059) (sqlstate 42000) during query: CREATE TRIGGER `trg_fkTblRCAGroupingCauseToTblRCAGroupingViaIntRCAGroupingID_upd_parent` BEFORE UPDATE ON `tblRCAGrouping`     FOR EACH ROW     BEGIN         IF NOT (NEW.`id` <=> OLD.`id`) THEN             IF (SELECT COUNT(*) FROM `tblRCAGroupingCause` WHERE `intRCAGroupingID` = OLD.`id`) > 0 THEN                  SIGNAL SQLSTATE '45000'                   SET MESSAGE_TEXT = 'FK Violation: fkTblRCAGroupingCauseToTblRCAGroupingViaIntRCAGroupingID - Cannot update key, children exist in tblRCAGroupingCause';             END IF;         END IF;     END"
2026-02-11T17:00:50.523205,fkTblReceiptToTblUserViaIntReceivedByUserID,trg_fkTblReceiptToTblUserViaIntReceivedByUserID_ins_valid,CHILD_INSERT_VALIDATE,SUCCESS,Success
2026-02-11T17:00:50.633431,fkTblReceiptToTblUserViaIntReceivedByUserID,trg_fkTblReceiptToTblUserViaIntReceivedByUserID_upd_valid,CHILD_UPDATE_VALIDATE,SUCCESS,Success
2026-02-11T17:00:50.747859,fkTblReceiptToTblUserViaIntReceivedByUserID,trg_fkTblReceiptToTblUserViaIntReceivedByUserID_del_parent,PARENT_DELETE_RESTRICT,SUCCESS,Success
2026-02-11T17:00:50.863436,fkTblReceiptToTblUserViaIntReceivedByUserID,trg_fkTblReceiptToTblUserViaIntReceivedByUserID_upd_parent,PARENT_UPDATE_RESTRICT,SUCCESS,Success
2026-02-11T17:00:50.982037,fkTblReceiptStatusTransitionToTblReceiptStatusViaIntF1439095419,trg_fkTblReceiptStatusTransitionToTblReceiptStatusViaIntF1439095419_ins_valid,CHILD_INSERT_VALIDATE,FAILURE,Code: 1 | Error: E0211 17:00:50.977257   70419 main.go:60] rpc error: code = Unknown desc = TabletManager.ExecuteFetchAsDba on zone1-3072903978: rpc error: code = Unknown desc = Identifier name 'trg_fkTblReceiptStatusTransitionToTblReceiptStatusViaIntF1439095419_ins_valid' is too long (errno 1059) (sqlstate 42000) during query: CREATE TRIGGER `trg_fkTblReceiptStatusTransitionToTblReceiptStatusViaIntF1439095419_ins_valid` BEFORE INSERT ON `tblReceiptStatusTransition`     FOR EACH ROW     BEGIN         IF (SELECT COUNT(*) FROM `tblReceiptStatus` WHERE `id` = NEW.`intFromStatusID`) = 0 THEN             SIGNAL SQLSTATE '45000'              SET MESSAGE_TEXT = 'FK Violation: fkTblReceiptStatusTransitionToTblReceiptStatusViaIntF1439095419 - Referenced key not found in tblReceiptStatus';         END IF;     END
2026-02-11T17:00:51.139321,fkTblReceiptStatusTransitionToTblReceiptStatusViaIntF1439095419,trg_fkTblReceiptStatusTransitionToTblReceiptStatusViaIntF1439095419_upd_valid,CHILD_UPDATE_VALIDATE,FAILURE,Code: 1 | Error: E0211 17:00:51.135269   70420 main.go:60] rpc error: code = Unknown desc = TabletManager.ExecuteFetchAsDba on zone1-3072903978: rpc error: code = Unknown desc = Identifier name 'trg_fkTblReceiptStatusTransitionToTblReceiptStatusViaIntF1439095419_upd_valid' is too long (errno 1059) (sqlstate 42000) during query: CREATE TRIGGER `trg_fkTblReceiptStatusTransitionToTblReceiptStatusViaIntF1439095419_upd_valid` BEFORE UPDATE ON `tblReceiptStatusTransition`     FOR EACH ROW     BEGIN         IF NOT (NEW.`intFromStatusID` <=> OLD.`intFromStatusID`) THEN             IF (SELECT COUNT(*) FROM `tblReceiptStatus` WHERE `id` = NEW.`intFromStatusID`) = 0 THEN                 SIGNAL SQLSTATE '45000'                  SET MESSAGE_TEXT = 'FK Violation: fkTblReceiptStatusTransitionToTblReceiptStatusViaIntF1439095419 - Referenced key not found in tblReceiptStatus';             END IF;         END IF;     END
2026-02-11T17:00:51.263950,fkTblReceiptStatusTransitionToTblReceiptStatusViaIntF1439095419,trg_fkTblReceiptStatusTransitionToTblReceiptStatusViaIntF1439095419_del_parent,PARENT_DELETE_RESTRICT,FAILURE,"Code: 1 | Error: E0211 17:00:51.259751   70421 main.go:60] rpc error: code = Unknown desc = TabletManager.ExecuteFetchAsDba on zone1-3072903978: rpc error: code = Unknown desc = Identifier name 'trg_fkTblReceiptStatusTransitionToTblReceiptStatusViaIntF1439095419_del_parent' is too long (errno 1059) (sqlstate 42000) during query: CREATE TRIGGER `trg_fkTblReceiptStatusTransitionToTblReceiptStatusViaIntF1439095419_del_parent` BEFORE DELETE ON `tblReceiptStatus`         FOR EACH ROW         BEGIN             IF (SELECT COUNT(*) FROM `tblReceiptStatusTransition` WHERE `intFromStatusID` = OLD.`id`) > 0 THEN                 SIGNAL SQLSTATE '45000'                  SET MESSAGE_TEXT = 'FK Violation: fkTblReceiptStatusTransitionToTblReceiptStatusViaIntF1439095419 - Cannot delete, children exist in tblReceiptStatusTransition';             END IF;         END"
2026-02-11T17:00:51.377483,fkTblReceiptStatusTransitionToTblReceiptStatusViaIntF1439095419,trg_fkTblReceiptStatusTransitionToTblReceiptStatusViaIntF1439095419_upd_parent,PARENT_UPDATE_RESTRICT,FAILURE,"Code: 1 | Error: E0211 17:00:51.373491   70422 main.go:60] rpc error: code = Unknown desc = TabletManager.ExecuteFetchAsDba on zone1-3072903978: rpc error: code = Unknown desc = Identifier name 'trg_fkTblReceiptStatusTransitionToTblReceiptStatusViaIntF1439095419_upd_parent' is too long (errno 1059) (sqlstate 42000) during query: CREATE TRIGGER `trg_fkTblReceiptStatusTransitionToTblReceiptStatusViaIntF1439095419_upd_parent` BEFORE UPDATE ON `tblReceiptStatus`     FOR EACH ROW     BEGIN         IF NOT (NEW.`id` <=> OLD.`id`) THEN             IF (SELECT COUNT(*) FROM `tblReceiptStatusTransition` WHERE `intFromStatusID` = OLD.`id`) > 0 THEN                  SIGNAL SQLSTATE '45000'                   SET MESSAGE_TEXT = 'FK Violation: fkTblReceiptStatusTransitionToTblReceiptStatusViaIntF1439095419 - Cannot update key, children exist in tblReceiptStatusTransition';             END IF;         END IF;     END"
2026-02-11T17:00:51.492285,fkTblReceiptStatusTransitionToTblReceiptStatusViaIntToStatusID,trg_fkTblReceiptStatusTransitionToTblReceiptStatusViaIntToStatusID_ins_valid,CHILD_INSERT_VALIDATE,FAILURE,Code: 1 | Error: E0211 17:00:51.488377   70423 main.go:60] rpc error: code = Unknown desc = TabletManager.ExecuteFetchAsDba on zone1-3072903978: rpc error: code = Unknown desc = Identifier name 'trg_fkTblReceiptStatusTransitionToTblReceiptStatusViaIntToStatusID_ins_valid' is too long (errno 1059) (sqlstate 42000) during query: CREATE TRIGGER `trg_fkTblReceiptStatusTransitionToTblReceiptStatusViaIntToStatusID_ins_valid` BEFORE INSERT ON `tblReceiptStatusTransition`     FOR EACH ROW     BEGIN         IF (SELECT COUNT(*) FROM `tblReceiptStatus` WHERE `id` = NEW.`intToStatusID`) = 0 THEN             SIGNAL SQLSTATE '45000'              SET MESSAGE_TEXT = 'FK Violation: fkTblReceiptStatusTransitionToTblReceiptStatusViaIntToStatusID - Referenced key not found in tblReceiptStatus';         END IF;     END
2026-02-11T17:00:51.641666,fkTblReceiptStatusTransitionToTblReceiptStatusViaIntToStatusID,trg_fkTblReceiptStatusTransitionToTblReceiptStatusViaIntToStatusID_upd_valid,CHILD_UPDATE_VALIDATE,FAILURE,Code: 1 | Error: E0211 17:00:51.638057   70424 main.go:60] rpc error: code = Unknown desc = TabletManager.ExecuteFetchAsDba on zone1-3072903978: rpc error: code = Unknown desc = Identifier name 'trg_fkTblReceiptStatusTransitionToTblReceiptStatusViaIntToStatusID_upd_valid' is too long (errno 1059) (sqlstate 42000) during query: CREATE TRIGGER `trg_fkTblReceiptStatusTransitionToTblReceiptStatusViaIntToStatusID_upd_valid` BEFORE UPDATE ON `tblReceiptStatusTransition`     FOR EACH ROW     BEGIN         IF NOT (NEW.`intToStatusID` <=> OLD.`intToStatusID`) THEN             IF (SELECT COUNT(*) FROM `tblReceiptStatus` WHERE `id` = NEW.`intToStatusID`) = 0 THEN                 SIGNAL SQLSTATE '45000'                  SET MESSAGE_TEXT = 'FK Violation: fkTblReceiptStatusTransitionToTblReceiptStatusViaIntToStatusID - Referenced key not found in tblReceiptStatus';             END IF;         END IF;     END
2026-02-11T17:00:51.755526,fkTblReceiptStatusTransitionToTblReceiptStatusViaIntToStatusID,trg_fkTblReceiptStatusTransitionToTblReceiptStatusViaIntToStatusID_del_parent,PARENT_DELETE_RESTRICT,FAILURE,"Code: 1 | Error: E0211 17:00:51.752623   70425 main.go:60] rpc error: code = Unknown desc = TabletManager.ExecuteFetchAsDba on zone1-3072903978: rpc error: code = Unknown desc = Identifier name 'trg_fkTblReceiptStatusTransitionToTblReceiptStatusViaIntToStatusID_del_parent' is too long (errno 1059) (sqlstate 42000) during query: CREATE TRIGGER `trg_fkTblReceiptStatusTransitionToTblReceiptStatusViaIntToStatusID_del_parent` BEFORE DELETE ON `tblReceiptStatus`         FOR EACH ROW         BEGIN             IF (SELECT COUNT(*) FROM `tblReceiptStatusTransition` WHERE `intToStatusID` = OLD.`id`) > 0 THEN                 SIGNAL SQLSTATE '45000'                  SET MESSAGE_TEXT = 'FK Violation: fkTblReceiptStatusTransitionToTblReceiptStatusViaIntToStatusID - Cannot delete, children exist in tblReceiptStatusTransition';             END IF;         END"
2026-02-11T17:00:51.876881,fkTblReceiptStatusTransitionToTblReceiptStatusViaIntToStatusID,trg_fkTblReceiptStatusTransitionToTblReceiptStatusViaIntToStatusID_upd_parent,PARENT_UPDATE_RESTRICT,FAILURE,"Code: 1 | Error: E0211 17:00:51.872217   70426 main.go:60] rpc error: code = Unknown desc = TabletManager.ExecuteFetchAsDba on zone1-3072903978: rpc error: code = Unknown desc = Identifier name 'trg_fkTblReceiptStatusTransitionToTblReceiptStatusViaIntToStatusID_upd_parent' is too long (errno 1059) (sqlstate 42000) during query: CREATE TRIGGER `trg_fkTblReceiptStatusTransitionToTblReceiptStatusViaIntToStatusID_upd_parent` BEFORE UPDATE ON `tblReceiptStatus`     FOR EACH ROW     BEGIN         IF NOT (NEW.`id` <=> OLD.`id`) THEN             IF (SELECT COUNT(*) FROM `tblReceiptStatusTransition` WHERE `intToStatusID` = OLD.`id`) > 0 THEN                  SIGNAL SQLSTATE '45000'                   SET MESSAGE_TEXT = 'FK Violation: fkTblReceiptStatusTransitionToTblReceiptStatusViaIntToStatusID - Cannot update key, children exist in tblReceiptStatusTransition';             END IF;         END IF;     END"
2026-02-11T17:00:52.029413,fkTblReconciliationControlToTblIntegrationViaIntIntegrationID,trg_fkTblReconciliationControlToTblIntegrationViaIntIntegrationID_ins_valid,CHILD_INSERT_VALIDATE,FAILURE,Code: 1 | Error: E0211 17:00:52.024321   70427 main.go:60] rpc error: code = Unknown desc = TabletManager.ExecuteFetchAsDba on zone1-3072903978: rpc error: code = Unknown desc = Identifier name 'trg_fkTblReconciliationControlToTblIntegrationViaIntIntegrationID_ins_valid' is too long (errno 1059) (sqlstate 42000) during query: CREATE TRIGGER `trg_fkTblReconciliationControlToTblIntegrationViaIntIntegrationID_ins_valid` BEFORE INSERT ON `tblReconciliationControl`     FOR EACH ROW     BEGIN         IF (SELECT COUNT(*) FROM `tblIntegration` WHERE `id` = NEW.`intIntegrationID`) = 0 THEN             SIGNAL SQLSTATE '45000'              SET MESSAGE_TEXT = 'FK Violation: fkTblReconciliationControlToTblIntegrationViaIntIntegrationID - Referenced key not found in tblIntegration';         END IF;     END
2026-02-11T17:00:52.162088,fkTblReconciliationControlToTblIntegrationViaIntIntegrationID,trg_fkTblReconciliationControlToTblIntegrationViaIntIntegrationID_upd_valid,CHILD_UPDATE_VALIDATE,FAILURE,Code: 1 | Error: E0211 17:00:52.157294   70428 main.go:60] rpc error: code = Unknown desc = TabletManager.ExecuteFetchAsDba on zone1-3072903978: rpc error: code = Unknown desc = Identifier name 'trg_fkTblReconciliationControlToTblIntegrationViaIntIntegrationID_upd_valid' is too long (errno 1059) (sqlstate 42000) during query: CREATE TRIGGER `trg_fkTblReconciliationControlToTblIntegrationViaIntIntegrationID_upd_valid` BEFORE UPDATE ON `tblReconciliationControl`     FOR EACH ROW     BEGIN         IF NOT (NEW.`intIntegrationID` <=> OLD.`intIntegrationID`) THEN             IF (SELECT COUNT(*) FROM `tblIntegration` WHERE `id` = NEW.`intIntegrationID`) = 0 THEN                 SIGNAL SQLSTATE '45000'                  SET MESSAGE_TEXT = 'FK Violation: fkTblReconciliationControlToTblIntegrationViaIntIntegrationID - Referenced key not found in tblIntegration';             END IF;         END IF;     END
2026-02-11T17:00:52.274836,fkTblReconciliationControlToTblIntegrationViaIntIntegrationID,trg_fkTblReconciliationControlToTblIntegrationViaIntIntegrationID_del_parent,PARENT_DELETE_CASCADE,FAILURE,Code: 1 | Error: E0211 17:00:52.271200   70429 main.go:60] rpc error: code = Unknown desc = TabletManager.ExecuteFetchAsDba on zone1-3072903978: rpc error: code = Unknown desc = Identifier name 'trg_fkTblReconciliationControlToTblIntegrationViaIntIntegrationID_del_parent' is too long (errno 1059) (sqlstate 42000) during query: CREATE TRIGGER `trg_fkTblReconciliationControlToTblIntegrationViaIntIntegrationID_del_parent` BEFORE DELETE ON `tblIntegration`         FOR EACH ROW         BEGIN             DELETE FROM `tblReconciliationControl` WHERE `intIntegrationID` = OLD.`id`;         END
2026-02-11T17:00:52.433394,fkTblReconciliationControlToTblIntegrationViaIntIntegrationID,trg_fkTblReconciliationControlToTblIntegrationViaIntIntegrationID_upd_parent,PARENT_UPDATE_RESTRICT,FAILURE,"Code: 1 | Error: E0211 17:00:52.429263   70430 main.go:60] rpc error: code = Unknown desc = TabletManager.ExecuteFetchAsDba on zone1-3072903978: rpc error: code = Unknown desc = Identifier name 'trg_fkTblReconciliationControlToTblIntegrationViaIntIntegrationID_upd_parent' is too long (errno 1059) (sqlstate 42000) during query: CREATE TRIGGER `trg_fkTblReconciliationControlToTblIntegrationViaIntIntegrationID_upd_parent` BEFORE UPDATE ON `tblIntegration`     FOR EACH ROW     BEGIN         IF NOT (NEW.`id` <=> OLD.`id`) THEN             IF (SELECT COUNT(*) FROM `tblReconciliationControl` WHERE `intIntegrationID` = OLD.`id`) > 0 THEN                  SIGNAL SQLSTATE '45000'                   SET MESSAGE_TEXT = 'FK Violation: fkTblReconciliationControlToTblIntegrationViaIntIntegrationID - Cannot update key, children exist in tblReconciliationControl';             END IF;         END IF;     END"
2026-02-11T17:00:52.561069,fkTblRegionUserToTblUserViaIntUserID,trg_fkTblRegionUserToTblUserViaIntUserID_ins_valid,CHILD_INSERT_VALIDATE,SUCCESS,Success
2026-02-11T17:00:52.674659,fkTblRegionUserToTblUserViaIntUserID,trg_fkTblRegionUserToTblUserViaIntUserID_upd_valid,CHILD_UPDATE_VALIDATE,SUCCESS,Success
2026-02-11T17:00:52.792874,fkTblRegionUserToTblUserViaIntUserID,trg_fkTblRegionUserToTblUserViaIntUserID_del_parent,PARENT_DELETE_CASCADE,SUCCESS,Success
2026-02-11T17:00:52.958995,fkTblRegionUserToTblUserViaIntUserID,trg_fkTblRegionUserToTblUserViaIntUserID_upd_parent,PARENT_UPDATE_RESTRICT,SUCCESS,Success
2026-02-11T17:00:53.079303,fkTblRegionUserGroupToTblUserViaIntGroupID,trg_fkTblRegionUserGroupToTblUserViaIntGroupID_ins_valid,CHILD_INSERT_VALIDATE,SUCCESS,Success
2026-02-11T17:00:53.188963,fkTblRegionUserGroupToTblUserViaIntGroupID,trg_fkTblRegionUserGroupToTblUserViaIntGroupID_upd_valid,CHILD_UPDATE_VALIDATE,SUCCESS,Success
2026-02-11T17:00:53.350514,fkTblRegionUserGroupToTblUserViaIntGroupID,trg_fkTblRegionUserGroupToTblUserViaIntGroupID_del_parent,PARENT_DELETE_CASCADE,SUCCESS,Success
2026-02-11T17:00:53.474155,fkTblRegionUserGroupToTblUserViaIntGroupID,trg_fkTblRegionUserGroupToTblUserViaIntGroupID_upd_parent,PARENT_UPDATE_RESTRICT,SUCCESS,Success
2026-02-11T17:00:53.583924,fkTblRememberMeCookieToTblUserViaIntUserID,trg_fkTblRememberMeCookieToTblUserViaIntUserID_ins_valid,CHILD_INSERT_VALIDATE,SUCCESS,Success
2026-02-11T17:00:53.693054,fkTblRememberMeCookieToTblUserViaIntUserID,trg_fkTblRememberMeCookieToTblUserViaIntUserID_upd_valid,CHILD_UPDATE_VALIDATE,SUCCESS,Success
2026-02-11T17:00:53.865805,fkTblRememberMeCookieToTblUserViaIntUserID,trg_fkTblRememberMeCookieToTblUserViaIntUserID_del_parent,PARENT_DELETE_CASCADE,SUCCESS,Success
2026-02-11T17:00:53.994772,fkTblRememberMeCookieToTblUserViaIntUserID,trg_fkTblRememberMeCookieToTblUserViaIntUserID_upd_parent,PARENT_UPDATE_RESTRICT,SUCCESS,Success
2026-02-11T17:00:54.103298,fkTblReportPresetParameterToTblReportPresetViaIntReportPresetID,trg_fkTblReportPresetParameterToTblReportPresetViaIntReportPresetID_ins_valid,CHILD_INSERT_VALIDATE,FAILURE,Code: 1 | Error: E0211 17:00:54.100075   70577 main.go:60] rpc error: code = Unknown desc = TabletManager.ExecuteFetchAsDba on zone1-3072903978: rpc error: code = Unknown desc = Identifier name 'trg_fkTblReportPresetParameterToTblReportPresetViaIntReportPresetID_ins_valid' is too long (errno 1059) (sqlstate 42000) during query: CREATE TRIGGER `trg_fkTblReportPresetParameterToTblReportPresetViaIntReportPresetID_ins_valid` BEFORE INSERT ON `tblReportPresetParameter`     FOR EACH ROW     BEGIN         IF (SELECT COUNT(*) FROM `tblReportPreset` WHERE `id` = NEW.`intReportPresetID`) = 0 THEN             SIGNAL SQLSTATE '45000'              SET MESSAGE_TEXT = 'FK Violation: fkTblReportPresetParameterToTblReportPresetViaIntReportPresetID - Referenced key not found in tblReportPreset';         END IF;     END
2026-02-11T17:00:54.259395,fkTblReportPresetParameterToTblReportPresetViaIntReportPresetID,trg_fkTblReportPresetParameterToTblReportPresetViaIntReportPresetID_upd_valid,CHILD_UPDATE_VALIDATE,FAILURE,Code: 1 | Error: E0211 17:00:54.254203   70578 main.go:60] rpc error: code = Unknown desc = TabletManager.ExecuteFetchAsDba on zone1-3072903978: rpc error: code = Unknown desc = Identifier name 'trg_fkTblReportPresetParameterToTblReportPresetViaIntReportPresetID_upd_valid' is too long (errno 1059) (sqlstate 42000) during query: CREATE TRIGGER `trg_fkTblReportPresetParameterToTblReportPresetViaIntReportPresetID_upd_valid` BEFORE UPDATE ON `tblReportPresetParameter`     FOR EACH ROW     BEGIN         IF NOT (NEW.`intReportPresetID` <=> OLD.`intReportPresetID`) THEN             IF (SELECT COUNT(*) FROM `tblReportPreset` WHERE `id` = NEW.`intReportPresetID`) = 0 THEN                 SIGNAL SQLSTATE '45000'                  SET MESSAGE_TEXT = 'FK Violation: fkTblReportPresetParameterToTblReportPresetViaIntReportPresetID - Referenced key not found in tblReportPreset';             END IF;         END IF;     END
2026-02-11T17:00:54.392559,fkTblReportPresetParameterToTblReportPresetViaIntReportPresetID,trg_fkTblReportPresetParameterToTblReportPresetViaIntReportPresetID_del_parent,PARENT_DELETE_CASCADE,FAILURE,Code: 1 | Error: E0211 17:00:54.387406   70579 main.go:60] rpc error: code = Unknown desc = TabletManager.ExecuteFetchAsDba on zone1-3072903978: rpc error: code = Unknown desc = Identifier name 'trg_fkTblReportPresetParameterToTblReportPresetViaIntReportPresetID_del_parent' is too long (errno 1059) (sqlstate 42000) during query: CREATE TRIGGER `trg_fkTblReportPresetParameterToTblReportPresetViaIntReportPresetID_del_parent` BEFORE DELETE ON `tblReportPreset`         FOR EACH ROW         BEGIN             DELETE FROM `tblReportPresetParameter` WHERE `intReportPresetID` = OLD.`id`;         END
2026-02-11T17:00:54.511938,fkTblReportPresetParameterToTblReportPresetViaIntReportPresetID,trg_fkTblReportPresetParameterToTblReportPresetViaIntReportPresetID_upd_parent,PARENT_UPDATE_RESTRICT,FAILURE,"Code: 1 | Error: E0211 17:00:54.507629   70580 main.go:60] rpc error: code = Unknown desc = TabletManager.ExecuteFetchAsDba on zone1-3072903978: rpc error: code = Unknown desc = Identifier name 'trg_fkTblReportPresetParameterToTblReportPresetViaIntReportPresetID_upd_parent' is too long (errno 1059) (sqlstate 42000) during query: CREATE TRIGGER `trg_fkTblReportPresetParameterToTblReportPresetViaIntReportPresetID_upd_parent` BEFORE UPDATE ON `tblReportPreset`     FOR EACH ROW     BEGIN         IF NOT (NEW.`id` <=> OLD.`id`) THEN             IF (SELECT COUNT(*) FROM `tblReportPresetParameter` WHERE `intReportPresetID` = OLD.`id`) > 0 THEN                  SIGNAL SQLSTATE '45000'                   SET MESSAGE_TEXT = 'FK Violation: fkTblReportPresetParameterToTblReportPresetViaIntReportPresetID - Cannot update key, children exist in tblReportPresetParameter';             END IF;         END IF;     END"
2026-02-11T17:00:54.628757,fkTblReportsToResolvedToTblUserViaIntChildID,trg_fkTblReportsToResolvedToTblUserViaIntChildID_ins_valid,CHILD_INSERT_VALIDATE,SUCCESS,Success
2026-02-11T17:00:54.743383,fkTblReportsToResolvedToTblUserViaIntChildID,trg_fkTblReportsToResolvedToTblUserViaIntChildID_upd_valid,CHILD_UPDATE_VALIDATE,SUCCESS,Success
2026-02-11T17:00:54.863971,fkTblReportsToResolvedToTblUserViaIntChildID,trg_fkTblReportsToResolvedToTblUserViaIntChildID_del_parent,PARENT_DELETE_CASCADE,SUCCESS,Success
2026-02-11T17:00:54.992163,fkTblReportsToResolvedToTblUserViaIntChildID,trg_fkTblReportsToResolvedToTblUserViaIntChildID_upd_parent,PARENT_UPDATE_RESTRICT,SUCCESS,Success
2026-02-11T17:00:55.132017,fkTblReportsToResolvedToTblUserViaIntParentID,trg_fkTblReportsToResolvedToTblUserViaIntParentID_ins_valid,CHILD_INSERT_VALIDATE,SUCCESS,Success
2026-02-11T17:00:55.245821,fkTblReportsToResolvedToTblUserViaIntParentID,trg_fkTblReportsToResolvedToTblUserViaIntParentID_upd_valid,CHILD_UPDATE_VALIDATE,SUCCESS,Success
2026-02-11T17:00:55.376944,fkTblReportsToResolvedToTblUserViaIntParentID,trg_fkTblReportsToResolvedToTblUserViaIntParentID_del_parent,PARENT_DELETE_CASCADE,SUCCESS,Success
2026-02-11T17:00:55.501869,fkTblReportsToResolvedToTblUserViaIntParentID,trg_fkTblReportsToResolvedToTblUserViaIntParentID_upd_parent,PARENT_UPDATE_RESTRICT,SUCCESS,Success
2026-02-11T17:00:55.664302,fkTblResetPasswordToTblUserViaIntUserID,trg_fkTblResetPasswordToTblUserViaIntUserID_ins_valid,CHILD_INSERT_VALIDATE,SUCCESS,Success
2026-02-11T17:00:55.829567,fkTblResetPasswordToTblUserViaIntUserID,trg_fkTblResetPasswordToTblUserViaIntUserID_upd_valid,CHILD_UPDATE_VALIDATE,SUCCESS,Success
2026-02-11T17:00:55.955183,fkTblResetPasswordToTblUserViaIntUserID,trg_fkTblResetPasswordToTblUserViaIntUserID_del_parent,PARENT_DELETE_CASCADE,SUCCESS,Success
2026-02-11T17:00:56.086939,fkTblResetPasswordToTblUserViaIntUserID,trg_fkTblResetPasswordToTblUserViaIntUserID_upd_parent,PARENT_UPDATE_RESTRICT,SUCCESS,Success
2026-02-11T17:00:56.202563,fkTblRFQToTblAssetViaIntBillToID,trg_fkTblRFQToTblAssetViaIntBillToID_ins_valid,CHILD_INSERT_VALIDATE,SUCCESS,Success
2026-02-11T17:00:56.324916,fkTblRFQToTblAssetViaIntBillToID,trg_fkTblRFQToTblAssetViaIntBillToID_upd_valid,CHILD_UPDATE_VALIDATE,SUCCESS,Success
2026-02-11T17:00:56.442294,fkTblRFQToTblAssetViaIntBillToID,trg_fkTblRFQToTblAssetViaIntBillToID_del_parent,PARENT_DELETE_RESTRICT,SUCCESS,Success
2026-02-11T17:00:56.564767,fkTblRFQToTblAssetViaIntBillToID,trg_fkTblRFQToTblAssetViaIntBillToID_upd_parent,PARENT_UPDATE_RESTRICT,SUCCESS,Success
2026-02-11T17:00:56.689169,fkTblRFQToTblAssetViaIntShipToID,trg_fkTblRFQToTblAssetViaIntShipToID_ins_valid,CHILD_INSERT_VALIDATE,SUCCESS,Success
2026-02-11T17:00:56.848983,fkTblRFQToTblAssetViaIntShipToID,trg_fkTblRFQToTblAssetViaIntShipToID_upd_valid,CHILD_UPDATE_VALIDATE,SUCCESS,Success
2026-02-11T17:00:56.978667,fkTblRFQToTblAssetViaIntShipToID,trg_fkTblRFQToTblAssetViaIntShipToID_del_parent,PARENT_DELETE_RESTRICT,SUCCESS,Success
2026-02-11T17:00:57.103368,fkTblRFQToTblAssetViaIntShipToID,trg_fkTblRFQToTblAssetViaIntShipToID_upd_parent,PARENT_UPDATE_RESTRICT,SUCCESS,Success
2026-02-11T17:00:57.219699,fkTblRFQToTblBusinessViaIntBusinessID,trg_fkTblRFQToTblBusinessViaIntBusinessID_ins_valid,CHILD_INSERT_VALIDATE,SUCCESS,Success
2026-02-11T17:00:57.375030,fkTblRFQToTblBusinessViaIntBusinessID,trg_fkTblRFQToTblBusinessViaIntBusinessID_upd_valid,CHILD_UPDATE_VALIDATE,SUCCESS,Success
2026-02-11T17:00:57.537292,fkTblRFQToTblBusinessViaIntBusinessID,trg_fkTblRFQToTblBusinessViaIntBusinessID_del_parent,PARENT_DELETE_RESTRICT,SUCCESS,Success
2026-02-11T17:00:57.671539,fkTblRFQToTblBusinessViaIntBusinessID,trg_fkTblRFQToTblBusinessViaIntBusinessID_upd_parent,PARENT_UPDATE_RESTRICT,SUCCESS,Success
2026-02-11T17:00:57.785631,fkTblRFQToTblBusinessViaIntSupplierID,trg_fkTblRFQToTblBusinessViaIntSupplierID_ins_valid,CHILD_INSERT_VALIDATE,SUCCESS,Success
2026-02-11T17:00:57.908948,fkTblRFQToTblBusinessViaIntSupplierID,trg_fkTblRFQToTblBusinessViaIntSupplierID_upd_valid,CHILD_UPDATE_VALIDATE,SUCCESS,Success
2026-02-11T17:00:58.022419,fkTblRFQToTblBusinessViaIntSupplierID,trg_fkTblRFQToTblBusinessViaIntSupplierID_del_parent,PARENT_DELETE_RESTRICT,SUCCESS,Success
2026-02-11T17:00:58.135709,fkTblRFQToTblBusinessViaIntSupplierID,trg_fkTblRFQToTblBusinessViaIntSupplierID_upd_parent,PARENT_UPDATE_RESTRICT,SUCCESS,Success
2026-02-11T17:00:58.295569,fkTblRFQToTblRFQStatusViaIntRFQStatusID,trg_fkTblRFQToTblRFQStatusViaIntRFQStatusID_ins_valid,CHILD_INSERT_VALIDATE,SUCCESS,Success
2026-02-11T17:00:58.420977,fkTblRFQToTblRFQStatusViaIntRFQStatusID,trg_fkTblRFQToTblRFQStatusViaIntRFQStatusID_upd_valid,CHILD_UPDATE_VALIDATE,SUCCESS,Success
2026-02-11T17:00:58.539841,fkTblRFQToTblRFQStatusViaIntRFQStatusID,trg_fkTblRFQToTblRFQStatusViaIntRFQStatusID_del_parent,PARENT_DELETE_RESTRICT,SUCCESS,Success
2026-02-11T17:00:58.698211,fkTblRFQToTblRFQStatusViaIntRFQStatusID,trg_fkTblRFQToTblRFQStatusViaIntRFQStatusID_upd_parent,PARENT_UPDATE_RESTRICT,SUCCESS,Success
2026-02-11T17:00:58.855313,fkTblRFQToTblUserViaIntCreatedByUserID,trg_fkTblRFQToTblUserViaIntCreatedByUserID_ins_valid,CHILD_INSERT_VALIDATE,SUCCESS,Success
2026-02-11T17:00:59.019881,fkTblRFQToTblUserViaIntCreatedByUserID,trg_fkTblRFQToTblUserViaIntCreatedByUserID_upd_valid,CHILD_UPDATE_VALIDATE,SUCCESS,Success
2026-02-11T17:00:59.146457,fkTblRFQToTblUserViaIntCreatedByUserID,trg_fkTblRFQToTblUserViaIntCreatedByUserID_del_parent,PARENT_DELETE_RESTRICT,SUCCESS,Success
2026-02-11T17:00:59.273432,fkTblRFQToTblUserViaIntCreatedByUserID,trg_fkTblRFQToTblUserViaIntCreatedByUserID_upd_parent,PARENT_UPDATE_RESTRICT,SUCCESS,Success
2026-02-11T17:00:59.388808,fkTblRFQAssetToTblAssetViaIntAssetID,trg_fkTblRFQAssetToTblAssetViaIntAssetID_ins_valid,CHILD_INSERT_VALIDATE,SUCCESS,Success
2026-02-11T17:00:59.547845,fkTblRFQAssetToTblAssetViaIntAssetID,trg_fkTblRFQAssetToTblAssetViaIntAssetID_upd_valid,CHILD_UPDATE_VALIDATE,SUCCESS,Success
2026-02-11T17:00:59.686765,fkTblRFQAssetToTblAssetViaIntAssetID,trg_fkTblRFQAssetToTblAssetViaIntAssetID_del_parent,PARENT_DELETE_CASCADE,SUCCESS,Success
2026-02-11T17:00:59.847012,fkTblRFQAssetToTblAssetViaIntAssetID,trg_fkTblRFQAssetToTblAssetViaIntAssetID_upd_parent,PARENT_UPDATE_RESTRICT,SUCCESS,Success
2026-02-11T17:00:59.961696,fkTblRFQAssetToTblRFQViaIntRFQID,trg_fkTblRFQAssetToTblRFQViaIntRFQID_ins_valid,CHILD_INSERT_VALIDATE,SUCCESS,Success
2026-02-11T17:01:00.117837,fkTblRFQAssetToTblRFQViaIntRFQID,trg_fkTblRFQAssetToTblRFQViaIntRFQID_upd_valid,CHILD_UPDATE_VALIDATE,SUCCESS,Success
2026-02-11T17:01:00.235845,fkTblRFQAssetToTblRFQViaIntRFQID,trg_fkTblRFQAssetToTblRFQViaIntRFQID_del_parent,PARENT_DELETE_RESTRICT,SUCCESS,Success
2026-02-11T17:01:00.349047,fkTblRFQAssetToTblRFQViaIntRFQID,trg_fkTblRFQAssetToTblRFQViaIntRFQID_upd_parent,PARENT_UPDATE_RESTRICT,SUCCESS,Success
2026-02-11T17:01:00.464510,fkTblRFQLineItemToTblAssetViaIntAssetID,trg_fkTblRFQLineItemToTblAssetViaIntAssetID_ins_valid,CHILD_INSERT_VALIDATE,SUCCESS,Success
2026-02-11T17:01:00.570936,fkTblRFQLineItemToTblAssetViaIntAssetID,trg_fkTblRFQLineItemToTblAssetViaIntAssetID_upd_valid,CHILD_UPDATE_VALIDATE,SUCCESS,Success
2026-02-11T17:01:00.702887,fkTblRFQLineItemToTblAssetViaIntAssetID,trg_fkTblRFQLineItemToTblAssetViaIntAssetID_del_parent,PARENT_DELETE_CASCADE,SUCCESS,Success
2026-02-11T17:01:00.822336,fkTblRFQLineItemToTblAssetViaIntAssetID,trg_fkTblRFQLineItemToTblAssetViaIntAssetID_upd_parent,PARENT_UPDATE_RESTRICT,SUCCESS,Success
2026-02-11T17:01:00.938361,fkTblRFQLineItemToTblPurchaseOrderLineItemViaIntPurch1199844306,trg_fkTblRFQLineItemToTblPurchaseOrderLineItemViaIntPurch1199844306_ins_valid,CHILD_INSERT_VALIDATE,FAILURE,Code: 1 | Error: E0211 17:01:00.933895   70637 main.go:60] rpc error: code = Unknown desc = TabletManager.ExecuteFetchAsDba on zone1-3072903978: rpc error: code = Unknown desc = Identifier name 'trg_fkTblRFQLineItemToTblPurchaseOrderLineItemViaIntPurch1199844306_ins_valid' is too long (errno 1059) (sqlstate 42000) during query: CREATE TRIGGER `trg_fkTblRFQLineItemToTblPurchaseOrderLineItemViaIntPurch1199844306_ins_valid` BEFORE INSERT ON `tblRFQLineItem`     FOR EACH ROW     BEGIN         IF (SELECT COUNT(*) FROM `tblPurchaseOrderLineItem` WHERE `id` = NEW.`intPurchaseOrderLineItemID`) = 0 THEN             SIGNAL SQLSTATE '45000'              SET MESSAGE_TEXT = 'FK Violation: fkTblRFQLineItemToTblPurchaseOrderLineItemViaIntPurch1199844306 - Referenced key not found in tblPurchaseOrderLineItem';         END IF;     END
2026-02-11T17:01:01.056994,fkTblRFQLineItemToTblPurchaseOrderLineItemViaIntPurch1199844306,trg_fkTblRFQLineItemToTblPurchaseOrderLineItemViaIntPurch1199844306_upd_valid,CHILD_UPDATE_VALIDATE,FAILURE,Code: 1 | Error: E0211 17:01:01.052923   70638 main.go:60] rpc error: code = Unknown desc = TabletManager.ExecuteFetchAsDba on zone1-3072903978: rpc error: code = Unknown desc = Identifier name 'trg_fkTblRFQLineItemToTblPurchaseOrderLineItemViaIntPurch1199844306_upd_valid' is too long (errno 1059) (sqlstate 42000) during query: CREATE TRIGGER `trg_fkTblRFQLineItemToTblPurchaseOrderLineItemViaIntPurch1199844306_upd_valid` BEFORE UPDATE ON `tblRFQLineItem`     FOR EACH ROW     BEGIN         IF NOT (NEW.`intPurchaseOrderLineItemID` <=> OLD.`intPurchaseOrderLineItemID`) THEN             IF (SELECT COUNT(*) FROM `tblPurchaseOrderLineItem` WHERE `id` = NEW.`intPurchaseOrderLineItemID`) = 0 THEN                 SIGNAL SQLSTATE '45000'                  SET MESSAGE_TEXT = 'FK Violation: fkTblRFQLineItemToTblPurchaseOrderLineItemViaIntPurch1199844306 - Referenced key not found in tblPurchaseOrderLineItem';             END IF;         END IF;     END
2026-02-11T17:01:01.164747,fkTblRFQLineItemToTblPurchaseOrderLineItemViaIntPurch1199844306,trg_fkTblRFQLineItemToTblPurchaseOrderLineItemViaIntPurch1199844306_del_parent,PARENT_DELETE_RESTRICT,FAILURE,"Code: 1 | Error: E0211 17:01:01.161101   70639 main.go:60] rpc error: code = Unknown desc = TabletManager.ExecuteFetchAsDba on zone1-3072903978: rpc error: code = Unknown desc = Identifier name 'trg_fkTblRFQLineItemToTblPurchaseOrderLineItemViaIntPurch1199844306_del_parent' is too long (errno 1059) (sqlstate 42000) during query: CREATE TRIGGER `trg_fkTblRFQLineItemToTblPurchaseOrderLineItemViaIntPurch1199844306_del_parent` BEFORE DELETE ON `tblPurchaseOrderLineItem`         FOR EACH ROW         BEGIN             IF (SELECT COUNT(*) FROM `tblRFQLineItem` WHERE `intPurchaseOrderLineItemID` = OLD.`id`) > 0 THEN                 SIGNAL SQLSTATE '45000'                  SET MESSAGE_TEXT = 'FK Violation: fkTblRFQLineItemToTblPurchaseOrderLineItemViaIntPurch1199844306 - Cannot delete, children exist in tblRFQLineItem';             END IF;         END"
2026-02-11T17:01:01.272194,fkTblRFQLineItemToTblPurchaseOrderLineItemViaIntPurch1199844306,trg_fkTblRFQLineItemToTblPurchaseOrderLineItemViaIntPurch1199844306_upd_parent,PARENT_UPDATE_RESTRICT,FAILURE,"Code: 1 | Error: E0211 17:01:01.268929   70640 main.go:60] rpc error: code = Unknown desc = TabletManager.ExecuteFetchAsDba on zone1-3072903978: rpc error: code = Unknown desc = Identifier name 'trg_fkTblRFQLineItemToTblPurchaseOrderLineItemViaIntPurch1199844306_upd_parent' is too long (errno 1059) (sqlstate 42000) during query: CREATE TRIGGER `trg_fkTblRFQLineItemToTblPurchaseOrderLineItemViaIntPurch1199844306_upd_parent` BEFORE UPDATE ON `tblPurchaseOrderLineItem`     FOR EACH ROW     BEGIN         IF NOT (NEW.`id` <=> OLD.`id`) THEN             IF (SELECT COUNT(*) FROM `tblRFQLineItem` WHERE `intPurchaseOrderLineItemID` = OLD.`id`) > 0 THEN                  SIGNAL SQLSTATE '45000'                   SET MESSAGE_TEXT = 'FK Violation: fkTblRFQLineItemToTblPurchaseOrderLineItemViaIntPurch1199844306 - Cannot update key, children exist in tblRFQLineItem';             END IF;         END IF;     END"
2026-02-11T17:01:01.381206,fkTblRFQLineItemToTblRFQLineItemViaIntParentRFQLineItemID,trg_fkTblRFQLineItemToTblRFQLineItemViaIntParentRFQLineItemID_ins_valid,CHILD_INSERT_VALIDATE,FAILURE,Code: 1 | Error: E0211 17:01:01.377618   70641 main.go:60] rpc error: code = Unknown desc = TabletManager.ExecuteFetchAsDba on zone1-3072903978: rpc error: code = Unknown desc = Identifier name 'trg_fkTblRFQLineItemToTblRFQLineItemViaIntParentRFQLineItemID_ins_valid' is too long (errno 1059) (sqlstate 42000) during query: CREATE TRIGGER `trg_fkTblRFQLineItemToTblRFQLineItemViaIntParentRFQLineItemID_ins_valid` BEFORE INSERT ON `tblRFQLineItem`     FOR EACH ROW     BEGIN         IF (SELECT COUNT(*) FROM `tblRFQLineItem` WHERE `id` = NEW.`intParentRFQLineItemID`) = 0 THEN             SIGNAL SQLSTATE '45000'              SET MESSAGE_TEXT = 'FK Violation: fkTblRFQLineItemToTblRFQLineItemViaIntParentRFQLineItemID - Referenced key not found in tblRFQLineItem';         END IF;     END
2026-02-11T17:01:01.492655,fkTblRFQLineItemToTblRFQLineItemViaIntParentRFQLineItemID,trg_fkTblRFQLineItemToTblRFQLineItemViaIntParentRFQLineItemID_upd_valid,CHILD_UPDATE_VALIDATE,FAILURE,Code: 1 | Error: E0211 17:01:01.489557   70642 main.go:60] rpc error: code = Unknown desc = TabletManager.ExecuteFetchAsDba on zone1-3072903978: rpc error: code = Unknown desc = Identifier name 'trg_fkTblRFQLineItemToTblRFQLineItemViaIntParentRFQLineItemID_upd_valid' is too long (errno 1059) (sqlstate 42000) during query: CREATE TRIGGER `trg_fkTblRFQLineItemToTblRFQLineItemViaIntParentRFQLineItemID_upd_valid` BEFORE UPDATE ON `tblRFQLineItem`     FOR EACH ROW     BEGIN         IF NOT (NEW.`intParentRFQLineItemID` <=> OLD.`intParentRFQLineItemID`) THEN             IF (SELECT COUNT(*) FROM `tblRFQLineItem` WHERE `id` = NEW.`intParentRFQLineItemID`) = 0 THEN                 SIGNAL SQLSTATE '45000'                  SET MESSAGE_TEXT = 'FK Violation: fkTblRFQLineItemToTblRFQLineItemViaIntParentRFQLineItemID - Referenced key not found in tblRFQLineItem';             END IF;         END IF;     END
2026-02-11T17:01:01.609051,fkTblRFQLineItemToTblRFQLineItemViaIntParentRFQLineItemID,trg_fkTblRFQLineItemToTblRFQLineItemViaIntParentRFQLineItemID_del_parent,PARENT_DELETE_RESTRICT,FAILURE,"Code: 1 | Error: E0211 17:01:01.605893   70643 main.go:60] rpc error: code = Unknown desc = TabletManager.ExecuteFetchAsDba on zone1-3072903978: rpc error: code = Unknown desc = Identifier name 'trg_fkTblRFQLineItemToTblRFQLineItemViaIntParentRFQLineItemID_del_parent' is too long (errno 1059) (sqlstate 42000) during query: CREATE TRIGGER `trg_fkTblRFQLineItemToTblRFQLineItemViaIntParentRFQLineItemID_del_parent` BEFORE DELETE ON `tblRFQLineItem`         FOR EACH ROW         BEGIN             IF (SELECT COUNT(*) FROM `tblRFQLineItem` WHERE `intParentRFQLineItemID` = OLD.`id`) > 0 THEN                 SIGNAL SQLSTATE '45000'                  SET MESSAGE_TEXT = 'FK Violation: fkTblRFQLineItemToTblRFQLineItemViaIntParentRFQLineItemID - Cannot delete, children exist in tblRFQLineItem';             END IF;         END"
2026-02-11T17:01:01.726228,fkTblRFQLineItemToTblRFQLineItemViaIntParentRFQLineItemID,trg_fkTblRFQLineItemToTblRFQLineItemViaIntParentRFQLineItemID_upd_parent,PARENT_UPDATE_RESTRICT,FAILURE,"Code: 1 | Error: E0211 17:01:01.722387   70644 main.go:60] rpc error: code = Unknown desc = TabletManager.ExecuteFetchAsDba on zone1-3072903978: rpc error: code = Unknown desc = Identifier name 'trg_fkTblRFQLineItemToTblRFQLineItemViaIntParentRFQLineItemID_upd_parent' is too long (errno 1059) (sqlstate 42000) during query: CREATE TRIGGER `trg_fkTblRFQLineItemToTblRFQLineItemViaIntParentRFQLineItemID_upd_parent` BEFORE UPDATE ON `tblRFQLineItem`     FOR EACH ROW     BEGIN         IF NOT (NEW.`id` <=> OLD.`id`) THEN             IF (SELECT COUNT(*) FROM `tblRFQLineItem` WHERE `intParentRFQLineItemID` = OLD.`id`) > 0 THEN                  SIGNAL SQLSTATE '45000'                   SET MESSAGE_TEXT = 'FK Violation: fkTblRFQLineItemToTblRFQLineItemViaIntParentRFQLineItemID - Cannot update key, children exist in tblRFQLineItem';             END IF;         END IF;     END"
2026-02-11T17:01:01.889508,fkTblRFQLineItemToTblRFQViaIntRFQID,trg_fkTblRFQLineItemToTblRFQViaIntRFQID_ins_valid,CHILD_INSERT_VALIDATE,SUCCESS,Success
2026-02-11T17:01:02.010884,fkTblRFQLineItemToTblRFQViaIntRFQID,trg_fkTblRFQLineItemToTblRFQViaIntRFQID_upd_valid,CHILD_UPDATE_VALIDATE,SUCCESS,Success
2026-02-11T17:01:02.132146,fkTblRFQLineItemToTblRFQViaIntRFQID,trg_fkTblRFQLineItemToTblRFQViaIntRFQID_del_parent,PARENT_DELETE_CASCADE,SUCCESS,Success
2026-02-11T17:01:02.250893,fkTblRFQLineItemToTblRFQViaIntRFQID,trg_fkTblRFQLineItemToTblRFQViaIntRFQID_upd_parent,PARENT_UPDATE_RESTRICT,SUCCESS,Success
2026-02-11T17:01:02.363970,fkTblRFQQueueToTblAssetViaIntAssetID,trg_fkTblRFQQueueToTblAssetViaIntAssetID_ins_valid,CHILD_INSERT_VALIDATE,SUCCESS,Success
2026-02-11T17:01:02.475842,fkTblRFQQueueToTblAssetViaIntAssetID,trg_fkTblRFQQueueToTblAssetViaIntAssetID_upd_valid,CHILD_UPDATE_VALIDATE,SUCCESS,Success
2026-02-11T17:01:02.591766,fkTblRFQQueueToTblAssetViaIntAssetID,trg_fkTblRFQQueueToTblAssetViaIntAssetID_del_parent,PARENT_DELETE_CASCADE,SUCCESS,Success
2026-02-11T17:01:02.715816,fkTblRFQQueueToTblAssetViaIntAssetID,trg_fkTblRFQQueueToTblAssetViaIntAssetID_upd_parent,PARENT_UPDATE_RESTRICT,SUCCESS,Success
2026-02-11T17:01:02.830151,fkTblRFQStatusTransitionToTblRFQStatusViaIntFromStatusID,trg_fkTblRFQStatusTransitionToTblRFQStatusViaIntFromStatusID_ins_valid,CHILD_INSERT_VALIDATE,FAILURE,Code: 1 | Error: E0211 17:01:02.826177   70654 main.go:60] rpc error: code = Unknown desc = TabletManager.ExecuteFetchAsDba on zone1-3072903978: rpc error: code = Unknown desc = Identifier name 'trg_fkTblRFQStatusTransitionToTblRFQStatusViaIntFromStatusID_ins_valid' is too long (errno 1059) (sqlstate 42000) during query: CREATE TRIGGER `trg_fkTblRFQStatusTransitionToTblRFQStatusViaIntFromStatusID_ins_valid` BEFORE INSERT ON `tblRFQStatusTransition`     FOR EACH ROW     BEGIN         IF (SELECT COUNT(*) FROM `tblRFQStatus` WHERE `id` = NEW.`intFromStatusID`) = 0 THEN             SIGNAL SQLSTATE '45000'              SET MESSAGE_TEXT = 'FK Violation: fkTblRFQStatusTransitionToTblRFQStatusViaIntFromStatusID - Referenced key not found in tblRFQStatus';         END IF;     END
2026-02-11T17:01:02.942587,fkTblRFQStatusTransitionToTblRFQStatusViaIntFromStatusID,trg_fkTblRFQStatusTransitionToTblRFQStatusViaIntFromStatusID_upd_valid,CHILD_UPDATE_VALIDATE,FAILURE,Code: 1 | Error: E0211 17:01:02.938756   70655 main.go:60] rpc error: code = Unknown desc = TabletManager.ExecuteFetchAsDba on zone1-3072903978: rpc error: code = Unknown desc = Identifier name 'trg_fkTblRFQStatusTransitionToTblRFQStatusViaIntFromStatusID_upd_valid' is too long (errno 1059) (sqlstate 42000) during query: CREATE TRIGGER `trg_fkTblRFQStatusTransitionToTblRFQStatusViaIntFromStatusID_upd_valid` BEFORE UPDATE ON `tblRFQStatusTransition`     FOR EACH ROW     BEGIN         IF NOT (NEW.`intFromStatusID` <=> OLD.`intFromStatusID`) THEN             IF (SELECT COUNT(*) FROM `tblRFQStatus` WHERE `id` = NEW.`intFromStatusID`) = 0 THEN                 SIGNAL SQLSTATE '45000'                  SET MESSAGE_TEXT = 'FK Violation: fkTblRFQStatusTransitionToTblRFQStatusViaIntFromStatusID - Referenced key not found in tblRFQStatus';             END IF;         END IF;     END
2026-02-11T17:01:03.094265,fkTblRFQStatusTransitionToTblRFQStatusViaIntFromStatusID,trg_fkTblRFQStatusTransitionToTblRFQStatusViaIntFromStatusID_del_parent,PARENT_DELETE_RESTRICT,FAILURE,"Code: 1 | Error: E0211 17:01:03.089738   70656 main.go:60] rpc error: code = Unknown desc = TabletManager.ExecuteFetchAsDba on zone1-3072903978: rpc error: code = Unknown desc = Identifier name 'trg_fkTblRFQStatusTransitionToTblRFQStatusViaIntFromStatusID_del_parent' is too long (errno 1059) (sqlstate 42000) during query: CREATE TRIGGER `trg_fkTblRFQStatusTransitionToTblRFQStatusViaIntFromStatusID_del_parent` BEFORE DELETE ON `tblRFQStatus`         FOR EACH ROW         BEGIN             IF (SELECT COUNT(*) FROM `tblRFQStatusTransition` WHERE `intFromStatusID` = OLD.`id`) > 0 THEN                 SIGNAL SQLSTATE '45000'                  SET MESSAGE_TEXT = 'FK Violation: fkTblRFQStatusTransitionToTblRFQStatusViaIntFromStatusID - Cannot delete, children exist in tblRFQStatusTransition';             END IF;         END"
2026-02-11T17:01:03.211768,fkTblRFQStatusTransitionToTblRFQStatusViaIntFromStatusID,trg_fkTblRFQStatusTransitionToTblRFQStatusViaIntFromStatusID_upd_parent,PARENT_UPDATE_RESTRICT,FAILURE,"Code: 1 | Error: E0211 17:01:03.208471   70657 main.go:60] rpc error: code = Unknown desc = TabletManager.ExecuteFetchAsDba on zone1-3072903978: rpc error: code = Unknown desc = Identifier name 'trg_fkTblRFQStatusTransitionToTblRFQStatusViaIntFromStatusID_upd_parent' is too long (errno 1059) (sqlstate 42000) during query: CREATE TRIGGER `trg_fkTblRFQStatusTransitionToTblRFQStatusViaIntFromStatusID_upd_parent` BEFORE UPDATE ON `tblRFQStatus`     FOR EACH ROW     BEGIN         IF NOT (NEW.`id` <=> OLD.`id`) THEN             IF (SELECT COUNT(*) FROM `tblRFQStatusTransition` WHERE `intFromStatusID` = OLD.`id`) > 0 THEN                  SIGNAL SQLSTATE '45000'                   SET MESSAGE_TEXT = 'FK Violation: fkTblRFQStatusTransitionToTblRFQStatusViaIntFromStatusID - Cannot update key, children exist in tblRFQStatusTransition';             END IF;         END IF;     END"
2026-02-11T17:01:03.323066,fkTblRFQStatusTransitionToTblRFQStatusViaIntToStatusID,trg_fkTblRFQStatusTransitionToTblRFQStatusViaIntToStatusID_ins_valid,CHILD_INSERT_VALIDATE,FAILURE,Code: 1 | Error: E0211 17:01:03.318671   70658 main.go:60] rpc error: code = Unknown desc = TabletManager.ExecuteFetchAsDba on zone1-3072903978: rpc error: code = Unknown desc = Identifier name 'trg_fkTblRFQStatusTransitionToTblRFQStatusViaIntToStatusID_ins_valid' is too long (errno 1059) (sqlstate 42000) during query: CREATE TRIGGER `trg_fkTblRFQStatusTransitionToTblRFQStatusViaIntToStatusID_ins_valid` BEFORE INSERT ON `tblRFQStatusTransition`     FOR EACH ROW     BEGIN         IF (SELECT COUNT(*) FROM `tblRFQStatus` WHERE `id` = NEW.`intToStatusID`) = 0 THEN             SIGNAL SQLSTATE '45000'              SET MESSAGE_TEXT = 'FK Violation: fkTblRFQStatusTransitionToTblRFQStatusViaIntToStatusID - Referenced key not found in tblRFQStatus';         END IF;     END
2026-02-11T17:01:03.433740,fkTblRFQStatusTransitionToTblRFQStatusViaIntToStatusID,trg_fkTblRFQStatusTransitionToTblRFQStatusViaIntToStatusID_upd_valid,CHILD_UPDATE_VALIDATE,FAILURE,Code: 1 | Error: E0211 17:01:03.430284   70659 main.go:60] rpc error: code = Unknown desc = TabletManager.ExecuteFetchAsDba on zone1-3072903978: rpc error: code = Unknown desc = Identifier name 'trg_fkTblRFQStatusTransitionToTblRFQStatusViaIntToStatusID_upd_valid' is too long (errno 1059) (sqlstate 42000) during query: CREATE TRIGGER `trg_fkTblRFQStatusTransitionToTblRFQStatusViaIntToStatusID_upd_valid` BEFORE UPDATE ON `tblRFQStatusTransition`     FOR EACH ROW     BEGIN         IF NOT (NEW.`intToStatusID` <=> OLD.`intToStatusID`) THEN             IF (SELECT COUNT(*) FROM `tblRFQStatus` WHERE `id` = NEW.`intToStatusID`) = 0 THEN                 SIGNAL SQLSTATE '45000'                  SET MESSAGE_TEXT = 'FK Violation: fkTblRFQStatusTransitionToTblRFQStatusViaIntToStatusID - Referenced key not found in tblRFQStatus';             END IF;         END IF;     END
2026-02-11T17:01:03.593128,fkTblRFQStatusTransitionToTblRFQStatusViaIntToStatusID,trg_fkTblRFQStatusTransitionToTblRFQStatusViaIntToStatusID_del_parent,PARENT_DELETE_RESTRICT,FAILURE,"Code: 1 | Error: E0211 17:01:03.588897   70660 main.go:60] rpc error: code = Unknown desc = TabletManager.ExecuteFetchAsDba on zone1-3072903978: rpc error: code = Unknown desc = Identifier name 'trg_fkTblRFQStatusTransitionToTblRFQStatusViaIntToStatusID_del_parent' is too long (errno 1059) (sqlstate 42000) during query: CREATE TRIGGER `trg_fkTblRFQStatusTransitionToTblRFQStatusViaIntToStatusID_del_parent` BEFORE DELETE ON `tblRFQStatus`         FOR EACH ROW         BEGIN             IF (SELECT COUNT(*) FROM `tblRFQStatusTransition` WHERE `intToStatusID` = OLD.`id`) > 0 THEN                 SIGNAL SQLSTATE '45000'                  SET MESSAGE_TEXT = 'FK Violation: fkTblRFQStatusTransitionToTblRFQStatusViaIntToStatusID - Cannot delete, children exist in tblRFQStatusTransition';             END IF;         END"
2026-02-11T17:01:03.707106,fkTblRFQStatusTransitionToTblRFQStatusViaIntToStatusID,trg_fkTblRFQStatusTransitionToTblRFQStatusViaIntToStatusID_upd_parent,PARENT_UPDATE_RESTRICT,FAILURE,"Code: 1 | Error: E0211 17:01:03.703643   70664 main.go:60] rpc error: code = Unknown desc = TabletManager.ExecuteFetchAsDba on zone1-3072903978: rpc error: code = Unknown desc = Identifier name 'trg_fkTblRFQStatusTransitionToTblRFQStatusViaIntToStatusID_upd_parent' is too long (errno 1059) (sqlstate 42000) during query: CREATE TRIGGER `trg_fkTblRFQStatusTransitionToTblRFQStatusViaIntToStatusID_upd_parent` BEFORE UPDATE ON `tblRFQStatus`     FOR EACH ROW     BEGIN         IF NOT (NEW.`id` <=> OLD.`id`) THEN             IF (SELECT COUNT(*) FROM `tblRFQStatusTransition` WHERE `intToStatusID` = OLD.`id`) > 0 THEN                  SIGNAL SQLSTATE '45000'                   SET MESSAGE_TEXT = 'FK Violation: fkTblRFQStatusTransitionToTblRFQStatusViaIntToStatusID - Cannot update key, children exist in tblRFQStatusTransition';             END IF;         END IF;     END"
2026-02-11T17:01:03.819722,fkTblRolePermissionToTblRoleViaIntRoleID,trg_fkTblRolePermissionToTblRoleViaIntRoleID_ins_valid,CHILD_INSERT_VALIDATE,SUCCESS,Success
2026-02-11T17:01:03.973600,fkTblRolePermissionToTblRoleViaIntRoleID,trg_fkTblRolePermissionToTblRoleViaIntRoleID_upd_valid,CHILD_UPDATE_VALIDATE,SUCCESS,Success
2026-02-11T17:01:04.093415,fkTblRolePermissionToTblRoleViaIntRoleID,trg_fkTblRolePermissionToTblRoleViaIntRoleID_del_parent,PARENT_DELETE_RESTRICT,SUCCESS,Success
2026-02-11T17:01:04.201265,fkTblRolePermissionToTblRoleViaIntRoleID,trg_fkTblRolePermissionToTblRoleViaIntRoleID_upd_parent,PARENT_UPDATE_RESTRICT,SUCCESS,Success
2026-02-11T17:01:04.355713,fkTblSalesAccountTrackingToTblSalesAccountTrackingVia1405709447,trg_fkTblSalesAccountTrackingToTblSalesAccountTrackingVia1405709447_ins_valid,CHILD_INSERT_VALIDATE,FAILURE,Code: 1 | Error: E0211 17:01:04.350598   70801 main.go:60] rpc error: code = Unknown desc = TabletManager.ExecuteFetchAsDba on zone1-3072903978: rpc error: code = Unknown desc = Identifier name 'trg_fkTblSalesAccountTrackingToTblSalesAccountTrackingVia1405709447_ins_valid' is too long (errno 1059) (sqlstate 42000) during query: CREATE TRIGGER `trg_fkTblSalesAccountTrackingToTblSalesAccountTrackingVia1405709447_ins_valid` BEFORE INSERT ON `tblSalesAccountTracking`     FOR EACH ROW     BEGIN         IF (SELECT COUNT(*) FROM `tblSalesAccountTracking` WHERE `id` = NEW.`intPredecessorID`) = 0 THEN             SIGNAL SQLSTATE '45000'              SET MESSAGE_TEXT = 'FK Violation: fkTblSalesAccountTrackingToTblSalesAccountTrackingVia1405709447 - Referenced key not found in tblSalesAccountTracking';         END IF;     END
2026-02-11T17:01:04.468447,fkTblSalesAccountTrackingToTblSalesAccountTrackingVia1405709447,trg_fkTblSalesAccountTrackingToTblSalesAccountTrackingVia1405709447_upd_valid,CHILD_UPDATE_VALIDATE,FAILURE,Code: 1 | Error: E0211 17:01:04.464860   70811 main.go:60] rpc error: code = Unknown desc = TabletManager.ExecuteFetchAsDba on zone1-3072903978: rpc error: code = Unknown desc = Identifier name 'trg_fkTblSalesAccountTrackingToTblSalesAccountTrackingVia1405709447_upd_valid' is too long (errno 1059) (sqlstate 42000) during query: CREATE TRIGGER `trg_fkTblSalesAccountTrackingToTblSalesAccountTrackingVia1405709447_upd_valid` BEFORE UPDATE ON `tblSalesAccountTracking`     FOR EACH ROW     BEGIN         IF NOT (NEW.`intPredecessorID` <=> OLD.`intPredecessorID`) THEN             IF (SELECT COUNT(*) FROM `tblSalesAccountTracking` WHERE `id` = NEW.`intPredecessorID`) = 0 THEN                 SIGNAL SQLSTATE '45000'                  SET MESSAGE_TEXT = 'FK Violation: fkTblSalesAccountTrackingToTblSalesAccountTrackingVia1405709447 - Referenced key not found in tblSalesAccountTracking';             END IF;         END IF;     END
2026-02-11T17:01:04.582296,fkTblSalesAccountTrackingToTblSalesAccountTrackingVia1405709447,trg_fkTblSalesAccountTrackingToTblSalesAccountTrackingVia1405709447_del_parent,PARENT_DELETE_RESTRICT,FAILURE,"Code: 1 | Error: E0211 17:01:04.578231   70820 main.go:60] rpc error: code = Unknown desc = TabletManager.ExecuteFetchAsDba on zone1-3072903978: rpc error: code = Unknown desc = Identifier name 'trg_fkTblSalesAccountTrackingToTblSalesAccountTrackingVia1405709447_del_parent' is too long (errno 1059) (sqlstate 42000) during query: CREATE TRIGGER `trg_fkTblSalesAccountTrackingToTblSalesAccountTrackingVia1405709447_del_parent` BEFORE DELETE ON `tblSalesAccountTracking`         FOR EACH ROW         BEGIN             IF (SELECT COUNT(*) FROM `tblSalesAccountTracking` WHERE `intPredecessorID` = OLD.`id`) > 0 THEN                 SIGNAL SQLSTATE '45000'                  SET MESSAGE_TEXT = 'FK Violation: fkTblSalesAccountTrackingToTblSalesAccountTrackingVia1405709447 - Cannot delete, children exist in tblSalesAccountTracking';             END IF;         END"
2026-02-11T17:01:04.700753,fkTblSalesAccountTrackingToTblSalesAccountTrackingVia1405709447,trg_fkTblSalesAccountTrackingToTblSalesAccountTrackingVia1405709447_upd_parent,PARENT_UPDATE_RESTRICT,FAILURE,"Code: 1 | Error: E0211 17:01:04.695762   70822 main.go:60] rpc error: code = Unknown desc = TabletManager.ExecuteFetchAsDba on zone1-3072903978: rpc error: code = Unknown desc = Identifier name 'trg_fkTblSalesAccountTrackingToTblSalesAccountTrackingVia1405709447_upd_parent' is too long (errno 1059) (sqlstate 42000) during query: CREATE TRIGGER `trg_fkTblSalesAccountTrackingToTblSalesAccountTrackingVia1405709447_upd_parent` BEFORE UPDATE ON `tblSalesAccountTracking`     FOR EACH ROW     BEGIN         IF NOT (NEW.`id` <=> OLD.`id`) THEN             IF (SELECT COUNT(*) FROM `tblSalesAccountTracking` WHERE `intPredecessorID` = OLD.`id`) > 0 THEN                  SIGNAL SQLSTATE '45000'                   SET MESSAGE_TEXT = 'FK Violation: fkTblSalesAccountTrackingToTblSalesAccountTrackingVia1405709447 - Cannot update key, children exist in tblSalesAccountTracking';             END IF;         END IF;     END"
2026-02-11T17:01:04.813882,fkTblSalesAccountTrackingToTblUserViaIntUserID,trg_fkTblSalesAccountTrackingToTblUserViaIntUserID_ins_valid,CHILD_INSERT_VALIDATE,SUCCESS,Success
2026-02-11T17:01:04.924083,fkTblSalesAccountTrackingToTblUserViaIntUserID,trg_fkTblSalesAccountTrackingToTblUserViaIntUserID_upd_valid,CHILD_UPDATE_VALIDATE,SUCCESS,Success
2026-02-11T17:01:05.045467,fkTblSalesAccountTrackingToTblUserViaIntUserID,trg_fkTblSalesAccountTrackingToTblUserViaIntUserID_del_parent,PARENT_DELETE_RESTRICT,SUCCESS,Success
2026-02-11T17:01:05.168259,fkTblSalesAccountTrackingToTblUserViaIntUserID,trg_fkTblSalesAccountTrackingToTblUserViaIntUserID_upd_parent,PARENT_UPDATE_RESTRICT,SUCCESS,Success
2026-02-11T17:01:05.278906,fkTblScheduledMaintenanceToTblAccountViaIntAccountID,trg_fkTblScheduledMaintenanceToTblAccountViaIntAccountID_ins_valid,CHILD_INSERT_VALIDATE,FAILURE,Code: 1 | Error: E0211 17:01:05.275318   70849 main.go:60] rpc error: code = Unknown desc = TabletManager.ExecuteFetchAsDba on zone1-3072903978: rpc error: code = Unknown desc = Identifier name 'trg_fkTblScheduledMaintenanceToTblAccountViaIntAccountID_ins_valid' is too long (errno 1059) (sqlstate 42000) during query: CREATE TRIGGER `trg_fkTblScheduledMaintenanceToTblAccountViaIntAccountID_ins_valid` BEFORE INSERT ON `tblScheduledMaintenance`     FOR EACH ROW     BEGIN         IF (SELECT COUNT(*) FROM `tblAccount` WHERE `id` = NEW.`intAccountID`) = 0 THEN             SIGNAL SQLSTATE '45000'              SET MESSAGE_TEXT = 'FK Violation: fkTblScheduledMaintenanceToTblAccountViaIntAccountID - Referenced key not found in tblAccount';         END IF;     END
2026-02-11T17:01:05.433290,fkTblScheduledMaintenanceToTblAccountViaIntAccountID,trg_fkTblScheduledMaintenanceToTblAccountViaIntAccountID_upd_valid,CHILD_UPDATE_VALIDATE,FAILURE,Code: 1 | Error: E0211 17:01:05.429441   70850 main.go:60] rpc error: code = Unknown desc = TabletManager.ExecuteFetchAsDba on zone1-3072903978: rpc error: code = Unknown desc = Identifier name 'trg_fkTblScheduledMaintenanceToTblAccountViaIntAccountID_upd_valid' is too long (errno 1059) (sqlstate 42000) during query: CREATE TRIGGER `trg_fkTblScheduledMaintenanceToTblAccountViaIntAccountID_upd_valid` BEFORE UPDATE ON `tblScheduledMaintenance`     FOR EACH ROW     BEGIN         IF NOT (NEW.`intAccountID` <=> OLD.`intAccountID`) THEN             IF (SELECT COUNT(*) FROM `tblAccount` WHERE `id` = NEW.`intAccountID`) = 0 THEN                 SIGNAL SQLSTATE '45000'                  SET MESSAGE_TEXT = 'FK Violation: fkTblScheduledMaintenanceToTblAccountViaIntAccountID - Referenced key not found in tblAccount';             END IF;         END IF;     END
2026-02-11T17:01:05.549864,fkTblScheduledMaintenanceToTblAccountViaIntAccountID,trg_fkTblScheduledMaintenanceToTblAccountViaIntAccountID_del_parent,PARENT_DELETE_RESTRICT,FAILURE,"Code: 1 | Error: E0211 17:01:05.546871   70852 main.go:60] rpc error: code = Unknown desc = TabletManager.ExecuteFetchAsDba on zone1-3072903978: rpc error: code = Unknown desc = Identifier name 'trg_fkTblScheduledMaintenanceToTblAccountViaIntAccountID_del_parent' is too long (errno 1059) (sqlstate 42000) during query: CREATE TRIGGER `trg_fkTblScheduledMaintenanceToTblAccountViaIntAccountID_del_parent` BEFORE DELETE ON `tblAccount`         FOR EACH ROW         BEGIN             IF (SELECT COUNT(*) FROM `tblScheduledMaintenance` WHERE `intAccountID` = OLD.`id`) > 0 THEN                 SIGNAL SQLSTATE '45000'                  SET MESSAGE_TEXT = 'FK Violation: fkTblScheduledMaintenanceToTblAccountViaIntAccountID - Cannot delete, children exist in tblScheduledMaintenance';             END IF;         END"
2026-02-11T17:01:05.656866,fkTblScheduledMaintenanceToTblAccountViaIntAccountID,trg_fkTblScheduledMaintenanceToTblAccountViaIntAccountID_upd_parent,PARENT_UPDATE_RESTRICT,FAILURE,"Code: 1 | Error: E0211 17:01:05.653601   70854 main.go:60] rpc error: code = Unknown desc = TabletManager.ExecuteFetchAsDba on zone1-3072903978: rpc error: code = Unknown desc = Identifier name 'trg_fkTblScheduledMaintenanceToTblAccountViaIntAccountID_upd_parent' is too long (errno 1059) (sqlstate 42000) during query: CREATE TRIGGER `trg_fkTblScheduledMaintenanceToTblAccountViaIntAccountID_upd_parent` BEFORE UPDATE ON `tblAccount`     FOR EACH ROW     BEGIN         IF NOT (NEW.`id` <=> OLD.`id`) THEN             IF (SELECT COUNT(*) FROM `tblScheduledMaintenance` WHERE `intAccountID` = OLD.`id`) > 0 THEN                  SIGNAL SQLSTATE '45000'                   SET MESSAGE_TEXT = 'FK Violation: fkTblScheduledMaintenanceToTblAccountViaIntAccountID - Cannot update key, children exist in tblScheduledMaintenance';             END IF;         END IF;     END"
2026-02-11T17:01:05.809140,fkTblScheduledMaintenanceToTblChargeDepartmentViaIntC1436194572,trg_fkTblScheduledMaintenanceToTblChargeDepartmentViaIntC1436194572_ins_valid,CHILD_INSERT_VALIDATE,FAILURE,Code: 1 | Error: E0211 17:01:05.805184   70856 main.go:60] rpc error: code = Unknown desc = TabletManager.ExecuteFetchAsDba on zone1-3072903978: rpc error: code = Unknown desc = Identifier name 'trg_fkTblScheduledMaintenanceToTblChargeDepartmentViaIntC1436194572_ins_valid' is too long (errno 1059) (sqlstate 42000) during query: CREATE TRIGGER `trg_fkTblScheduledMaintenanceToTblChargeDepartmentViaIntC1436194572_ins_valid` BEFORE INSERT ON `tblScheduledMaintenance`     FOR EACH ROW     BEGIN         IF (SELECT COUNT(*) FROM `tblChargeDepartment` WHERE `id` = NEW.`intChargeDepartmentID`) = 0 THEN             SIGNAL SQLSTATE '45000'              SET MESSAGE_TEXT = 'FK Violation: fkTblScheduledMaintenanceToTblChargeDepartmentViaIntC1436194572 - Referenced key not found in tblChargeDepartment';         END IF;     END
2026-02-11T17:01:05.930696,fkTblScheduledMaintenanceToTblChargeDepartmentViaIntC1436194572,trg_fkTblScheduledMaintenanceToTblChargeDepartmentViaIntC1436194572_upd_valid,CHILD_UPDATE_VALIDATE,FAILURE,Code: 1 | Error: E0211 17:01:05.927771   70858 main.go:60] rpc error: code = Unknown desc = TabletManager.ExecuteFetchAsDba on zone1-3072903978: rpc error: code = Unknown desc = Identifier name 'trg_fkTblScheduledMaintenanceToTblChargeDepartmentViaIntC1436194572_upd_valid' is too long (errno 1059) (sqlstate 42000) during query: CREATE TRIGGER `trg_fkTblScheduledMaintenanceToTblChargeDepartmentViaIntC1436194572_upd_valid` BEFORE UPDATE ON `tblScheduledMaintenance`     FOR EACH ROW     BEGIN         IF NOT (NEW.`intChargeDepartmentID` <=> OLD.`intChargeDepartmentID`) THEN             IF (SELECT COUNT(*) FROM `tblChargeDepartment` WHERE `id` = NEW.`intChargeDepartmentID`) = 0 THEN                 SIGNAL SQLSTATE '45000'                  SET MESSAGE_TEXT = 'FK Violation: fkTblScheduledMaintenanceToTblChargeDepartmentViaIntC1436194572 - Referenced key not found in tblChargeDepartment';             END IF;         END IF;     END
2026-02-11T17:01:06.039614,fkTblScheduledMaintenanceToTblChargeDepartmentViaIntC1436194572,trg_fkTblScheduledMaintenanceToTblChargeDepartmentViaIntC1436194572_del_parent,PARENT_DELETE_RESTRICT,FAILURE,"Code: 1 | Error: E0211 17:01:06.035358   70860 main.go:60] rpc error: code = Unknown desc = TabletManager.ExecuteFetchAsDba on zone1-3072903978: rpc error: code = Unknown desc = Identifier name 'trg_fkTblScheduledMaintenanceToTblChargeDepartmentViaIntC1436194572_del_parent' is too long (errno 1059) (sqlstate 42000) during query: CREATE TRIGGER `trg_fkTblScheduledMaintenanceToTblChargeDepartmentViaIntC1436194572_del_parent` BEFORE DELETE ON `tblChargeDepartment`         FOR EACH ROW         BEGIN             IF (SELECT COUNT(*) FROM `tblScheduledMaintenance` WHERE `intChargeDepartmentID` = OLD.`id`) > 0 THEN                 SIGNAL SQLSTATE '45000'                  SET MESSAGE_TEXT = 'FK Violation: fkTblScheduledMaintenanceToTblChargeDepartmentViaIntC1436194572 - Cannot delete, children exist in tblScheduledMaintenance';             END IF;         END"
2026-02-11T17:01:06.164371,fkTblScheduledMaintenanceToTblChargeDepartmentViaIntC1436194572,trg_fkTblScheduledMaintenanceToTblChargeDepartmentViaIntC1436194572_upd_parent,PARENT_UPDATE_RESTRICT,FAILURE,"Code: 1 | Error: E0211 17:01:06.159070   70861 main.go:60] rpc error: code = Unknown desc = TabletManager.ExecuteFetchAsDba on zone1-3072903978: rpc error: code = Unknown desc = Identifier name 'trg_fkTblScheduledMaintenanceToTblChargeDepartmentViaIntC1436194572_upd_parent' is too long (errno 1059) (sqlstate 42000) during query: CREATE TRIGGER `trg_fkTblScheduledMaintenanceToTblChargeDepartmentViaIntC1436194572_upd_parent` BEFORE UPDATE ON `tblChargeDepartment`     FOR EACH ROW     BEGIN         IF NOT (NEW.`id` <=> OLD.`id`) THEN             IF (SELECT COUNT(*) FROM `tblScheduledMaintenance` WHERE `intChargeDepartmentID` = OLD.`id`) > 0 THEN                  SIGNAL SQLSTATE '45000'                   SET MESSAGE_TEXT = 'FK Violation: fkTblScheduledMaintenanceToTblChargeDepartmentViaIntC1436194572 - Cannot update key, children exist in tblScheduledMaintenance';             END IF;         END IF;     END"
2026-02-11T17:01:06.295077,fkTblScheduledMaintenanceToTblUserViaIntRequestorUserID,trg_fkTblScheduledMaintenanceToTblUserViaIntRequestorUserID_ins_valid,CHILD_INSERT_VALIDATE,FAILURE,Code: 1 | Error: E0211 17:01:06.290525   70863 main.go:60] rpc error: code = Unknown desc = TabletManager.ExecuteFetchAsDba on zone1-3072903978: rpc error: code = Unknown desc = Identifier name 'trg_fkTblScheduledMaintenanceToTblUserViaIntRequestorUserID_ins_valid' is too long (errno 1059) (sqlstate 42000) during query: CREATE TRIGGER `trg_fkTblScheduledMaintenanceToTblUserViaIntRequestorUserID_ins_valid` BEFORE INSERT ON `tblScheduledMaintenance`     FOR EACH ROW     BEGIN         IF (SELECT COUNT(*) FROM `tblUser` WHERE `id` = NEW.`intRequestorUserID`) = 0 THEN             SIGNAL SQLSTATE '45000'              SET MESSAGE_TEXT = 'FK Violation: fkTblScheduledMaintenanceToTblUserViaIntRequestorUserID - Referenced key not found in tblUser';         END IF;     END
2026-02-11T17:01:06.414932,fkTblScheduledMaintenanceToTblUserViaIntRequestorUserID,trg_fkTblScheduledMaintenanceToTblUserViaIntRequestorUserID_upd_valid,CHILD_UPDATE_VALIDATE,FAILURE,Code: 1 | Error: E0211 17:01:06.411455   70865 main.go:60] rpc error: code = Unknown desc = TabletManager.ExecuteFetchAsDba on zone1-3072903978: rpc error: code = Unknown desc = Identifier name 'trg_fkTblScheduledMaintenanceToTblUserViaIntRequestorUserID_upd_valid' is too long (errno 1059) (sqlstate 42000) during query: CREATE TRIGGER `trg_fkTblScheduledMaintenanceToTblUserViaIntRequestorUserID_upd_valid` BEFORE UPDATE ON `tblScheduledMaintenance`     FOR EACH ROW     BEGIN         IF NOT (NEW.`intRequestorUserID` <=> OLD.`intRequestorUserID`) THEN             IF (SELECT COUNT(*) FROM `tblUser` WHERE `id` = NEW.`intRequestorUserID`) = 0 THEN                 SIGNAL SQLSTATE '45000'                  SET MESSAGE_TEXT = 'FK Violation: fkTblScheduledMaintenanceToTblUserViaIntRequestorUserID - Referenced key not found in tblUser';             END IF;         END IF;     END
2026-02-11T17:01:06.523932,fkTblScheduledMaintenanceToTblUserViaIntRequestorUserID,trg_fkTblScheduledMaintenanceToTblUserViaIntRequestorUserID_del_parent,PARENT_DELETE_RESTRICT,FAILURE,"Code: 1 | Error: E0211 17:01:06.519869   70867 main.go:60] rpc error: code = Unknown desc = TabletManager.ExecuteFetchAsDba on zone1-3072903978: rpc error: code = Unknown desc = Identifier name 'trg_fkTblScheduledMaintenanceToTblUserViaIntRequestorUserID_del_parent' is too long (errno 1059) (sqlstate 42000) during query: CREATE TRIGGER `trg_fkTblScheduledMaintenanceToTblUserViaIntRequestorUserID_del_parent` BEFORE DELETE ON `tblUser`         FOR EACH ROW         BEGIN             IF (SELECT COUNT(*) FROM `tblScheduledMaintenance` WHERE `intRequestorUserID` = OLD.`id`) > 0 THEN                 SIGNAL SQLSTATE '45000'                  SET MESSAGE_TEXT = 'FK Violation: fkTblScheduledMaintenanceToTblUserViaIntRequestorUserID - Cannot delete, children exist in tblScheduledMaintenance';             END IF;         END"
2026-02-11T17:01:06.677425,fkTblScheduledMaintenanceToTblUserViaIntRequestorUserID,trg_fkTblScheduledMaintenanceToTblUserViaIntRequestorUserID_upd_parent,PARENT_UPDATE_RESTRICT,FAILURE,"Code: 1 | Error: E0211 17:01:06.671348   70869 main.go:60] rpc error: code = Unknown desc = TabletManager.ExecuteFetchAsDba on zone1-3072903978: rpc error: code = Unknown desc = Identifier name 'trg_fkTblScheduledMaintenanceToTblUserViaIntRequestorUserID_upd_parent' is too long (errno 1059) (sqlstate 42000) during query: CREATE TRIGGER `trg_fkTblScheduledMaintenanceToTblUserViaIntRequestorUserID_upd_parent` BEFORE UPDATE ON `tblUser`     FOR EACH ROW     BEGIN         IF NOT (NEW.`id` <=> OLD.`id`) THEN             IF (SELECT COUNT(*) FROM `tblScheduledMaintenance` WHERE `intRequestorUserID` = OLD.`id`) > 0 THEN                  SIGNAL SQLSTATE '45000'                   SET MESSAGE_TEXT = 'FK Violation: fkTblScheduledMaintenanceToTblUserViaIntRequestorUserID - Cannot update key, children exist in tblScheduledMaintenance';             END IF;         END IF;     END"
2026-02-11T17:01:06.835874,fkTblScheduledMaintenanceActivityLogToTblActivityLogVi387516583,trg_fkTblScheduledMaintenanceActivityLogToTblActivityLogVi387516583_ins_valid,CHILD_INSERT_VALIDATE,FAILURE,Code: 1 | Error: E0211 17:01:06.831703   70871 main.go:60] rpc error: code = Unknown desc = TabletManager.ExecuteFetchAsDba on zone1-3072903978: rpc error: code = Unknown desc = Identifier name 'trg_fkTblScheduledMaintenanceActivityLogToTblActivityLogVi387516583_ins_valid' is too long (errno 1059) (sqlstate 42000) during query: CREATE TRIGGER `trg_fkTblScheduledMaintenanceActivityLogToTblActivityLogVi387516583_ins_valid` BEFORE INSERT ON `tblScheduledMaintenanceActivityLog`     FOR EACH ROW     BEGIN         IF (SELECT COUNT(*) FROM `tblActivityLog` WHERE `id` = NEW.`intActivityLogID`) = 0 THEN             SIGNAL SQLSTATE '45000'              SET MESSAGE_TEXT = 'FK Violation: fkTblScheduledMaintenanceActivityLogToTblActivityLogVi387516583 - Referenced key not found in tblActivityLog';         END IF;     END
2026-02-11T17:01:06.958384,fkTblScheduledMaintenanceActivityLogToTblActivityLogVi387516583,trg_fkTblScheduledMaintenanceActivityLogToTblActivityLogVi387516583_upd_valid,CHILD_UPDATE_VALIDATE,FAILURE,Code: 1 | Error: E0211 17:01:06.954808   70873 main.go:60] rpc error: code = Unknown desc = TabletManager.ExecuteFetchAsDba on zone1-3072903978: rpc error: code = Unknown desc = Identifier name 'trg_fkTblScheduledMaintenanceActivityLogToTblActivityLogVi387516583_upd_valid' is too long (errno 1059) (sqlstate 42000) during query: CREATE TRIGGER `trg_fkTblScheduledMaintenanceActivityLogToTblActivityLogVi387516583_upd_valid` BEFORE UPDATE ON `tblScheduledMaintenanceActivityLog`     FOR EACH ROW     BEGIN         IF NOT (NEW.`intActivityLogID` <=> OLD.`intActivityLogID`) THEN             IF (SELECT COUNT(*) FROM `tblActivityLog` WHERE `id` = NEW.`intActivityLogID`) = 0 THEN                 SIGNAL SQLSTATE '45000'                  SET MESSAGE_TEXT = 'FK Violation: fkTblScheduledMaintenanceActivityLogToTblActivityLogVi387516583 - Referenced key not found in tblActivityLog';             END IF;         END IF;     END
2026-02-11T17:01:07.081469,fkTblScheduledMaintenanceActivityLogToTblActivityLogVi387516583,trg_fkTblScheduledMaintenanceActivityLogToTblActivityLogVi387516583_del_parent,PARENT_DELETE_CASCADE,FAILURE,Code: 1 | Error: E0211 17:01:07.076733   70875 main.go:60] rpc error: code = Unknown desc = TabletManager.ExecuteFetchAsDba on zone1-3072903978: rpc error: code = Unknown desc = Identifier name 'trg_fkTblScheduledMaintenanceActivityLogToTblActivityLogVi387516583_del_parent' is too long (errno 1059) (sqlstate 42000) during query: CREATE TRIGGER `trg_fkTblScheduledMaintenanceActivityLogToTblActivityLogVi387516583_del_parent` BEFORE DELETE ON `tblActivityLog`         FOR EACH ROW         BEGIN             DELETE FROM `tblScheduledMaintenanceActivityLog` WHERE `intActivityLogID` = OLD.`id`;         END
2026-02-11T17:01:07.202502,fkTblScheduledMaintenanceActivityLogToTblActivityLogVi387516583,trg_fkTblScheduledMaintenanceActivityLogToTblActivityLogVi387516583_upd_parent,PARENT_UPDATE_RESTRICT,FAILURE,"Code: 1 | Error: E0211 17:01:07.198937   70877 main.go:60] rpc error: code = Unknown desc = TabletManager.ExecuteFetchAsDba on zone1-3072903978: rpc error: code = Unknown desc = Identifier name 'trg_fkTblScheduledMaintenanceActivityLogToTblActivityLogVi387516583_upd_parent' is too long (errno 1059) (sqlstate 42000) during query: CREATE TRIGGER `trg_fkTblScheduledMaintenanceActivityLogToTblActivityLogVi387516583_upd_parent` BEFORE UPDATE ON `tblActivityLog`     FOR EACH ROW     BEGIN         IF NOT (NEW.`id` <=> OLD.`id`) THEN             IF (SELECT COUNT(*) FROM `tblScheduledMaintenanceActivityLog` WHERE `intActivityLogID` = OLD.`id`) > 0 THEN                  SIGNAL SQLSTATE '45000'                   SET MESSAGE_TEXT = 'FK Violation: fkTblScheduledMaintenanceActivityLogToTblActivityLogVi387516583 - Cannot update key, children exist in tblScheduledMaintenanceActivityLog';             END IF;         END IF;     END"
2026-02-11T17:01:07.314427,fkTblScheduledMaintenanceActivityLogToTblAssetEventVi1488379715,trg_fkTblScheduledMaintenanceActivityLogToTblAssetEventVi1488379715_ins_valid,CHILD_INSERT_VALIDATE,FAILURE,Code: 1 | Error: E0211 17:01:07.310221   70879 main.go:60] rpc error: code = Unknown desc = TabletManager.ExecuteFetchAsDba on zone1-3072903978: rpc error: code = Unknown desc = Identifier name 'trg_fkTblScheduledMaintenanceActivityLogToTblAssetEventVi1488379715_ins_valid' is too long (errno 1059) (sqlstate 42000) during query: CREATE TRIGGER `trg_fkTblScheduledMaintenanceActivityLogToTblAssetEventVi1488379715_ins_valid` BEFORE INSERT ON `tblScheduledMaintenanceActivityLog`     FOR EACH ROW     BEGIN         IF (SELECT COUNT(*) FROM `tblAssetEvent` WHERE `id` = NEW.`intAssetEventID`) = 0 THEN             SIGNAL SQLSTATE '45000'              SET MESSAGE_TEXT = 'FK Violation: fkTblScheduledMaintenanceActivityLogToTblAssetEventVi1488379715 - Referenced key not found in tblAssetEvent';         END IF;     END
2026-02-11T17:01:07.437246,fkTblScheduledMaintenanceActivityLogToTblAssetEventVi1488379715,trg_fkTblScheduledMaintenanceActivityLogToTblAssetEventVi1488379715_upd_valid,CHILD_UPDATE_VALIDATE,FAILURE,Code: 1 | Error: E0211 17:01:07.432546   70881 main.go:60] rpc error: code = Unknown desc = TabletManager.ExecuteFetchAsDba on zone1-3072903978: rpc error: code = Unknown desc = Identifier name 'trg_fkTblScheduledMaintenanceActivityLogToTblAssetEventVi1488379715_upd_valid' is too long (errno 1059) (sqlstate 42000) during query: CREATE TRIGGER `trg_fkTblScheduledMaintenanceActivityLogToTblAssetEventVi1488379715_upd_valid` BEFORE UPDATE ON `tblScheduledMaintenanceActivityLog`     FOR EACH ROW     BEGIN         IF NOT (NEW.`intAssetEventID` <=> OLD.`intAssetEventID`) THEN             IF (SELECT COUNT(*) FROM `tblAssetEvent` WHERE `id` = NEW.`intAssetEventID`) = 0 THEN                 SIGNAL SQLSTATE '45000'                  SET MESSAGE_TEXT = 'FK Violation: fkTblScheduledMaintenanceActivityLogToTblAssetEventVi1488379715 - Referenced key not found in tblAssetEvent';             END IF;         END IF;     END
2026-02-11T17:01:07.550598,fkTblScheduledMaintenanceActivityLogToTblAssetEventVi1488379715,trg_fkTblScheduledMaintenanceActivityLogToTblAssetEventVi1488379715_del_parent,PARENT_DELETE_RESTRICT,FAILURE,"Code: 1 | Error: E0211 17:01:07.546437   70882 main.go:60] rpc error: code = Unknown desc = TabletManager.ExecuteFetchAsDba on zone1-3072903978: rpc error: code = Unknown desc = Identifier name 'trg_fkTblScheduledMaintenanceActivityLogToTblAssetEventVi1488379715_del_parent' is too long (errno 1059) (sqlstate 42000) during query: CREATE TRIGGER `trg_fkTblScheduledMaintenanceActivityLogToTblAssetEventVi1488379715_del_parent` BEFORE DELETE ON `tblAssetEvent`         FOR EACH ROW         BEGIN             IF (SELECT COUNT(*) FROM `tblScheduledMaintenanceActivityLog` WHERE `intAssetEventID` = OLD.`id`) > 0 THEN                 SIGNAL SQLSTATE '45000'                  SET MESSAGE_TEXT = 'FK Violation: fkTblScheduledMaintenanceActivityLogToTblAssetEventVi1488379715 - Cannot delete, children exist in tblScheduledMaintenanceActivityLog';             END IF;         END"
2026-02-11T17:01:07.660910,fkTblScheduledMaintenanceActivityLogToTblAssetEventVi1488379715,trg_fkTblScheduledMaintenanceActivityLogToTblAssetEventVi1488379715_upd_parent,PARENT_UPDATE_RESTRICT,FAILURE,"Code: 1 | Error: E0211 17:01:07.657107   70884 main.go:60] rpc error: code = Unknown desc = TabletManager.ExecuteFetchAsDba on zone1-3072903978: rpc error: code = Unknown desc = Identifier name 'trg_fkTblScheduledMaintenanceActivityLogToTblAssetEventVi1488379715_upd_parent' is too long (errno 1059) (sqlstate 42000) during query: CREATE TRIGGER `trg_fkTblScheduledMaintenanceActivityLogToTblAssetEventVi1488379715_upd_parent` BEFORE UPDATE ON `tblAssetEvent`     FOR EACH ROW     BEGIN         IF NOT (NEW.`id` <=> OLD.`id`) THEN             IF (SELECT COUNT(*) FROM `tblScheduledMaintenanceActivityLog` WHERE `intAssetEventID` = OLD.`id`) > 0 THEN                  SIGNAL SQLSTATE '45000'                   SET MESSAGE_TEXT = 'FK Violation: fkTblScheduledMaintenanceActivityLogToTblAssetEventVi1488379715 - Cannot update key, children exist in tblScheduledMaintenanceActivityLog';             END IF;         END IF;     END"
2026-02-11T17:01:07.763936,fkTblScheduledMaintenanceActivityLogToTblMeterReading1382911279,trg_fkTblScheduledMaintenanceActivityLogToTblMeterReading1382911279_ins_valid,CHILD_INSERT_VALIDATE,FAILURE,Code: 1 | Error: E0211 17:01:07.760837   70886 main.go:60] rpc error: code = Unknown desc = TabletManager.ExecuteFetchAsDba on zone1-3072903978: rpc error: code = Unknown desc = Identifier name 'trg_fkTblScheduledMaintenanceActivityLogToTblMeterReading1382911279_ins_valid' is too long (errno 1059) (sqlstate 42000) during query: CREATE TRIGGER `trg_fkTblScheduledMaintenanceActivityLogToTblMeterReading1382911279_ins_valid` BEFORE INSERT ON `tblScheduledMaintenanceActivityLog`     FOR EACH ROW     BEGIN         IF (SELECT COUNT(*) FROM `tblMeterReading` WHERE `id` = NEW.`intMeterReadingID`) = 0 THEN             SIGNAL SQLSTATE '45000'              SET MESSAGE_TEXT = 'FK Violation: fkTblScheduledMaintenanceActivityLogToTblMeterReading1382911279 - Referenced key not found in tblMeterReading';         END IF;     END
2026-02-11T17:01:07.874001,fkTblScheduledMaintenanceActivityLogToTblMeterReading1382911279,trg_fkTblScheduledMaintenanceActivityLogToTblMeterReading1382911279_upd_valid,CHILD_UPDATE_VALIDATE,FAILURE,Code: 1 | Error: E0211 17:01:07.870163   70887 main.go:60] rpc error: code = Unknown desc = TabletManager.ExecuteFetchAsDba on zone1-3072903978: rpc error: code = Unknown desc = Identifier name 'trg_fkTblScheduledMaintenanceActivityLogToTblMeterReading1382911279_upd_valid' is too long (errno 1059) (sqlstate 42000) during query: CREATE TRIGGER `trg_fkTblScheduledMaintenanceActivityLogToTblMeterReading1382911279_upd_valid` BEFORE UPDATE ON `tblScheduledMaintenanceActivityLog`     FOR EACH ROW     BEGIN         IF NOT (NEW.`intMeterReadingID` <=> OLD.`intMeterReadingID`) THEN             IF (SELECT COUNT(*) FROM `tblMeterReading` WHERE `id` = NEW.`intMeterReadingID`) = 0 THEN                 SIGNAL SQLSTATE '45000'                  SET MESSAGE_TEXT = 'FK Violation: fkTblScheduledMaintenanceActivityLogToTblMeterReading1382911279 - Referenced key not found in tblMeterReading';             END IF;         END IF;     END
2026-02-11T17:01:08.024655,fkTblScheduledMaintenanceActivityLogToTblMeterReading1382911279,trg_fkTblScheduledMaintenanceActivityLogToTblMeterReading1382911279_del_parent,PARENT_DELETE_RESTRICT,FAILURE,"Code: 1 | Error: E0211 17:01:08.021099   70889 main.go:60] rpc error: code = Unknown desc = TabletManager.ExecuteFetchAsDba on zone1-3072903978: rpc error: code = Unknown desc = Identifier name 'trg_fkTblScheduledMaintenanceActivityLogToTblMeterReading1382911279_del_parent' is too long (errno 1059) (sqlstate 42000) during query: CREATE TRIGGER `trg_fkTblScheduledMaintenanceActivityLogToTblMeterReading1382911279_del_parent` BEFORE DELETE ON `tblMeterReading`         FOR EACH ROW         BEGIN             IF (SELECT COUNT(*) FROM `tblScheduledMaintenanceActivityLog` WHERE `intMeterReadingID` = OLD.`id`) > 0 THEN                 SIGNAL SQLSTATE '45000'                  SET MESSAGE_TEXT = 'FK Violation: fkTblScheduledMaintenanceActivityLogToTblMeterReading1382911279 - Cannot delete, children exist in tblScheduledMaintenanceActivityLog';             END IF;         END"
2026-02-11T17:01:08.145827,fkTblScheduledMaintenanceActivityLogToTblMeterReading1382911279,trg_fkTblScheduledMaintenanceActivityLogToTblMeterReading1382911279_upd_parent,PARENT_UPDATE_RESTRICT,FAILURE,"Code: 1 | Error: E0211 17:01:08.142094   70890 main.go:60] rpc error: code = Unknown desc = TabletManager.ExecuteFetchAsDba on zone1-3072903978: rpc error: code = Unknown desc = Identifier name 'trg_fkTblScheduledMaintenanceActivityLogToTblMeterReading1382911279_upd_parent' is too long (errno 1059) (sqlstate 42000) during query: CREATE TRIGGER `trg_fkTblScheduledMaintenanceActivityLogToTblMeterReading1382911279_upd_parent` BEFORE UPDATE ON `tblMeterReading`     FOR EACH ROW     BEGIN         IF NOT (NEW.`id` <=> OLD.`id`) THEN             IF (SELECT COUNT(*) FROM `tblScheduledMaintenanceActivityLog` WHERE `intMeterReadingID` = OLD.`id`) > 0 THEN                  SIGNAL SQLSTATE '45000'                   SET MESSAGE_TEXT = 'FK Violation: fkTblScheduledMaintenanceActivityLogToTblMeterReading1382911279 - Cannot update key, children exist in tblScheduledMaintenanceActivityLog';             END IF;         END IF;     END"
2026-02-11T17:01:08.260241,fkTblScheduledMaintenanceActivityLogToTblUserViaIntUserID,trg_fkTblScheduledMaintenanceActivityLogToTblUserViaIntUserID_ins_valid,CHILD_INSERT_VALIDATE,FAILURE,Code: 1 | Error: E0211 17:01:08.256447   70891 main.go:60] rpc error: code = Unknown desc = TabletManager.ExecuteFetchAsDba on zone1-3072903978: rpc error: code = Unknown desc = Identifier name 'trg_fkTblScheduledMaintenanceActivityLogToTblUserViaIntUserID_ins_valid' is too long (errno 1059) (sqlstate 42000) during query: CREATE TRIGGER `trg_fkTblScheduledMaintenanceActivityLogToTblUserViaIntUserID_ins_valid` BEFORE INSERT ON `tblScheduledMaintenanceActivityLog`     FOR EACH ROW     BEGIN         IF (SELECT COUNT(*) FROM `tblUser` WHERE `id` = NEW.`intUserID`) = 0 THEN             SIGNAL SQLSTATE '45000'              SET MESSAGE_TEXT = 'FK Violation: fkTblScheduledMaintenanceActivityLogToTblUserViaIntUserID - Referenced key not found in tblUser';         END IF;     END
2026-02-11T17:01:08.408797,fkTblScheduledMaintenanceActivityLogToTblUserViaIntUserID,trg_fkTblScheduledMaintenanceActivityLogToTblUserViaIntUserID_upd_valid,CHILD_UPDATE_VALIDATE,FAILURE,Code: 1 | Error: E0211 17:01:08.404945   70892 main.go:60] rpc error: code = Unknown desc = TabletManager.ExecuteFetchAsDba on zone1-3072903978: rpc error: code = Unknown desc = Identifier name 'trg_fkTblScheduledMaintenanceActivityLogToTblUserViaIntUserID_upd_valid' is too long (errno 1059) (sqlstate 42000) during query: CREATE TRIGGER `trg_fkTblScheduledMaintenanceActivityLogToTblUserViaIntUserID_upd_valid` BEFORE UPDATE ON `tblScheduledMaintenanceActivityLog`     FOR EACH ROW     BEGIN         IF NOT (NEW.`intUserID` <=> OLD.`intUserID`) THEN             IF (SELECT COUNT(*) FROM `tblUser` WHERE `id` = NEW.`intUserID`) = 0 THEN                 SIGNAL SQLSTATE '45000'                  SET MESSAGE_TEXT = 'FK Violation: fkTblScheduledMaintenanceActivityLogToTblUserViaIntUserID - Referenced key not found in tblUser';             END IF;         END IF;     END
2026-02-11T17:01:08.524040,fkTblScheduledMaintenanceActivityLogToTblUserViaIntUserID,trg_fkTblScheduledMaintenanceActivityLogToTblUserViaIntUserID_del_parent,PARENT_DELETE_RESTRICT,FAILURE,"Code: 1 | Error: E0211 17:01:08.520464   70893 main.go:60] rpc error: code = Unknown desc = TabletManager.ExecuteFetchAsDba on zone1-3072903978: rpc error: code = Unknown desc = Identifier name 'trg_fkTblScheduledMaintenanceActivityLogToTblUserViaIntUserID_del_parent' is too long (errno 1059) (sqlstate 42000) during query: CREATE TRIGGER `trg_fkTblScheduledMaintenanceActivityLogToTblUserViaIntUserID_del_parent` BEFORE DELETE ON `tblUser`         FOR EACH ROW         BEGIN             IF (SELECT COUNT(*) FROM `tblScheduledMaintenanceActivityLog` WHERE `intUserID` = OLD.`id`) > 0 THEN                 SIGNAL SQLSTATE '45000'                  SET MESSAGE_TEXT = 'FK Violation: fkTblScheduledMaintenanceActivityLogToTblUserViaIntUserID - Cannot delete, children exist in tblScheduledMaintenanceActivityLog';             END IF;         END"
2026-02-11T17:01:08.677030,fkTblScheduledMaintenanceActivityLogToTblUserViaIntUserID,trg_fkTblScheduledMaintenanceActivityLogToTblUserViaIntUserID_upd_parent,PARENT_UPDATE_RESTRICT,FAILURE,"Code: 1 | Error: E0211 17:01:08.673469   70894 main.go:60] rpc error: code = Unknown desc = TabletManager.ExecuteFetchAsDba on zone1-3072903978: rpc error: code = Unknown desc = Identifier name 'trg_fkTblScheduledMaintenanceActivityLogToTblUserViaIntUserID_upd_parent' is too long (errno 1059) (sqlstate 42000) during query: CREATE TRIGGER `trg_fkTblScheduledMaintenanceActivityLogToTblUserViaIntUserID_upd_parent` BEFORE UPDATE ON `tblUser`     FOR EACH ROW     BEGIN         IF NOT (NEW.`id` <=> OLD.`id`) THEN             IF (SELECT COUNT(*) FROM `tblScheduledMaintenanceActivityLog` WHERE `intUserID` = OLD.`id`) > 0 THEN                  SIGNAL SQLSTATE '45000'                   SET MESSAGE_TEXT = 'FK Violation: fkTblScheduledMaintenanceActivityLogToTblUserViaIntUserID - Cannot update key, children exist in tblScheduledMaintenanceActivityLog';             END IF;         END IF;     END"
2026-02-11T17:01:08.827042,fkTblScheduledMaintenanceActivityLogToTblWorkOrderVia1813118809,trg_fkTblScheduledMaintenanceActivityLogToTblWorkOrderVia1813118809_ins_valid,CHILD_INSERT_VALIDATE,FAILURE,Code: 1 | Error: E0211 17:01:08.823042   70897 main.go:60] rpc error: code = Unknown desc = TabletManager.ExecuteFetchAsDba on zone1-3072903978: rpc error: code = Unknown desc = Identifier name 'trg_fkTblScheduledMaintenanceActivityLogToTblWorkOrderVia1813118809_ins_valid' is too long (errno 1059) (sqlstate 42000) during query: CREATE TRIGGER `trg_fkTblScheduledMaintenanceActivityLogToTblWorkOrderVia1813118809_ins_valid` BEFORE INSERT ON `tblScheduledMaintenanceActivityLog`     FOR EACH ROW     BEGIN         IF (SELECT COUNT(*) FROM `tblWorkOrder` WHERE `id` = NEW.`intWorkOrderID`) = 0 THEN             SIGNAL SQLSTATE '45000'              SET MESSAGE_TEXT = 'FK Violation: fkTblScheduledMaintenanceActivityLogToTblWorkOrderVia1813118809 - Referenced key not found in tblWorkOrder';         END IF;     END
2026-02-11T17:01:08.948631,fkTblScheduledMaintenanceActivityLogToTblWorkOrderVia1813118809,trg_fkTblScheduledMaintenanceActivityLogToTblWorkOrderVia1813118809_upd_valid,CHILD_UPDATE_VALIDATE,FAILURE,Code: 1 | Error: E0211 17:01:08.943970   70898 main.go:60] rpc error: code = Unknown desc = TabletManager.ExecuteFetchAsDba on zone1-3072903978: rpc error: code = Unknown desc = Identifier name 'trg_fkTblScheduledMaintenanceActivityLogToTblWorkOrderVia1813118809_upd_valid' is too long (errno 1059) (sqlstate 42000) during query: CREATE TRIGGER `trg_fkTblScheduledMaintenanceActivityLogToTblWorkOrderVia1813118809_upd_valid` BEFORE UPDATE ON `tblScheduledMaintenanceActivityLog`     FOR EACH ROW     BEGIN         IF NOT (NEW.`intWorkOrderID` <=> OLD.`intWorkOrderID`) THEN             IF (SELECT COUNT(*) FROM `tblWorkOrder` WHERE `id` = NEW.`intWorkOrderID`) = 0 THEN                 SIGNAL SQLSTATE '45000'                  SET MESSAGE_TEXT = 'FK Violation: fkTblScheduledMaintenanceActivityLogToTblWorkOrderVia1813118809 - Referenced key not found in tblWorkOrder';             END IF;         END IF;     END
2026-02-11T17:01:09.060983,fkTblScheduledMaintenanceActivityLogToTblWorkOrderVia1813118809,trg_fkTblScheduledMaintenanceActivityLogToTblWorkOrderVia1813118809_del_parent,PARENT_DELETE_RESTRICT,FAILURE,"Code: 1 | Error: E0211 17:01:09.057212   70899 main.go:60] rpc error: code = Unknown desc = TabletManager.ExecuteFetchAsDba on zone1-3072903978: rpc error: code = Unknown desc = Identifier name 'trg_fkTblScheduledMaintenanceActivityLogToTblWorkOrderVia1813118809_del_parent' is too long (errno 1059) (sqlstate 42000) during query: CREATE TRIGGER `trg_fkTblScheduledMaintenanceActivityLogToTblWorkOrderVia1813118809_del_parent` BEFORE DELETE ON `tblWorkOrder`         FOR EACH ROW         BEGIN             IF (SELECT COUNT(*) FROM `tblScheduledMaintenanceActivityLog` WHERE `intWorkOrderID` = OLD.`id`) > 0 THEN                 SIGNAL SQLSTATE '45000'                  SET MESSAGE_TEXT = 'FK Violation: fkTblScheduledMaintenanceActivityLogToTblWorkOrderVia1813118809 - Cannot delete, children exist in tblScheduledMaintenanceActivityLog';             END IF;         END"
2026-02-11T17:01:09.173330,fkTblScheduledMaintenanceActivityLogToTblWorkOrderVia1813118809,trg_fkTblScheduledMaintenanceActivityLogToTblWorkOrderVia1813118809_upd_parent,PARENT_UPDATE_RESTRICT,FAILURE,"Code: 1 | Error: E0211 17:01:09.168440   70900 main.go:60] rpc error: code = Unknown desc = TabletManager.ExecuteFetchAsDba on zone1-3072903978: rpc error: code = Unknown desc = Identifier name 'trg_fkTblScheduledMaintenanceActivityLogToTblWorkOrderVia1813118809_upd_parent' is too long (errno 1059) (sqlstate 42000) during query: CREATE TRIGGER `trg_fkTblScheduledMaintenanceActivityLogToTblWorkOrderVia1813118809_upd_parent` BEFORE UPDATE ON `tblWorkOrder`     FOR EACH ROW     BEGIN         IF NOT (NEW.`id` <=> OLD.`id`) THEN             IF (SELECT COUNT(*) FROM `tblScheduledMaintenanceActivityLog` WHERE `intWorkOrderID` = OLD.`id`) > 0 THEN                  SIGNAL SQLSTATE '45000'                   SET MESSAGE_TEXT = 'FK Violation: fkTblScheduledMaintenanceActivityLogToTblWorkOrderVia1813118809 - Cannot update key, children exist in tblScheduledMaintenanceActivityLog';             END IF;         END IF;     END"
2026-02-11T17:01:09.287638,fkTblScheduledMaintenanceBusinessToTblAssetBusinessVia662717954,trg_fkTblScheduledMaintenanceBusinessToTblAssetBusinessVia662717954_ins_valid,CHILD_INSERT_VALIDATE,FAILURE,Code: 1 | Error: E0211 17:01:09.283684   70901 main.go:60] rpc error: code = Unknown desc = TabletManager.ExecuteFetchAsDba on zone1-3072903978: rpc error: code = Unknown desc = Identifier name 'trg_fkTblScheduledMaintenanceBusinessToTblAssetBusinessVia662717954_ins_valid' is too long (errno 1059) (sqlstate 42000) during query: CREATE TRIGGER `trg_fkTblScheduledMaintenanceBusinessToTblAssetBusinessVia662717954_ins_valid` BEFORE INSERT ON `tblScheduledMaintenanceBusiness`     FOR EACH ROW     BEGIN         IF (SELECT COUNT(*) FROM `tblAssetBusiness` WHERE `id` = NEW.`intAssetBusinessID`) = 0 THEN             SIGNAL SQLSTATE '45000'              SET MESSAGE_TEXT = 'FK Violation: fkTblScheduledMaintenanceBusinessToTblAssetBusinessVia662717954 - Referenced key not found in tblAssetBusiness';         END IF;     END
2026-02-11T17:01:09.399017,fkTblScheduledMaintenanceBusinessToTblAssetBusinessVia662717954,trg_fkTblScheduledMaintenanceBusinessToTblAssetBusinessVia662717954_upd_valid,CHILD_UPDATE_VALIDATE,FAILURE,Code: 1 | Error: E0211 17:01:09.395669   70902 main.go:60] rpc error: code = Unknown desc = TabletManager.ExecuteFetchAsDba on zone1-3072903978: rpc error: code = Unknown desc = Identifier name 'trg_fkTblScheduledMaintenanceBusinessToTblAssetBusinessVia662717954_upd_valid' is too long (errno 1059) (sqlstate 42000) during query: CREATE TRIGGER `trg_fkTblScheduledMaintenanceBusinessToTblAssetBusinessVia662717954_upd_valid` BEFORE UPDATE ON `tblScheduledMaintenanceBusiness`     FOR EACH ROW     BEGIN         IF NOT (NEW.`intAssetBusinessID` <=> OLD.`intAssetBusinessID`) THEN             IF (SELECT COUNT(*) FROM `tblAssetBusiness` WHERE `id` = NEW.`intAssetBusinessID`) = 0 THEN                 SIGNAL SQLSTATE '45000'                  SET MESSAGE_TEXT = 'FK Violation: fkTblScheduledMaintenanceBusinessToTblAssetBusinessVia662717954 - Referenced key not found in tblAssetBusiness';             END IF;         END IF;     END
2026-02-11T17:01:09.512392,fkTblScheduledMaintenanceBusinessToTblAssetBusinessVia662717954,trg_fkTblScheduledMaintenanceBusinessToTblAssetBusinessVia662717954_del_parent,PARENT_DELETE_RESTRICT,FAILURE,"Code: 1 | Error: E0211 17:01:09.509348   70904 main.go:60] rpc error: code = Unknown desc = TabletManager.ExecuteFetchAsDba on zone1-3072903978: rpc error: code = Unknown desc = Identifier name 'trg_fkTblScheduledMaintenanceBusinessToTblAssetBusinessVia662717954_del_parent' is too long (errno 1059) (sqlstate 42000) during query: CREATE TRIGGER `trg_fkTblScheduledMaintenanceBusinessToTblAssetBusinessVia662717954_del_parent` BEFORE DELETE ON `tblAssetBusiness`         FOR EACH ROW         BEGIN             IF (SELECT COUNT(*) FROM `tblScheduledMaintenanceBusiness` WHERE `intAssetBusinessID` = OLD.`id`) > 0 THEN                 SIGNAL SQLSTATE '45000'                  SET MESSAGE_TEXT = 'FK Violation: fkTblScheduledMaintenanceBusinessToTblAssetBusinessVia662717954 - Cannot delete, children exist in tblScheduledMaintenanceBusiness';             END IF;         END"
2026-02-11T17:01:09.616765,fkTblScheduledMaintenanceBusinessToTblAssetBusinessVia662717954,trg_fkTblScheduledMaintenanceBusinessToTblAssetBusinessVia662717954_upd_parent,PARENT_UPDATE_RESTRICT,FAILURE,"Code: 1 | Error: E0211 17:01:09.613395   70908 main.go:60] rpc error: code = Unknown desc = TabletManager.ExecuteFetchAsDba on zone1-3072903978: rpc error: code = Unknown desc = Identifier name 'trg_fkTblScheduledMaintenanceBusinessToTblAssetBusinessVia662717954_upd_parent' is too long (errno 1059) (sqlstate 42000) during query: CREATE TRIGGER `trg_fkTblScheduledMaintenanceBusinessToTblAssetBusinessVia662717954_upd_parent` BEFORE UPDATE ON `tblAssetBusiness`     FOR EACH ROW     BEGIN         IF NOT (NEW.`id` <=> OLD.`id`) THEN             IF (SELECT COUNT(*) FROM `tblScheduledMaintenanceBusiness` WHERE `intAssetBusinessID` = OLD.`id`) > 0 THEN                  SIGNAL SQLSTATE '45000'                   SET MESSAGE_TEXT = 'FK Violation: fkTblScheduledMaintenanceBusinessToTblAssetBusinessVia662717954 - Cannot update key, children exist in tblScheduledMaintenanceBusiness';             END IF;         END IF;     END"
2026-02-11T17:01:09.727916,fkTblScheduledMaintenanceNestingToTblScheduledMainten1167800448,trg_fkTblScheduledMaintenanceNestingToTblScheduledMainten1167800448_ins_valid,CHILD_INSERT_VALIDATE,FAILURE,Code: 1 | Error: E0211 17:01:09.724766   70916 main.go:60] rpc error: code = Unknown desc = TabletManager.ExecuteFetchAsDba on zone1-3072903978: rpc error: code = Unknown desc = Identifier name 'trg_fkTblScheduledMaintenanceNestingToTblScheduledMainten1167800448_ins_valid' is too long (errno 1059) (sqlstate 42000) during query: CREATE TRIGGER `trg_fkTblScheduledMaintenanceNestingToTblScheduledMainten1167800448_ins_valid` BEFORE INSERT ON `tblScheduledMaintenanceNesting`     FOR EACH ROW     BEGIN         IF (SELECT COUNT(*) FROM `tblScheduledMaintenance` WHERE `id` = NEW.`intScheduledMaintenanceID`) = 0 THEN             SIGNAL SQLSTATE '45000'              SET MESSAGE_TEXT = 'FK Violation: fkTblScheduledMaintenanceNestingToTblScheduledMainten1167800448 - Referenced key not found in tblScheduledMaintenance';         END IF;     END
2026-02-11T17:01:09.838177,fkTblScheduledMaintenanceNestingToTblScheduledMainten1167800448,trg_fkTblScheduledMaintenanceNestingToTblScheduledMainten1167800448_upd_valid,CHILD_UPDATE_VALIDATE,FAILURE,Code: 1 | Error: E0211 17:01:09.834587   70919 main.go:60] rpc error: code = Unknown desc = TabletManager.ExecuteFetchAsDba on zone1-3072903978: rpc error: code = Unknown desc = Identifier name 'trg_fkTblScheduledMaintenanceNestingToTblScheduledMainten1167800448_upd_valid' is too long (errno 1059) (sqlstate 42000) during query: CREATE TRIGGER `trg_fkTblScheduledMaintenanceNestingToTblScheduledMainten1167800448_upd_valid` BEFORE UPDATE ON `tblScheduledMaintenanceNesting`     FOR EACH ROW     BEGIN         IF NOT (NEW.`intScheduledMaintenanceID` <=> OLD.`intScheduledMaintenanceID`) THEN             IF (SELECT COUNT(*) FROM `tblScheduledMaintenance` WHERE `id` = NEW.`intScheduledMaintenanceID`) = 0 THEN                 SIGNAL SQLSTATE '45000'                  SET MESSAGE_TEXT = 'FK Violation: fkTblScheduledMaintenanceNestingToTblScheduledMainten1167800448 - Referenced key not found in tblScheduledMaintenance';             END IF;         END IF;     END
2026-02-11T17:01:09.946704,fkTblScheduledMaintenanceNestingToTblScheduledMainten1167800448,trg_fkTblScheduledMaintenanceNestingToTblScheduledMainten1167800448_del_parent,PARENT_DELETE_CASCADE,FAILURE,Code: 1 | Error: E0211 17:01:09.943292   70923 main.go:60] rpc error: code = Unknown desc = TabletManager.ExecuteFetchAsDba on zone1-3072903978: rpc error: code = Unknown desc = Identifier name 'trg_fkTblScheduledMaintenanceNestingToTblScheduledMainten1167800448_del_parent' is too long (errno 1059) (sqlstate 42000) during query: CREATE TRIGGER `trg_fkTblScheduledMaintenanceNestingToTblScheduledMainten1167800448_del_parent` BEFORE DELETE ON `tblScheduledMaintenance`         FOR EACH ROW         BEGIN             DELETE FROM `tblScheduledMaintenanceNesting` WHERE `intScheduledMaintenanceID` = OLD.`id`;         END
2026-02-11T17:01:10.056048,fkTblScheduledMaintenanceNestingToTblScheduledMainten1167800448,trg_fkTblScheduledMaintenanceNestingToTblScheduledMainten1167800448_upd_parent,PARENT_UPDATE_RESTRICT,FAILURE,"Code: 1 | Error: E0211 17:01:10.052263   70926 main.go:60] rpc error: code = Unknown desc = TabletManager.ExecuteFetchAsDba on zone1-3072903978: rpc error: code = Unknown desc = Identifier name 'trg_fkTblScheduledMaintenanceNestingToTblScheduledMainten1167800448_upd_parent' is too long (errno 1059) (sqlstate 42000) during query: CREATE TRIGGER `trg_fkTblScheduledMaintenanceNestingToTblScheduledMainten1167800448_upd_parent` BEFORE UPDATE ON `tblScheduledMaintenance`     FOR EACH ROW     BEGIN         IF NOT (NEW.`id` <=> OLD.`id`) THEN             IF (SELECT COUNT(*) FROM `tblScheduledMaintenanceNesting` WHERE `intScheduledMaintenanceID` = OLD.`id`) > 0 THEN                  SIGNAL SQLSTATE '45000'                   SET MESSAGE_TEXT = 'FK Violation: fkTblScheduledMaintenanceNestingToTblScheduledMainten1167800448 - Cannot update key, children exist in tblScheduledMaintenanceNesting';             END IF;         END IF;     END"
2026-02-11T17:01:10.164764,fkTblScheduledMaintenanceNestingToTblScheduledMaintena844858350,trg_fkTblScheduledMaintenanceNestingToTblScheduledMaintena844858350_ins_valid,CHILD_INSERT_VALIDATE,FAILURE,Code: 1 | Error: E0211 17:01:10.161673   70928 main.go:60] rpc error: code = Unknown desc = TabletManager.ExecuteFetchAsDba on zone1-3072903978: rpc error: code = Unknown desc = Identifier name 'trg_fkTblScheduledMaintenanceNestingToTblScheduledMaintena844858350_ins_valid' is too long (errno 1059) (sqlstate 42000) during query: CREATE TRIGGER `trg_fkTblScheduledMaintenanceNestingToTblScheduledMaintena844858350_ins_valid` BEFORE INSERT ON `tblScheduledMaintenanceNesting`     FOR EACH ROW     BEGIN         IF (SELECT COUNT(*) FROM `tblScheduledMaintenanceNesting` WHERE `id` = NEW.`intParentId`) = 0 THEN             SIGNAL SQLSTATE '45000'              SET MESSAGE_TEXT = 'FK Violation: fkTblScheduledMaintenanceNestingToTblScheduledMaintena844858350 - Referenced key not found in tblScheduledMaintenanceNesting';         END IF;     END
2026-02-11T17:01:10.286643,fkTblScheduledMaintenanceNestingToTblScheduledMaintena844858350,trg_fkTblScheduledMaintenanceNestingToTblScheduledMaintena844858350_upd_valid,CHILD_UPDATE_VALIDATE,FAILURE,Code: 1 | Error: E0211 17:01:10.282429   70933 main.go:60] rpc error: code = Unknown desc = TabletManager.ExecuteFetchAsDba on zone1-3072903978: rpc error: code = Unknown desc = Identifier name 'trg_fkTblScheduledMaintenanceNestingToTblScheduledMaintena844858350_upd_valid' is too long (errno 1059) (sqlstate 42000) during query: CREATE TRIGGER `trg_fkTblScheduledMaintenanceNestingToTblScheduledMaintena844858350_upd_valid` BEFORE UPDATE ON `tblScheduledMaintenanceNesting`     FOR EACH ROW     BEGIN         IF NOT (NEW.`intParentId` <=> OLD.`intParentId`) THEN             IF (SELECT COUNT(*) FROM `tblScheduledMaintenanceNesting` WHERE `id` = NEW.`intParentId`) = 0 THEN                 SIGNAL SQLSTATE '45000'                  SET MESSAGE_TEXT = 'FK Violation: fkTblScheduledMaintenanceNestingToTblScheduledMaintena844858350 - Referenced key not found in tblScheduledMaintenanceNesting';             END IF;         END IF;     END
2026-02-11T17:01:10.412596,fkTblScheduledMaintenanceNestingToTblScheduledMaintena844858350,trg_fkTblScheduledMaintenanceNestingToTblScheduledMaintena844858350_del_parent,PARENT_DELETE_RESTRICT,FAILURE,"Code: 1 | Error: E0211 17:01:10.407566   70936 main.go:60] rpc error: code = Unknown desc = TabletManager.ExecuteFetchAsDba on zone1-3072903978: rpc error: code = Unknown desc = Identifier name 'trg_fkTblScheduledMaintenanceNestingToTblScheduledMaintena844858350_del_parent' is too long (errno 1059) (sqlstate 42000) during query: CREATE TRIGGER `trg_fkTblScheduledMaintenanceNestingToTblScheduledMaintena844858350_del_parent` BEFORE DELETE ON `tblScheduledMaintenanceNesting`         FOR EACH ROW         BEGIN             IF (SELECT COUNT(*) FROM `tblScheduledMaintenanceNesting` WHERE `intParentId` = OLD.`id`) > 0 THEN                 SIGNAL SQLSTATE '45000'                  SET MESSAGE_TEXT = 'FK Violation: fkTblScheduledMaintenanceNestingToTblScheduledMaintena844858350 - Cannot delete, children exist in tblScheduledMaintenanceNesting';             END IF;         END"
2026-02-11T17:01:10.523866,fkTblScheduledMaintenanceNestingToTblScheduledMaintena844858350,trg_fkTblScheduledMaintenanceNestingToTblScheduledMaintena844858350_upd_parent,PARENT_UPDATE_RESTRICT,FAILURE,"Code: 1 | Error: E0211 17:01:10.520545   70937 main.go:60] rpc error: code = Unknown desc = TabletManager.ExecuteFetchAsDba on zone1-3072903978: rpc error: code = Unknown desc = Identifier name 'trg_fkTblScheduledMaintenanceNestingToTblScheduledMaintena844858350_upd_parent' is too long (errno 1059) (sqlstate 42000) during query: CREATE TRIGGER `trg_fkTblScheduledMaintenanceNestingToTblScheduledMaintena844858350_upd_parent` BEFORE UPDATE ON `tblScheduledMaintenanceNesting`     FOR EACH ROW     BEGIN         IF NOT (NEW.`id` <=> OLD.`id`) THEN             IF (SELECT COUNT(*) FROM `tblScheduledMaintenanceNesting` WHERE `intParentId` = OLD.`id`) > 0 THEN                  SIGNAL SQLSTATE '45000'                   SET MESSAGE_TEXT = 'FK Violation: fkTblScheduledMaintenanceNestingToTblScheduledMaintena844858350 - Cannot update key, children exist in tblScheduledMaintenanceNesting';             END IF;         END IF;     END"
2026-02-11T17:01:10.642049,fkTblScheduledMaintenanceUserToTblUserViaIntUserID,trg_fkTblScheduledMaintenanceUserToTblUserViaIntUserID_ins_valid,CHILD_INSERT_VALIDATE,SUCCESS,Success
2026-02-11T17:01:10.753757,fkTblScheduledMaintenanceUserToTblUserViaIntUserID,trg_fkTblScheduledMaintenanceUserToTblUserViaIntUserID_upd_valid,CHILD_UPDATE_VALIDATE,SUCCESS,Success
2026-02-11T17:01:10.945968,fkTblScheduledMaintenanceUserToTblUserViaIntUserID,trg_fkTblScheduledMaintenanceUserToTblUserViaIntUserID_del_parent,PARENT_DELETE_RESTRICT,FAILURE,"Code: 1 | Error: E0211 17:01:10.940960   70948 main.go:60] rpc error: code = Unknown desc = TabletManager.ExecuteFetchAsDba on zone1-3072903978: rpc error: code = Unknown desc = Identifier name 'trg_fkTblScheduledMaintenanceUserToTblUserViaIntUserID_del_parent' is too long (errno 1059) (sqlstate 42000) during query: CREATE TRIGGER `trg_fkTblScheduledMaintenanceUserToTblUserViaIntUserID_del_parent` BEFORE DELETE ON `tblUser`         FOR EACH ROW         BEGIN             IF (SELECT COUNT(*) FROM `tblScheduledMaintenanceUser` WHERE `intUserID` = OLD.`id`) > 0 THEN                 SIGNAL SQLSTATE '45000'                  SET MESSAGE_TEXT = 'FK Violation: fkTblScheduledMaintenanceUserToTblUserViaIntUserID - Cannot delete, children exist in tblScheduledMaintenanceUser';             END IF;         END"
2026-02-11T17:01:11.081360,fkTblScheduledMaintenanceUserToTblUserViaIntUserID,trg_fkTblScheduledMaintenanceUserToTblUserViaIntUserID_upd_parent,PARENT_UPDATE_RESTRICT,FAILURE,"Code: 1 | Error: E0211 17:01:11.077026   70951 main.go:60] rpc error: code = Unknown desc = TabletManager.ExecuteFetchAsDba on zone1-3072903978: rpc error: code = Unknown desc = Identifier name 'trg_fkTblScheduledMaintenanceUserToTblUserViaIntUserID_upd_parent' is too long (errno 1059) (sqlstate 42000) during query: CREATE TRIGGER `trg_fkTblScheduledMaintenanceUserToTblUserViaIntUserID_upd_parent` BEFORE UPDATE ON `tblUser`     FOR EACH ROW     BEGIN         IF NOT (NEW.`id` <=> OLD.`id`) THEN             IF (SELECT COUNT(*) FROM `tblScheduledMaintenanceUser` WHERE `intUserID` = OLD.`id`) > 0 THEN                  SIGNAL SQLSTATE '45000'                   SET MESSAGE_TEXT = 'FK Violation: fkTblScheduledMaintenanceUserToTblUserViaIntUserID - Cannot update key, children exist in tblScheduledMaintenanceUser';             END IF;         END IF;     END"
2026-02-11T17:01:11.193670,fkTblScheduledReportToTblReportPresetViaIntReportPresetID,trg_fkTblScheduledReportToTblReportPresetViaIntReportPresetID_ins_valid,CHILD_INSERT_VALIDATE,FAILURE,Code: 1 | Error: E0211 17:01:11.189527   70953 main.go:60] rpc error: code = Unknown desc = TabletManager.ExecuteFetchAsDba on zone1-3072903978: rpc error: code = Unknown desc = Identifier name 'trg_fkTblScheduledReportToTblReportPresetViaIntReportPresetID_ins_valid' is too long (errno 1059) (sqlstate 42000) during query: CREATE TRIGGER `trg_fkTblScheduledReportToTblReportPresetViaIntReportPresetID_ins_valid` BEFORE INSERT ON `tblScheduledReport`     FOR EACH ROW     BEGIN         IF (SELECT COUNT(*) FROM `tblReportPreset` WHERE `id` = NEW.`intReportPresetID`) = 0 THEN             SIGNAL SQLSTATE '45000'              SET MESSAGE_TEXT = 'FK Violation: fkTblScheduledReportToTblReportPresetViaIntReportPresetID - Referenced key not found in tblReportPreset';         END IF;     END
2026-02-11T17:01:11.349230,fkTblScheduledReportToTblReportPresetViaIntReportPresetID,trg_fkTblScheduledReportToTblReportPresetViaIntReportPresetID_upd_valid,CHILD_UPDATE_VALIDATE,FAILURE,Code: 1 | Error: E0211 17:01:11.343901   70955 main.go:60] rpc error: code = Unknown desc = TabletManager.ExecuteFetchAsDba on zone1-3072903978: rpc error: code = Unknown desc = Identifier name 'trg_fkTblScheduledReportToTblReportPresetViaIntReportPresetID_upd_valid' is too long (errno 1059) (sqlstate 42000) during query: CREATE TRIGGER `trg_fkTblScheduledReportToTblReportPresetViaIntReportPresetID_upd_valid` BEFORE UPDATE ON `tblScheduledReport`     FOR EACH ROW     BEGIN         IF NOT (NEW.`intReportPresetID` <=> OLD.`intReportPresetID`) THEN             IF (SELECT COUNT(*) FROM `tblReportPreset` WHERE `id` = NEW.`intReportPresetID`) = 0 THEN                 SIGNAL SQLSTATE '45000'                  SET MESSAGE_TEXT = 'FK Violation: fkTblScheduledReportToTblReportPresetViaIntReportPresetID - Referenced key not found in tblReportPreset';             END IF;         END IF;     END
2026-02-11T17:01:11.516744,fkTblScheduledReportToTblReportPresetViaIntReportPresetID,trg_fkTblScheduledReportToTblReportPresetViaIntReportPresetID_del_parent,PARENT_DELETE_CASCADE,FAILURE,Code: 1 | Error: E0211 17:01:11.512864   70957 main.go:60] rpc error: code = Unknown desc = TabletManager.ExecuteFetchAsDba on zone1-3072903978: rpc error: code = Unknown desc = Identifier name 'trg_fkTblScheduledReportToTblReportPresetViaIntReportPresetID_del_parent' is too long (errno 1059) (sqlstate 42000) during query: CREATE TRIGGER `trg_fkTblScheduledReportToTblReportPresetViaIntReportPresetID_del_parent` BEFORE DELETE ON `tblReportPreset`         FOR EACH ROW         BEGIN             DELETE FROM `tblScheduledReport` WHERE `intReportPresetID` = OLD.`id`;         END
2026-02-11T17:01:11.641627,fkTblScheduledReportToTblReportPresetViaIntReportPresetID,trg_fkTblScheduledReportToTblReportPresetViaIntReportPresetID_upd_parent,PARENT_UPDATE_RESTRICT,FAILURE,"Code: 1 | Error: E0211 17:01:11.628775   70959 main.go:60] rpc error: code = Unknown desc = TabletManager.ExecuteFetchAsDba on zone1-3072903978: rpc error: code = Unknown desc = Identifier name 'trg_fkTblScheduledReportToTblReportPresetViaIntReportPresetID_upd_parent' is too long (errno 1059) (sqlstate 42000) during query: CREATE TRIGGER `trg_fkTblScheduledReportToTblReportPresetViaIntReportPresetID_upd_parent` BEFORE UPDATE ON `tblReportPreset`     FOR EACH ROW     BEGIN         IF NOT (NEW.`id` <=> OLD.`id`) THEN             IF (SELECT COUNT(*) FROM `tblScheduledReport` WHERE `intReportPresetID` = OLD.`id`) > 0 THEN                  SIGNAL SQLSTATE '45000'                   SET MESSAGE_TEXT = 'FK Violation: fkTblScheduledReportToTblReportPresetViaIntReportPresetID - Cannot update key, children exist in tblScheduledReport';             END IF;         END IF;     END"
2026-02-11T17:01:11.763911,fkTblScheduledReportToTblUserViaIntCreatorID,trg_fkTblScheduledReportToTblUserViaIntCreatorID_ins_valid,CHILD_INSERT_VALIDATE,SUCCESS,Success
2026-02-11T17:01:11.871524,fkTblScheduledReportToTblUserViaIntCreatorID,trg_fkTblScheduledReportToTblUserViaIntCreatorID_upd_valid,CHILD_UPDATE_VALIDATE,SUCCESS,Success
2026-02-11T17:01:11.988421,fkTblScheduledReportToTblUserViaIntCreatorID,trg_fkTblScheduledReportToTblUserViaIntCreatorID_del_parent,PARENT_DELETE_CASCADE,SUCCESS,Success
2026-02-11T17:01:12.107656,fkTblScheduledReportToTblUserViaIntCreatorID,trg_fkTblScheduledReportToTblUserViaIntCreatorID_upd_parent,PARENT_UPDATE_RESTRICT,SUCCESS,Success
2026-02-11T17:01:12.223198,fkTblScheduledReportUserToTblScheduledReportViaIntSche380863882,trg_fkTblScheduledReportUserToTblScheduledReportViaIntSche380863882_ins_valid,CHILD_INSERT_VALIDATE,FAILURE,Code: 1 | Error: E0211 17:01:12.218783   70965 main.go:60] rpc error: code = Unknown desc = TabletManager.ExecuteFetchAsDba on zone1-3072903978: rpc error: code = Unknown desc = Identifier name 'trg_fkTblScheduledReportUserToTblScheduledReportViaIntSche380863882_ins_valid' is too long (errno 1059) (sqlstate 42000) during query: CREATE TRIGGER `trg_fkTblScheduledReportUserToTblScheduledReportViaIntSche380863882_ins_valid` BEFORE INSERT ON `tblScheduledReportUser`     FOR EACH ROW     BEGIN         IF (SELECT COUNT(*) FROM `tblScheduledReport` WHERE `id` = NEW.`intScheduledReportID`) = 0 THEN             SIGNAL SQLSTATE '45000'              SET MESSAGE_TEXT = 'FK Violation: fkTblScheduledReportUserToTblScheduledReportViaIntSche380863882 - Referenced key not found in tblScheduledReport';         END IF;     END
2026-02-11T17:01:12.376214,fkTblScheduledReportUserToTblScheduledReportViaIntSche380863882,trg_fkTblScheduledReportUserToTblScheduledReportViaIntSche380863882_upd_valid,CHILD_UPDATE_VALIDATE,FAILURE,Code: 1 | Error: E0211 17:01:12.372593   70966 main.go:60] rpc error: code = Unknown desc = TabletManager.ExecuteFetchAsDba on zone1-3072903978: rpc error: code = Unknown desc = Identifier name 'trg_fkTblScheduledReportUserToTblScheduledReportViaIntSche380863882_upd_valid' is too long (errno 1059) (sqlstate 42000) during query: CREATE TRIGGER `trg_fkTblScheduledReportUserToTblScheduledReportViaIntSche380863882_upd_valid` BEFORE UPDATE ON `tblScheduledReportUser`     FOR EACH ROW     BEGIN         IF NOT (NEW.`intScheduledReportID` <=> OLD.`intScheduledReportID`) THEN             IF (SELECT COUNT(*) FROM `tblScheduledReport` WHERE `id` = NEW.`intScheduledReportID`) = 0 THEN                 SIGNAL SQLSTATE '45000'                  SET MESSAGE_TEXT = 'FK Violation: fkTblScheduledReportUserToTblScheduledReportViaIntSche380863882 - Referenced key not found in tblScheduledReport';             END IF;         END IF;     END
2026-02-11T17:01:12.531095,fkTblScheduledReportUserToTblScheduledReportViaIntSche380863882,trg_fkTblScheduledReportUserToTblScheduledReportViaIntSche380863882_del_parent,PARENT_DELETE_CASCADE,FAILURE,Code: 1 | Error: E0211 17:01:12.526200   70968 main.go:60] rpc error: code = Unknown desc = TabletManager.ExecuteFetchAsDba on zone1-3072903978: rpc error: code = Unknown desc = Identifier name 'trg_fkTblScheduledReportUserToTblScheduledReportViaIntSche380863882_del_parent' is too long (errno 1059) (sqlstate 42000) during query: CREATE TRIGGER `trg_fkTblScheduledReportUserToTblScheduledReportViaIntSche380863882_del_parent` BEFORE DELETE ON `tblScheduledReport`         FOR EACH ROW         BEGIN             DELETE FROM `tblScheduledReportUser` WHERE `intScheduledReportID` = OLD.`id`;         END
2026-02-11T17:01:12.654433,fkTblScheduledReportUserToTblScheduledReportViaIntSche380863882,trg_fkTblScheduledReportUserToTblScheduledReportViaIntSche380863882_upd_parent,PARENT_UPDATE_RESTRICT,FAILURE,"Code: 1 | Error: E0211 17:01:12.650483   70970 main.go:60] rpc error: code = Unknown desc = TabletManager.ExecuteFetchAsDba on zone1-3072903978: rpc error: code = Unknown desc = Identifier name 'trg_fkTblScheduledReportUserToTblScheduledReportViaIntSche380863882_upd_parent' is too long (errno 1059) (sqlstate 42000) during query: CREATE TRIGGER `trg_fkTblScheduledReportUserToTblScheduledReportViaIntSche380863882_upd_parent` BEFORE UPDATE ON `tblScheduledReport`     FOR EACH ROW     BEGIN         IF NOT (NEW.`id` <=> OLD.`id`) THEN             IF (SELECT COUNT(*) FROM `tblScheduledReportUser` WHERE `intScheduledReportID` = OLD.`id`) > 0 THEN                  SIGNAL SQLSTATE '45000'                   SET MESSAGE_TEXT = 'FK Violation: fkTblScheduledReportUserToTblScheduledReportViaIntSche380863882 - Cannot update key, children exist in tblScheduledReportUser';             END IF;         END IF;     END"
2026-02-11T17:01:12.811404,fkTblScheduledReportUserToTblUserViaIntUserID,trg_fkTblScheduledReportUserToTblUserViaIntUserID_ins_valid,CHILD_INSERT_VALIDATE,SUCCESS,Success
2026-02-11T17:01:12.974902,fkTblScheduledReportUserToTblUserViaIntUserID,trg_fkTblScheduledReportUserToTblUserViaIntUserID_upd_valid,CHILD_UPDATE_VALIDATE,SUCCESS,Success
2026-02-11T17:01:13.101875,fkTblScheduledReportUserToTblUserViaIntUserID,trg_fkTblScheduledReportUserToTblUserViaIntUserID_del_parent,PARENT_DELETE_RESTRICT,SUCCESS,Success
2026-02-11T17:01:13.226887,fkTblScheduledReportUserToTblUserViaIntUserID,trg_fkTblScheduledReportUserToTblUserViaIntUserID_upd_parent,PARENT_UPDATE_RESTRICT,SUCCESS,Success
2026-02-11T17:01:13.340537,fkTblScheduledTaskToTblScheduledMaintenanceNestingVia1548474820,trg_fkTblScheduledTaskToTblScheduledMaintenanceNestingVia1548474820_ins_valid,CHILD_INSERT_VALIDATE,FAILURE,Code: 1 | Error: E0211 17:01:13.336037   70979 main.go:60] rpc error: code = Unknown desc = TabletManager.ExecuteFetchAsDba on zone1-3072903978: rpc error: code = Unknown desc = Identifier name 'trg_fkTblScheduledTaskToTblScheduledMaintenanceNestingVia1548474820_ins_valid' is too long (errno 1059) (sqlstate 42000) during query: CREATE TRIGGER `trg_fkTblScheduledTaskToTblScheduledMaintenanceNestingVia1548474820_ins_valid` BEFORE INSERT ON `tblScheduledTask`     FOR EACH ROW     BEGIN         IF (SELECT COUNT(*) FROM `tblScheduledMaintenanceNesting` WHERE `id` = NEW.`intScheduledMaintenanceNestingID`) = 0 THEN             SIGNAL SQLSTATE '45000'              SET MESSAGE_TEXT = 'FK Violation: fkTblScheduledTaskToTblScheduledMaintenanceNestingVia1548474820 - Referenced key not found in tblScheduledMaintenanceNesting';         END IF;     END
2026-02-11T17:01:13.455212,fkTblScheduledTaskToTblScheduledMaintenanceNestingVia1548474820,trg_fkTblScheduledTaskToTblScheduledMaintenanceNestingVia1548474820_upd_valid,CHILD_UPDATE_VALIDATE,FAILURE,Code: 1 | Error: E0211 17:01:13.451356   70980 main.go:60] rpc error: code = Unknown desc = TabletManager.ExecuteFetchAsDba on zone1-3072903978: rpc error: code = Unknown desc = Identifier name 'trg_fkTblScheduledTaskToTblScheduledMaintenanceNestingVia1548474820_upd_valid' is too long (errno 1059) (sqlstate 42000) during query: CREATE TRIGGER `trg_fkTblScheduledTaskToTblScheduledMaintenanceNestingVia1548474820_upd_valid` BEFORE UPDATE ON `tblScheduledTask`     FOR EACH ROW     BEGIN         IF NOT (NEW.`intScheduledMaintenanceNestingID` <=> OLD.`intScheduledMaintenanceNestingID`) THEN             IF (SELECT COUNT(*) FROM `tblScheduledMaintenanceNesting` WHERE `id` = NEW.`intScheduledMaintenanceNestingID`) = 0 THEN                 SIGNAL SQLSTATE '45000'                  SET MESSAGE_TEXT = 'FK Violation: fkTblScheduledTaskToTblScheduledMaintenanceNestingVia1548474820 - Referenced key not found in tblScheduledMaintenanceNesting';             END IF;         END IF;     END
2026-02-11T17:01:13.563540,fkTblScheduledTaskToTblScheduledMaintenanceNestingVia1548474820,trg_fkTblScheduledTaskToTblScheduledMaintenanceNestingVia1548474820_del_parent,PARENT_DELETE_RESTRICT,FAILURE,"Code: 1 | Error: E0211 17:01:13.560039   70981 main.go:60] rpc error: code = Unknown desc = TabletManager.ExecuteFetchAsDba on zone1-3072903978: rpc error: code = Unknown desc = Identifier name 'trg_fkTblScheduledTaskToTblScheduledMaintenanceNestingVia1548474820_del_parent' is too long (errno 1059) (sqlstate 42000) during query: CREATE TRIGGER `trg_fkTblScheduledTaskToTblScheduledMaintenanceNestingVia1548474820_del_parent` BEFORE DELETE ON `tblScheduledMaintenanceNesting`         FOR EACH ROW         BEGIN             IF (SELECT COUNT(*) FROM `tblScheduledTask` WHERE `intScheduledMaintenanceNestingID` = OLD.`id`) > 0 THEN                 SIGNAL SQLSTATE '45000'                  SET MESSAGE_TEXT = 'FK Violation: fkTblScheduledTaskToTblScheduledMaintenanceNestingVia1548474820 - Cannot delete, children exist in tblScheduledTask';             END IF;         END"
2026-02-11T17:01:13.706443,fkTblScheduledTaskToTblScheduledMaintenanceNestingVia1548474820,trg_fkTblScheduledTaskToTblScheduledMaintenanceNestingVia1548474820_upd_parent,PARENT_UPDATE_RESTRICT,FAILURE,"Code: 1 | Error: E0211 17:01:13.703040   70984 main.go:60] rpc error: code = Unknown desc = TabletManager.ExecuteFetchAsDba on zone1-3072903978: rpc error: code = Unknown desc = Identifier name 'trg_fkTblScheduledTaskToTblScheduledMaintenanceNestingVia1548474820_upd_parent' is too long (errno 1059) (sqlstate 42000) during query: CREATE TRIGGER `trg_fkTblScheduledTaskToTblScheduledMaintenanceNestingVia1548474820_upd_parent` BEFORE UPDATE ON `tblScheduledMaintenanceNesting`     FOR EACH ROW     BEGIN         IF NOT (NEW.`id` <=> OLD.`id`) THEN             IF (SELECT COUNT(*) FROM `tblScheduledTask` WHERE `intScheduledMaintenanceNestingID` = OLD.`id`) > 0 THEN                  SIGNAL SQLSTATE '45000'                   SET MESSAGE_TEXT = 'FK Violation: fkTblScheduledTaskToTblScheduledMaintenanceNestingVia1548474820 - Cannot update key, children exist in tblScheduledTask';             END IF;         END IF;     END"
2026-02-11T17:01:13.860159,fkTblScheduledTaskToTblTaskGroupAssetCategoryViaIntTas177913541,trg_fkTblScheduledTaskToTblTaskGroupAssetCategoryViaIntTas177913541_ins_valid,CHILD_INSERT_VALIDATE,FAILURE,Code: 1 | Error: E0211 17:01:13.855523   70986 main.go:60] rpc error: code = Unknown desc = TabletManager.ExecuteFetchAsDba on zone1-3072903978: rpc error: code = Unknown desc = Identifier name 'trg_fkTblScheduledTaskToTblTaskGroupAssetCategoryViaIntTas177913541_ins_valid' is too long (errno 1059) (sqlstate 42000) during query: CREATE TRIGGER `trg_fkTblScheduledTaskToTblTaskGroupAssetCategoryViaIntTas177913541_ins_valid` BEFORE INSERT ON `tblScheduledTask`     FOR EACH ROW     BEGIN         IF (SELECT COUNT(*) FROM `tblTaskGroupAssetCategory` WHERE `id` = NEW.`intTaskGroupAssetCategoryControlID`) = 0 THEN             SIGNAL SQLSTATE '45000'              SET MESSAGE_TEXT = 'FK Violation: fkTblScheduledTaskToTblTaskGroupAssetCategoryViaIntTas177913541 - Referenced key not found in tblTaskGroupAssetCategory';         END IF;     END
2026-02-11T17:01:13.973221,fkTblScheduledTaskToTblTaskGroupAssetCategoryViaIntTas177913541,trg_fkTblScheduledTaskToTblTaskGroupAssetCategoryViaIntTas177913541_upd_valid,CHILD_UPDATE_VALIDATE,FAILURE,Code: 1 | Error: E0211 17:01:13.969380   70988 main.go:60] rpc error: code = Unknown desc = TabletManager.ExecuteFetchAsDba on zone1-3072903978: rpc error: code = Unknown desc = Identifier name 'trg_fkTblScheduledTaskToTblTaskGroupAssetCategoryViaIntTas177913541_upd_valid' is too long (errno 1059) (sqlstate 42000) during query: CREATE TRIGGER `trg_fkTblScheduledTaskToTblTaskGroupAssetCategoryViaIntTas177913541_upd_valid` BEFORE UPDATE ON `tblScheduledTask`     FOR EACH ROW     BEGIN         IF NOT (NEW.`intTaskGroupAssetCategoryControlID` <=> OLD.`intTaskGroupAssetCategoryControlID`) THEN             IF (SELECT COUNT(*) FROM `tblTaskGroupAssetCategory` WHERE `id` = NEW.`intTaskGroupAssetCategoryControlID`) = 0 THEN                 SIGNAL SQLSTATE '45000'                  SET MESSAGE_TEXT = 'FK Violation: fkTblScheduledTaskToTblTaskGroupAssetCategoryViaIntTas177913541 - Referenced key not found in tblTaskGroupAssetCategory';             END IF;         END IF;     END
2026-02-11T17:01:14.080840,fkTblScheduledTaskToTblTaskGroupAssetCategoryViaIntTas177913541,trg_fkTblScheduledTaskToTblTaskGroupAssetCategoryViaIntTas177913541_del_parent,PARENT_DELETE_RESTRICT,FAILURE,"Code: 1 | Error: E0211 17:01:14.076828   70990 main.go:60] rpc error: code = Unknown desc = TabletManager.ExecuteFetchAsDba on zone1-3072903978: rpc error: code = Unknown desc = Identifier name 'trg_fkTblScheduledTaskToTblTaskGroupAssetCategoryViaIntTas177913541_del_parent' is too long (errno 1059) (sqlstate 42000) during query: CREATE TRIGGER `trg_fkTblScheduledTaskToTblTaskGroupAssetCategoryViaIntTas177913541_del_parent` BEFORE DELETE ON `tblTaskGroupAssetCategory`         FOR EACH ROW         BEGIN             IF (SELECT COUNT(*) FROM `tblScheduledTask` WHERE `intTaskGroupAssetCategoryControlID` = OLD.`id`) > 0 THEN                 SIGNAL SQLSTATE '45000'                  SET MESSAGE_TEXT = 'FK Violation: fkTblScheduledTaskToTblTaskGroupAssetCategoryViaIntTas177913541 - Cannot delete, children exist in tblScheduledTask';             END IF;         END"
2026-02-11T17:01:14.192210,fkTblScheduledTaskToTblTaskGroupAssetCategoryViaIntTas177913541,trg_fkTblScheduledTaskToTblTaskGroupAssetCategoryViaIntTas177913541_upd_parent,PARENT_UPDATE_RESTRICT,FAILURE,"Code: 1 | Error: E0211 17:01:14.187950   70993 main.go:60] rpc error: code = Unknown desc = TabletManager.ExecuteFetchAsDba on zone1-3072903978: rpc error: code = Unknown desc = Identifier name 'trg_fkTblScheduledTaskToTblTaskGroupAssetCategoryViaIntTas177913541_upd_parent' is too long (errno 1059) (sqlstate 42000) during query: CREATE TRIGGER `trg_fkTblScheduledTaskToTblTaskGroupAssetCategoryViaIntTas177913541_upd_parent` BEFORE UPDATE ON `tblTaskGroupAssetCategory`     FOR EACH ROW     BEGIN         IF NOT (NEW.`id` <=> OLD.`id`) THEN             IF (SELECT COUNT(*) FROM `tblScheduledTask` WHERE `intTaskGroupAssetCategoryControlID` = OLD.`id`) > 0 THEN                  SIGNAL SQLSTATE '45000'                   SET MESSAGE_TEXT = 'FK Violation: fkTblScheduledTaskToTblTaskGroupAssetCategoryViaIntTas177913541 - Cannot update key, children exist in tblScheduledTask';             END IF;         END IF;     END"
2026-02-11T17:01:14.313379,fkTblScheduledTaskToTblTaskGroupViaIntTaskGroupControlID,trg_fkTblScheduledTaskToTblTaskGroupViaIntTaskGroupControlID_ins_valid,CHILD_INSERT_VALIDATE,FAILURE,Code: 1 | Error: E0211 17:01:14.308975   70995 main.go:60] rpc error: code = Unknown desc = TabletManager.ExecuteFetchAsDba on zone1-3072903978: rpc error: code = Unknown desc = Identifier name 'trg_fkTblScheduledTaskToTblTaskGroupViaIntTaskGroupControlID_ins_valid' is too long (errno 1059) (sqlstate 42000) during query: CREATE TRIGGER `trg_fkTblScheduledTaskToTblTaskGroupViaIntTaskGroupControlID_ins_valid` BEFORE INSERT ON `tblScheduledTask`     FOR EACH ROW     BEGIN         IF (SELECT COUNT(*) FROM `tblTaskGroup` WHERE `id` = NEW.`intTaskGroupControlID`) = 0 THEN             SIGNAL SQLSTATE '45000'              SET MESSAGE_TEXT = 'FK Violation: fkTblScheduledTaskToTblTaskGroupViaIntTaskGroupControlID - Referenced key not found in tblTaskGroup';         END IF;     END
2026-02-11T17:01:14.431989,fkTblScheduledTaskToTblTaskGroupViaIntTaskGroupControlID,trg_fkTblScheduledTaskToTblTaskGroupViaIntTaskGroupControlID_upd_valid,CHILD_UPDATE_VALIDATE,FAILURE,Code: 1 | Error: E0211 17:01:14.428057   70996 main.go:60] rpc error: code = Unknown desc = TabletManager.ExecuteFetchAsDba on zone1-3072903978: rpc error: code = Unknown desc = Identifier name 'trg_fkTblScheduledTaskToTblTaskGroupViaIntTaskGroupControlID_upd_valid' is too long (errno 1059) (sqlstate 42000) during query: CREATE TRIGGER `trg_fkTblScheduledTaskToTblTaskGroupViaIntTaskGroupControlID_upd_valid` BEFORE UPDATE ON `tblScheduledTask`     FOR EACH ROW     BEGIN         IF NOT (NEW.`intTaskGroupControlID` <=> OLD.`intTaskGroupControlID`) THEN             IF (SELECT COUNT(*) FROM `tblTaskGroup` WHERE `id` = NEW.`intTaskGroupControlID`) = 0 THEN                 SIGNAL SQLSTATE '45000'                  SET MESSAGE_TEXT = 'FK Violation: fkTblScheduledTaskToTblTaskGroupViaIntTaskGroupControlID - Referenced key not found in tblTaskGroup';             END IF;         END IF;     END
2026-02-11T17:01:14.543457,fkTblScheduledTaskToTblTaskGroupViaIntTaskGroupControlID,trg_fkTblScheduledTaskToTblTaskGroupViaIntTaskGroupControlID_del_parent,PARENT_DELETE_RESTRICT,FAILURE,"Code: 1 | Error: E0211 17:01:14.539690   71009 main.go:60] rpc error: code = Unknown desc = TabletManager.ExecuteFetchAsDba on zone1-3072903978: rpc error: code = Unknown desc = Identifier name 'trg_fkTblScheduledTaskToTblTaskGroupViaIntTaskGroupControlID_del_parent' is too long (errno 1059) (sqlstate 42000) during query: CREATE TRIGGER `trg_fkTblScheduledTaskToTblTaskGroupViaIntTaskGroupControlID_del_parent` BEFORE DELETE ON `tblTaskGroup`         FOR EACH ROW         BEGIN             IF (SELECT COUNT(*) FROM `tblScheduledTask` WHERE `intTaskGroupControlID` = OLD.`id`) > 0 THEN                 SIGNAL SQLSTATE '45000'                  SET MESSAGE_TEXT = 'FK Violation: fkTblScheduledTaskToTblTaskGroupViaIntTaskGroupControlID - Cannot delete, children exist in tblScheduledTask';             END IF;         END"
2026-02-11T17:01:14.656042,fkTblScheduledTaskToTblTaskGroupViaIntTaskGroupControlID,trg_fkTblScheduledTaskToTblTaskGroupViaIntTaskGroupControlID_upd_parent,PARENT_UPDATE_RESTRICT,FAILURE,"Code: 1 | Error: E0211 17:01:14.652869   71031 main.go:60] rpc error: code = Unknown desc = TabletManager.ExecuteFetchAsDba on zone1-3072903978: rpc error: code = Unknown desc = Identifier name 'trg_fkTblScheduledTaskToTblTaskGroupViaIntTaskGroupControlID_upd_parent' is too long (errno 1059) (sqlstate 42000) during query: CREATE TRIGGER `trg_fkTblScheduledTaskToTblTaskGroupViaIntTaskGroupControlID_upd_parent` BEFORE UPDATE ON `tblTaskGroup`     FOR EACH ROW     BEGIN         IF NOT (NEW.`id` <=> OLD.`id`) THEN             IF (SELECT COUNT(*) FROM `tblScheduledTask` WHERE `intTaskGroupControlID` = OLD.`id`) > 0 THEN                  SIGNAL SQLSTATE '45000'                   SET MESSAGE_TEXT = 'FK Violation: fkTblScheduledTaskToTblTaskGroupViaIntTaskGroupControlID - Cannot update key, children exist in tblScheduledTask';             END IF;         END IF;     END"
2026-02-11T17:01:14.809187,fkTblScheduledTaskToTblTaskViaIntTaskControlID,trg_fkTblScheduledTaskToTblTaskViaIntTaskControlID_ins_valid,CHILD_INSERT_VALIDATE,SUCCESS,Success
2026-02-11T17:01:14.965335,fkTblScheduledTaskToTblTaskViaIntTaskControlID,trg_fkTblScheduledTaskToTblTaskViaIntTaskControlID_upd_valid,CHILD_UPDATE_VALIDATE,SUCCESS,Success
2026-02-11T17:01:15.103178,fkTblScheduledTaskToTblTaskViaIntTaskControlID,trg_fkTblScheduledTaskToTblTaskViaIntTaskControlID_del_parent,PARENT_DELETE_RESTRICT,SUCCESS,Success
2026-02-11T17:01:15.262845,fkTblScheduledTaskToTblTaskViaIntTaskControlID,trg_fkTblScheduledTaskToTblTaskViaIntTaskControlID_upd_parent,PARENT_UPDATE_RESTRICT,SUCCESS,Success
2026-02-11T17:01:15.387602,fkTblScheduledTaskToTblUserViaIntAssignedToUserID,trg_fkTblScheduledTaskToTblUserViaIntAssignedToUserID_ins_valid,CHILD_INSERT_VALIDATE,SUCCESS,Success
2026-02-11T17:01:15.506677,fkTblScheduledTaskToTblUserViaIntAssignedToUserID,trg_fkTblScheduledTaskToTblUserViaIntAssignedToUserID_upd_valid,CHILD_UPDATE_VALIDATE,SUCCESS,Success
2026-02-11T17:01:15.637371,fkTblScheduledTaskToTblUserViaIntAssignedToUserID,trg_fkTblScheduledTaskToTblUserViaIntAssignedToUserID_del_parent,PARENT_DELETE_RESTRICT,SUCCESS,Success
2026-02-11T17:01:15.753134,fkTblScheduledTaskToTblUserViaIntAssignedToUserID,trg_fkTblScheduledTaskToTblUserViaIntAssignedToUserID_upd_parent,PARENT_UPDATE_RESTRICT,SUCCESS,Success
2026-02-11T17:01:15.864077,fkTblScheduleTriggerToTblAssetEventTypeViaIntAssetEventTypeID,trg_fkTblScheduleTriggerToTblAssetEventTypeViaIntAssetEventTypeID_ins_valid,CHILD_INSERT_VALIDATE,FAILURE,Code: 1 | Error: E0211 17:01:15.860238   71151 main.go:60] rpc error: code = Unknown desc = TabletManager.ExecuteFetchAsDba on zone1-3072903978: rpc error: code = Unknown desc = Identifier name 'trg_fkTblScheduleTriggerToTblAssetEventTypeViaIntAssetEventTypeID_ins_valid' is too long (errno 1059) (sqlstate 42000) during query: CREATE TRIGGER `trg_fkTblScheduleTriggerToTblAssetEventTypeViaIntAssetEventTypeID_ins_valid` BEFORE INSERT ON `tblScheduleTrigger`     FOR EACH ROW     BEGIN         IF (SELECT COUNT(*) FROM `tblAssetEventType` WHERE `id` = NEW.`intAssetEventTypeID`) = 0 THEN             SIGNAL SQLSTATE '45000'              SET MESSAGE_TEXT = 'FK Violation: fkTblScheduleTriggerToTblAssetEventTypeViaIntAssetEventTypeID - Referenced key not found in tblAssetEventType';         END IF;     END
2026-02-11T17:01:15.979914,fkTblScheduleTriggerToTblAssetEventTypeViaIntAssetEventTypeID,trg_fkTblScheduleTriggerToTblAssetEventTypeViaIntAssetEventTypeID_upd_valid,CHILD_UPDATE_VALIDATE,FAILURE,Code: 1 | Error: E0211 17:01:15.975076   71156 main.go:60] rpc error: code = Unknown desc = TabletManager.ExecuteFetchAsDba on zone1-3072903978: rpc error: code = Unknown desc = Identifier name 'trg_fkTblScheduleTriggerToTblAssetEventTypeViaIntAssetEventTypeID_upd_valid' is too long (errno 1059) (sqlstate 42000) during query: CREATE TRIGGER `trg_fkTblScheduleTriggerToTblAssetEventTypeViaIntAssetEventTypeID_upd_valid` BEFORE UPDATE ON `tblScheduleTrigger`     FOR EACH ROW     BEGIN         IF NOT (NEW.`intAssetEventTypeID` <=> OLD.`intAssetEventTypeID`) THEN             IF (SELECT COUNT(*) FROM `tblAssetEventType` WHERE `id` = NEW.`intAssetEventTypeID`) = 0 THEN                 SIGNAL SQLSTATE '45000'                  SET MESSAGE_TEXT = 'FK Violation: fkTblScheduleTriggerToTblAssetEventTypeViaIntAssetEventTypeID - Referenced key not found in tblAssetEventType';             END IF;         END IF;     END
2026-02-11T17:01:16.087108,fkTblScheduleTriggerToTblAssetEventTypeViaIntAssetEventTypeID,trg_fkTblScheduleTriggerToTblAssetEventTypeViaIntAssetEventTypeID_del_parent,PARENT_DELETE_RESTRICT,FAILURE,"Code: 1 | Error: E0211 17:01:16.083864   71158 main.go:60] rpc error: code = Unknown desc = TabletManager.ExecuteFetchAsDba on zone1-3072903978: rpc error: code = Unknown desc = Identifier name 'trg_fkTblScheduleTriggerToTblAssetEventTypeViaIntAssetEventTypeID_del_parent' is too long (errno 1059) (sqlstate 42000) during query: CREATE TRIGGER `trg_fkTblScheduleTriggerToTblAssetEventTypeViaIntAssetEventTypeID_del_parent` BEFORE DELETE ON `tblAssetEventType`         FOR EACH ROW         BEGIN             IF (SELECT COUNT(*) FROM `tblScheduleTrigger` WHERE `intAssetEventTypeID` = OLD.`id`) > 0 THEN                 SIGNAL SQLSTATE '45000'                  SET MESSAGE_TEXT = 'FK Violation: fkTblScheduleTriggerToTblAssetEventTypeViaIntAssetEventTypeID - Cannot delete, children exist in tblScheduleTrigger';             END IF;         END"
2026-02-11T17:01:16.195039,fkTblScheduleTriggerToTblAssetEventTypeViaIntAssetEventTypeID,trg_fkTblScheduleTriggerToTblAssetEventTypeViaIntAssetEventTypeID_upd_parent,PARENT_UPDATE_RESTRICT,FAILURE,"Code: 1 | Error: E0211 17:01:16.190846   71159 main.go:60] rpc error: code = Unknown desc = TabletManager.ExecuteFetchAsDba on zone1-3072903978: rpc error: code = Unknown desc = Identifier name 'trg_fkTblScheduleTriggerToTblAssetEventTypeViaIntAssetEventTypeID_upd_parent' is too long (errno 1059) (sqlstate 42000) during query: CREATE TRIGGER `trg_fkTblScheduleTriggerToTblAssetEventTypeViaIntAssetEventTypeID_upd_parent` BEFORE UPDATE ON `tblAssetEventType`     FOR EACH ROW     BEGIN         IF NOT (NEW.`id` <=> OLD.`id`) THEN             IF (SELECT COUNT(*) FROM `tblScheduleTrigger` WHERE `intAssetEventTypeID` = OLD.`id`) > 0 THEN                  SIGNAL SQLSTATE '45000'                   SET MESSAGE_TEXT = 'FK Violation: fkTblScheduleTriggerToTblAssetEventTypeViaIntAssetEventTypeID - Cannot update key, children exist in tblScheduleTrigger';             END IF;         END IF;     END"
2026-02-11T17:01:16.305145,fkTblScheduleTriggerToTblAssetViaIntAssetID,trg_fkTblScheduleTriggerToTblAssetViaIntAssetID_ins_valid,CHILD_INSERT_VALIDATE,SUCCESS,Success
2026-02-11T17:01:16.417381,fkTblScheduleTriggerToTblAssetViaIntAssetID,trg_fkTblScheduleTriggerToTblAssetViaIntAssetID_upd_valid,CHILD_UPDATE_VALIDATE,SUCCESS,Success
2026-02-11T17:01:16.536931,fkTblScheduleTriggerToTblAssetViaIntAssetID,trg_fkTblScheduleTriggerToTblAssetViaIntAssetID_del_parent,PARENT_DELETE_CASCADE,SUCCESS,Success
2026-02-11T17:01:16.652649,fkTblScheduleTriggerToTblAssetViaIntAssetID,trg_fkTblScheduleTriggerToTblAssetViaIntAssetID_upd_parent,PARENT_UPDATE_RESTRICT,SUCCESS,Success
2026-02-11T17:01:16.762042,fkTblScheduleTriggerToTblMeterReadingUnitViaIntRMeter2093417039,trg_fkTblScheduleTriggerToTblMeterReadingUnitViaIntRMeter2093417039_ins_valid,CHILD_INSERT_VALIDATE,FAILURE,Code: 1 | Error: E0211 17:01:16.758687   71164 main.go:60] rpc error: code = Unknown desc = TabletManager.ExecuteFetchAsDba on zone1-3072903978: rpc error: code = Unknown desc = Identifier name 'trg_fkTblScheduleTriggerToTblMeterReadingUnitViaIntRMeter2093417039_ins_valid' is too long (errno 1059) (sqlstate 42000) during query: CREATE TRIGGER `trg_fkTblScheduleTriggerToTblMeterReadingUnitViaIntRMeter2093417039_ins_valid` BEFORE INSERT ON `tblScheduleTrigger`     FOR EACH ROW     BEGIN         IF (SELECT COUNT(*) FROM `tblMeterReadingUnit` WHERE `id` = NEW.`intRMeterReadingUnitID`) = 0 THEN             SIGNAL SQLSTATE '45000'              SET MESSAGE_TEXT = 'FK Violation: fkTblScheduleTriggerToTblMeterReadingUnitViaIntRMeter2093417039 - Referenced key not found in tblMeterReadingUnit';         END IF;     END
2026-02-11T17:01:16.876009,fkTblScheduleTriggerToTblMeterReadingUnitViaIntRMeter2093417039,trg_fkTblScheduleTriggerToTblMeterReadingUnitViaIntRMeter2093417039_upd_valid,CHILD_UPDATE_VALIDATE,FAILURE,Code: 1 | Error: E0211 17:01:16.872118   71165 main.go:60] rpc error: code = Unknown desc = TabletManager.ExecuteFetchAsDba on zone1-3072903978: rpc error: code = Unknown desc = Identifier name 'trg_fkTblScheduleTriggerToTblMeterReadingUnitViaIntRMeter2093417039_upd_valid' is too long (errno 1059) (sqlstate 42000) during query: CREATE TRIGGER `trg_fkTblScheduleTriggerToTblMeterReadingUnitViaIntRMeter2093417039_upd_valid` BEFORE UPDATE ON `tblScheduleTrigger`     FOR EACH ROW     BEGIN         IF NOT (NEW.`intRMeterReadingUnitID` <=> OLD.`intRMeterReadingUnitID`) THEN             IF (SELECT COUNT(*) FROM `tblMeterReadingUnit` WHERE `id` = NEW.`intRMeterReadingUnitID`) = 0 THEN                 SIGNAL SQLSTATE '45000'                  SET MESSAGE_TEXT = 'FK Violation: fkTblScheduleTriggerToTblMeterReadingUnitViaIntRMeter2093417039 - Referenced key not found in tblMeterReadingUnit';             END IF;         END IF;     END
2026-02-11T17:01:16.993060,fkTblScheduleTriggerToTblMeterReadingUnitViaIntRMeter2093417039,trg_fkTblScheduleTriggerToTblMeterReadingUnitViaIntRMeter2093417039_del_parent,PARENT_DELETE_RESTRICT,FAILURE,"Code: 1 | Error: E0211 17:01:16.988901   71166 main.go:60] rpc error: code = Unknown desc = TabletManager.ExecuteFetchAsDba on zone1-3072903978: rpc error: code = Unknown desc = Identifier name 'trg_fkTblScheduleTriggerToTblMeterReadingUnitViaIntRMeter2093417039_del_parent' is too long (errno 1059) (sqlstate 42000) during query: CREATE TRIGGER `trg_fkTblScheduleTriggerToTblMeterReadingUnitViaIntRMeter2093417039_del_parent` BEFORE DELETE ON `tblMeterReadingUnit`         FOR EACH ROW         BEGIN             IF (SELECT COUNT(*) FROM `tblScheduleTrigger` WHERE `intRMeterReadingUnitID` = OLD.`id`) > 0 THEN                 SIGNAL SQLSTATE '45000'                  SET MESSAGE_TEXT = 'FK Violation: fkTblScheduleTriggerToTblMeterReadingUnitViaIntRMeter2093417039 - Cannot delete, children exist in tblScheduleTrigger';             END IF;         END"
2026-02-11T17:01:17.105747,fkTblScheduleTriggerToTblMeterReadingUnitViaIntRMeter2093417039,trg_fkTblScheduleTriggerToTblMeterReadingUnitViaIntRMeter2093417039_upd_parent,PARENT_UPDATE_RESTRICT,FAILURE,"Code: 1 | Error: E0211 17:01:17.101637   71167 main.go:60] rpc error: code = Unknown desc = TabletManager.ExecuteFetchAsDba on zone1-3072903978: rpc error: code = Unknown desc = Identifier name 'trg_fkTblScheduleTriggerToTblMeterReadingUnitViaIntRMeter2093417039_upd_parent' is too long (errno 1059) (sqlstate 42000) during query: CREATE TRIGGER `trg_fkTblScheduleTriggerToTblMeterReadingUnitViaIntRMeter2093417039_upd_parent` BEFORE UPDATE ON `tblMeterReadingUnit`     FOR EACH ROW     BEGIN         IF NOT (NEW.`id` <=> OLD.`id`) THEN             IF (SELECT COUNT(*) FROM `tblScheduleTrigger` WHERE `intRMeterReadingUnitID` = OLD.`id`) > 0 THEN                  SIGNAL SQLSTATE '45000'                   SET MESSAGE_TEXT = 'FK Violation: fkTblScheduleTriggerToTblMeterReadingUnitViaIntRMeter2093417039 - Cannot update key, children exist in tblScheduleTrigger';             END IF;         END IF;     END"
2026-02-11T17:01:17.217984,fkTblScheduleTriggerToTblMeterReadingUnitViaIntROMete1589245054,trg_fkTblScheduleTriggerToTblMeterReadingUnitViaIntROMete1589245054_ins_valid,CHILD_INSERT_VALIDATE,FAILURE,Code: 1 | Error: E0211 17:01:17.214798   71168 main.go:60] rpc error: code = Unknown desc = TabletManager.ExecuteFetchAsDba on zone1-3072903978: rpc error: code = Unknown desc = Identifier name 'trg_fkTblScheduleTriggerToTblMeterReadingUnitViaIntROMete1589245054_ins_valid' is too long (errno 1059) (sqlstate 42000) during query: CREATE TRIGGER `trg_fkTblScheduleTriggerToTblMeterReadingUnitViaIntROMete1589245054_ins_valid` BEFORE INSERT ON `tblScheduleTrigger`     FOR EACH ROW     BEGIN         IF (SELECT COUNT(*) FROM `tblMeterReadingUnit` WHERE `id` = NEW.`intROMeterReadingUnitID`) = 0 THEN             SIGNAL SQLSTATE '45000'              SET MESSAGE_TEXT = 'FK Violation: fkTblScheduleTriggerToTblMeterReadingUnitViaIntROMete1589245054 - Referenced key not found in tblMeterReadingUnit';         END IF;     END
2026-02-11T17:01:17.329057,fkTblScheduleTriggerToTblMeterReadingUnitViaIntROMete1589245054,trg_fkTblScheduleTriggerToTblMeterReadingUnitViaIntROMete1589245054_upd_valid,CHILD_UPDATE_VALIDATE,FAILURE,Code: 1 | Error: E0211 17:01:17.323978   71170 main.go:60] rpc error: code = Unknown desc = TabletManager.ExecuteFetchAsDba on zone1-3072903978: rpc error: code = Unknown desc = Identifier name 'trg_fkTblScheduleTriggerToTblMeterReadingUnitViaIntROMete1589245054_upd_valid' is too long (errno 1059) (sqlstate 42000) during query: CREATE TRIGGER `trg_fkTblScheduleTriggerToTblMeterReadingUnitViaIntROMete1589245054_upd_valid` BEFORE UPDATE ON `tblScheduleTrigger`     FOR EACH ROW     BEGIN         IF NOT (NEW.`intROMeterReadingUnitID` <=> OLD.`intROMeterReadingUnitID`) THEN             IF (SELECT COUNT(*) FROM `tblMeterReadingUnit` WHERE `id` = NEW.`intROMeterReadingUnitID`) = 0 THEN                 SIGNAL SQLSTATE '45000'                  SET MESSAGE_TEXT = 'FK Violation: fkTblScheduleTriggerToTblMeterReadingUnitViaIntROMete1589245054 - Referenced key not found in tblMeterReadingUnit';             END IF;         END IF;     END
2026-02-11T17:01:17.442610,fkTblScheduleTriggerToTblMeterReadingUnitViaIntROMete1589245054,trg_fkTblScheduleTriggerToTblMeterReadingUnitViaIntROMete1589245054_del_parent,PARENT_DELETE_RESTRICT,FAILURE,"Code: 1 | Error: E0211 17:01:17.437709   71172 main.go:60] rpc error: code = Unknown desc = TabletManager.ExecuteFetchAsDba on zone1-3072903978: rpc error: code = Unknown desc = Identifier name 'trg_fkTblScheduleTriggerToTblMeterReadingUnitViaIntROMete1589245054_del_parent' is too long (errno 1059) (sqlstate 42000) during query: CREATE TRIGGER `trg_fkTblScheduleTriggerToTblMeterReadingUnitViaIntROMete1589245054_del_parent` BEFORE DELETE ON `tblMeterReadingUnit`         FOR EACH ROW         BEGIN             IF (SELECT COUNT(*) FROM `tblScheduleTrigger` WHERE `intROMeterReadingUnitID` = OLD.`id`) > 0 THEN                 SIGNAL SQLSTATE '45000'                  SET MESSAGE_TEXT = 'FK Violation: fkTblScheduleTriggerToTblMeterReadingUnitViaIntROMete1589245054 - Cannot delete, children exist in tblScheduleTrigger';             END IF;         END"
2026-02-11T17:01:17.560811,fkTblScheduleTriggerToTblMeterReadingUnitViaIntROMete1589245054,trg_fkTblScheduleTriggerToTblMeterReadingUnitViaIntROMete1589245054_upd_parent,PARENT_UPDATE_RESTRICT,FAILURE,"Code: 1 | Error: E0211 17:01:17.556946   71173 main.go:60] rpc error: code = Unknown desc = TabletManager.ExecuteFetchAsDba on zone1-3072903978: rpc error: code = Unknown desc = Identifier name 'trg_fkTblScheduleTriggerToTblMeterReadingUnitViaIntROMete1589245054_upd_parent' is too long (errno 1059) (sqlstate 42000) during query: CREATE TRIGGER `trg_fkTblScheduleTriggerToTblMeterReadingUnitViaIntROMete1589245054_upd_parent` BEFORE UPDATE ON `tblMeterReadingUnit`     FOR EACH ROW     BEGIN         IF NOT (NEW.`id` <=> OLD.`id`) THEN             IF (SELECT COUNT(*) FROM `tblScheduleTrigger` WHERE `intROMeterReadingUnitID` = OLD.`id`) > 0 THEN                  SIGNAL SQLSTATE '45000'                   SET MESSAGE_TEXT = 'FK Violation: fkTblScheduleTriggerToTblMeterReadingUnitViaIntROMete1589245054 - Cannot update key, children exist in tblScheduleTrigger';             END IF;         END IF;     END"
2026-02-11T17:01:17.709799,fkTblScheduleTriggerToTblScheduledMaintenanceViaIntSch771186307,trg_fkTblScheduleTriggerToTblScheduledMaintenanceViaIntSch771186307_ins_valid,CHILD_INSERT_VALIDATE,FAILURE,Code: 1 | Error: E0211 17:01:17.706378   71174 main.go:60] rpc error: code = Unknown desc = TabletManager.ExecuteFetchAsDba on zone1-3072903978: rpc error: code = Unknown desc = Identifier name 'trg_fkTblScheduleTriggerToTblScheduledMaintenanceViaIntSch771186307_ins_valid' is too long (errno 1059) (sqlstate 42000) during query: CREATE TRIGGER `trg_fkTblScheduleTriggerToTblScheduledMaintenanceViaIntSch771186307_ins_valid` BEFORE INSERT ON `tblScheduleTrigger`     FOR EACH ROW     BEGIN         IF (SELECT COUNT(*) FROM `tblScheduledMaintenance` WHERE `id` = NEW.`intScheduledMaintenanceID`) = 0 THEN             SIGNAL SQLSTATE '45000'              SET MESSAGE_TEXT = 'FK Violation: fkTblScheduleTriggerToTblScheduledMaintenanceViaIntSch771186307 - Referenced key not found in tblScheduledMaintenance';         END IF;     END
2026-02-11T17:01:17.817284,fkTblScheduleTriggerToTblScheduledMaintenanceViaIntSch771186307,trg_fkTblScheduleTriggerToTblScheduledMaintenanceViaIntSch771186307_upd_valid,CHILD_UPDATE_VALIDATE,FAILURE,Code: 1 | Error: E0211 17:01:17.813850   71175 main.go:60] rpc error: code = Unknown desc = TabletManager.ExecuteFetchAsDba on zone1-3072903978: rpc error: code = Unknown desc = Identifier name 'trg_fkTblScheduleTriggerToTblScheduledMaintenanceViaIntSch771186307_upd_valid' is too long (errno 1059) (sqlstate 42000) during query: CREATE TRIGGER `trg_fkTblScheduleTriggerToTblScheduledMaintenanceViaIntSch771186307_upd_valid` BEFORE UPDATE ON `tblScheduleTrigger`     FOR EACH ROW     BEGIN         IF NOT (NEW.`intScheduledMaintenanceID` <=> OLD.`intScheduledMaintenanceID`) THEN             IF (SELECT COUNT(*) FROM `tblScheduledMaintenance` WHERE `id` = NEW.`intScheduledMaintenanceID`) = 0 THEN                 SIGNAL SQLSTATE '45000'                  SET MESSAGE_TEXT = 'FK Violation: fkTblScheduleTriggerToTblScheduledMaintenanceViaIntSch771186307 - Referenced key not found in tblScheduledMaintenance';             END IF;         END IF;     END
2026-02-11T17:01:17.929370,fkTblScheduleTriggerToTblScheduledMaintenanceViaIntSch771186307,trg_fkTblScheduleTriggerToTblScheduledMaintenanceViaIntSch771186307_del_parent,PARENT_DELETE_CASCADE,FAILURE,Code: 1 | Error: E0211 17:01:17.923903   71176 main.go:60] rpc error: code = Unknown desc = TabletManager.ExecuteFetchAsDba on zone1-3072903978: rpc error: code = Unknown desc = Identifier name 'trg_fkTblScheduleTriggerToTblScheduledMaintenanceViaIntSch771186307_del_parent' is too long (errno 1059) (sqlstate 42000) during query: CREATE TRIGGER `trg_fkTblScheduleTriggerToTblScheduledMaintenanceViaIntSch771186307_del_parent` BEFORE DELETE ON `tblScheduledMaintenance`         FOR EACH ROW         BEGIN             DELETE FROM `tblScheduleTrigger` WHERE `intScheduledMaintenanceID` = OLD.`id`;         END
2026-02-11T17:01:18.040968,fkTblScheduleTriggerToTblScheduledMaintenanceViaIntSch771186307,trg_fkTblScheduleTriggerToTblScheduledMaintenanceViaIntSch771186307_upd_parent,PARENT_UPDATE_RESTRICT,FAILURE,"Code: 1 | Error: E0211 17:01:18.037639   71177 main.go:60] rpc error: code = Unknown desc = TabletManager.ExecuteFetchAsDba on zone1-3072903978: rpc error: code = Unknown desc = Identifier name 'trg_fkTblScheduleTriggerToTblScheduledMaintenanceViaIntSch771186307_upd_parent' is too long (errno 1059) (sqlstate 42000) during query: CREATE TRIGGER `trg_fkTblScheduleTriggerToTblScheduledMaintenanceViaIntSch771186307_upd_parent` BEFORE UPDATE ON `tblScheduledMaintenance`     FOR EACH ROW     BEGIN         IF NOT (NEW.`id` <=> OLD.`id`) THEN             IF (SELECT COUNT(*) FROM `tblScheduleTrigger` WHERE `intScheduledMaintenanceID` = OLD.`id`) > 0 THEN                  SIGNAL SQLSTATE '45000'                   SET MESSAGE_TEXT = 'FK Violation: fkTblScheduleTriggerToTblScheduledMaintenanceViaIntSch771186307 - Cannot update key, children exist in tblScheduleTrigger';             END IF;         END IF;     END"
2026-02-11T17:01:18.151702,fkTblSiteAvailabilityToTblAssetViaIntAllowedSiteID,trg_fkTblSiteAvailabilityToTblAssetViaIntAllowedSiteID_ins_valid,CHILD_INSERT_VALIDATE,SUCCESS,Success
2026-02-11T17:01:18.261305,fkTblSiteAvailabilityToTblAssetViaIntAllowedSiteID,trg_fkTblSiteAvailabilityToTblAssetViaIntAllowedSiteID_upd_valid,CHILD_UPDATE_VALIDATE,SUCCESS,Success
2026-02-11T17:01:18.364490,fkTblSiteAvailabilityToTblAssetViaIntAllowedSiteID,trg_fkTblSiteAvailabilityToTblAssetViaIntAllowedSiteID_del_parent,PARENT_DELETE_CASCADE,FAILURE,Code: 1 | Error: E0211 17:01:18.361354   71180 main.go:60] rpc error: code = Unknown desc = TabletManager.ExecuteFetchAsDba on zone1-3072903978: rpc error: code = Unknown desc = Identifier name 'trg_fkTblSiteAvailabilityToTblAssetViaIntAllowedSiteID_del_parent' is too long (errno 1059) (sqlstate 42000) during query: CREATE TRIGGER `trg_fkTblSiteAvailabilityToTblAssetViaIntAllowedSiteID_del_parent` BEFORE DELETE ON `tblAsset`         FOR EACH ROW         BEGIN             DELETE FROM `tblSiteAvailability` WHERE `intAllowedSiteID` = OLD.`id`;         END
2026-02-11T17:01:18.478140,fkTblSiteAvailabilityToTblAssetViaIntAllowedSiteID,trg_fkTblSiteAvailabilityToTblAssetViaIntAllowedSiteID_upd_parent,PARENT_UPDATE_RESTRICT,FAILURE,"Code: 1 | Error: E0211 17:01:18.473716   71181 main.go:60] rpc error: code = Unknown desc = TabletManager.ExecuteFetchAsDba on zone1-3072903978: rpc error: code = Unknown desc = Identifier name 'trg_fkTblSiteAvailabilityToTblAssetViaIntAllowedSiteID_upd_parent' is too long (errno 1059) (sqlstate 42000) during query: CREATE TRIGGER `trg_fkTblSiteAvailabilityToTblAssetViaIntAllowedSiteID_upd_parent` BEFORE UPDATE ON `tblAsset`     FOR EACH ROW     BEGIN         IF NOT (NEW.`id` <=> OLD.`id`) THEN             IF (SELECT COUNT(*) FROM `tblSiteAvailability` WHERE `intAllowedSiteID` = OLD.`id`) > 0 THEN                  SIGNAL SQLSTATE '45000'                   SET MESSAGE_TEXT = 'FK Violation: fkTblSiteAvailabilityToTblAssetViaIntAllowedSiteID - Cannot update key, children exist in tblSiteAvailability';             END IF;         END IF;     END"
2026-02-11T17:01:18.592414,fkTblSiteAvailabilityToTblAssetViaIntOriginSiteID,trg_fkTblSiteAvailabilityToTblAssetViaIntOriginSiteID_ins_valid,CHILD_INSERT_VALIDATE,SUCCESS,Success
2026-02-11T17:01:18.707700,fkTblSiteAvailabilityToTblAssetViaIntOriginSiteID,trg_fkTblSiteAvailabilityToTblAssetViaIntOriginSiteID_upd_valid,CHILD_UPDATE_VALIDATE,SUCCESS,Success
2026-02-11T17:01:18.828490,fkTblSiteAvailabilityToTblAssetViaIntOriginSiteID,trg_fkTblSiteAvailabilityToTblAssetViaIntOriginSiteID_del_parent,PARENT_DELETE_CASCADE,SUCCESS,Success
2026-02-11T17:01:18.947313,fkTblSiteAvailabilityToTblAssetViaIntOriginSiteID,trg_fkTblSiteAvailabilityToTblAssetViaIntOriginSiteID_upd_parent,PARENT_UPDATE_RESTRICT,SUCCESS,Success
2026-02-11T17:01:19.054756,fkTblSiteSettingToTblAssetViaIntSiteID,trg_fkTblSiteSettingToTblAssetViaIntSiteID_ins_valid,CHILD_INSERT_VALIDATE,SUCCESS,Success
2026-02-11T17:01:19.159747,fkTblSiteSettingToTblAssetViaIntSiteID,trg_fkTblSiteSettingToTblAssetViaIntSiteID_upd_valid,CHILD_UPDATE_VALIDATE,SUCCESS,Success
2026-02-11T17:01:19.272232,fkTblSiteSettingToTblAssetViaIntSiteID,trg_fkTblSiteSettingToTblAssetViaIntSiteID_del_parent,PARENT_DELETE_CASCADE,SUCCESS,Success
2026-02-11T17:01:19.385992,fkTblSiteSettingToTblAssetViaIntSiteID,trg_fkTblSiteSettingToTblAssetViaIntSiteID_upd_parent,PARENT_UPDATE_RESTRICT,SUCCESS,Success
2026-02-11T17:01:19.502512,fkTblSiteUserToTblUserViaIntUserID,trg_fkTblSiteUserToTblUserViaIntUserID_ins_valid,CHILD_INSERT_VALIDATE,SUCCESS,Success
2026-02-11T17:01:19.654906,fkTblSiteUserToTblUserViaIntUserID,trg_fkTblSiteUserToTblUserViaIntUserID_upd_valid,CHILD_UPDATE_VALIDATE,SUCCESS,Success
2026-02-11T17:01:19.780972,fkTblSiteUserToTblUserViaIntUserID,trg_fkTblSiteUserToTblUserViaIntUserID_del_parent,PARENT_DELETE_CASCADE,SUCCESS,Success
2026-02-11T17:01:19.905693,fkTblSiteUserToTblUserViaIntUserID,trg_fkTblSiteUserToTblUserViaIntUserID_upd_parent,PARENT_UPDATE_RESTRICT,SUCCESS,Success
2026-02-11T17:01:20.024471,fkTblSiteUserGroupToTblUserViaIntGroupID,trg_fkTblSiteUserGroupToTblUserViaIntGroupID_ins_valid,CHILD_INSERT_VALIDATE,SUCCESS,Success
2026-02-11T17:01:20.139793,fkTblSiteUserGroupToTblUserViaIntGroupID,trg_fkTblSiteUserGroupToTblUserViaIntGroupID_upd_valid,CHILD_UPDATE_VALIDATE,SUCCESS,Success
2026-02-11T17:01:20.265566,fkTblSiteUserGroupToTblUserViaIntGroupID,trg_fkTblSiteUserGroupToTblUserViaIntGroupID_del_parent,PARENT_DELETE_CASCADE,SUCCESS,Success
2026-02-11T17:01:20.389125,fkTblSiteUserGroupToTblUserViaIntGroupID,trg_fkTblSiteUserGroupToTblUserViaIntGroupID_upd_parent,PARENT_UPDATE_RESTRICT,SUCCESS,Success
2026-02-11T17:01:20.502984,fkTblStockAdjustmentItemToTblStockViaIntStockID,trg_fkTblStockAdjustmentItemToTblStockViaIntStockID_ins_valid,CHILD_INSERT_VALIDATE,SUCCESS,Success
2026-02-11T17:01:20.631502,fkTblStockAdjustmentItemToTblStockViaIntStockID,trg_fkTblStockAdjustmentItemToTblStockViaIntStockID_upd_valid,CHILD_UPDATE_VALIDATE,SUCCESS,Success
2026-02-11T17:01:20.741990,fkTblStockAdjustmentItemToTblStockViaIntStockID,trg_fkTblStockAdjustmentItemToTblStockViaIntStockID_del_parent,PARENT_DELETE_CASCADE,SUCCESS,Success
2026-02-11T17:01:20.857845,fkTblStockAdjustmentItemToTblStockViaIntStockID,trg_fkTblStockAdjustmentItemToTblStockViaIntStockID_upd_parent,PARENT_UPDATE_RESTRICT,SUCCESS,Success
2026-02-11T17:01:20.963362,fkTblStockAdjustmentItemToTblUserViaIntUserID,trg_fkTblStockAdjustmentItemToTblUserViaIntUserID_ins_valid,CHILD_INSERT_VALIDATE,SUCCESS,Success
2026-02-11T17:01:21.086887,fkTblStockAdjustmentItemToTblUserViaIntUserID,trg_fkTblStockAdjustmentItemToTblUserViaIntUserID_upd_valid,CHILD_UPDATE_VALIDATE,SUCCESS,Success
2026-02-11T17:01:21.214137,fkTblStockAdjustmentItemToTblUserViaIntUserID,trg_fkTblStockAdjustmentItemToTblUserViaIntUserID_del_parent,PARENT_DELETE_RESTRICT,SUCCESS,Success
2026-02-11T17:01:21.386434,fkTblStockAdjustmentItemToTblUserViaIntUserID,trg_fkTblStockAdjustmentItemToTblUserViaIntUserID_upd_parent,PARENT_UPDATE_RESTRICT,SUCCESS,Success
2026-02-11T17:01:21.548319,fkTblStockCycleCountToTblUserViaIntCountedBy,trg_fkTblStockCycleCountToTblUserViaIntCountedBy_ins_valid,CHILD_INSERT_VALIDATE,SUCCESS,Success
2026-02-11T17:01:21.669195,fkTblStockCycleCountToTblUserViaIntCountedBy,trg_fkTblStockCycleCountToTblUserViaIntCountedBy_upd_valid,CHILD_UPDATE_VALIDATE,SUCCESS,Success
2026-02-11T17:01:21.833259,fkTblStockCycleCountToTblUserViaIntCountedBy,trg_fkTblStockCycleCountToTblUserViaIntCountedBy_del_parent,PARENT_DELETE_RESTRICT,SUCCESS,Success
2026-02-11T17:01:21.962457,fkTblStockCycleCountToTblUserViaIntCountedBy,trg_fkTblStockCycleCountToTblUserViaIntCountedBy_upd_parent,PARENT_UPDATE_RESTRICT,SUCCESS,Success
2026-02-11T17:01:22.078280,fkTblStockHistoryToTblStockViaIntStockID,trg_fkTblStockHistoryToTblStockViaIntStockID_ins_valid,CHILD_INSERT_VALIDATE,SUCCESS,Success
2026-02-11T17:01:22.196501,fkTblStockHistoryToTblStockViaIntStockID,trg_fkTblStockHistoryToTblStockViaIntStockID_upd_valid,CHILD_UPDATE_VALIDATE,SUCCESS,Success
2026-02-11T17:01:22.314880,fkTblStockHistoryToTblStockViaIntStockID,trg_fkTblStockHistoryToTblStockViaIntStockID_del_parent,PARENT_DELETE_CASCADE,SUCCESS,Success
2026-02-11T17:01:22.420605,fkTblStockHistoryToTblStockViaIntStockID,trg_fkTblStockHistoryToTblStockViaIntStockID_upd_parent,PARENT_UPDATE_RESTRICT,SUCCESS,Success
2026-02-11T17:01:22.533695,fkTblStockHistoryToTblUserViaIntUserID,trg_fkTblStockHistoryToTblUserViaIntUserID_ins_valid,CHILD_INSERT_VALIDATE,SUCCESS,Success
2026-02-11T17:01:22.650128,fkTblStockHistoryToTblUserViaIntUserID,trg_fkTblStockHistoryToTblUserViaIntUserID_upd_valid,CHILD_UPDATE_VALIDATE,SUCCESS,Success
2026-02-11T17:01:22.775337,fkTblStockHistoryToTblUserViaIntUserID,trg_fkTblStockHistoryToTblUserViaIntUserID_del_parent,PARENT_DELETE_RESTRICT,SUCCESS,Success
2026-02-11T17:01:22.901178,fkTblStockHistoryToTblUserViaIntUserID,trg_fkTblStockHistoryToTblUserViaIntUserID_upd_parent,PARENT_UPDATE_RESTRICT,SUCCESS,Success
2026-02-11T17:01:23.012878,fkTblStockPurchaseItemToTblAssetViaIntAssetID,trg_fkTblStockPurchaseItemToTblAssetViaIntAssetID_ins_valid,CHILD_INSERT_VALIDATE,SUCCESS,Success
2026-02-11T17:01:23.126307,fkTblStockPurchaseItemToTblAssetViaIntAssetID,trg_fkTblStockPurchaseItemToTblAssetViaIntAssetID_upd_valid,CHILD_UPDATE_VALIDATE,SUCCESS,Success
2026-02-11T17:01:23.283526,fkTblStockPurchaseItemToTblAssetViaIntAssetID,trg_fkTblStockPurchaseItemToTblAssetViaIntAssetID_del_parent,PARENT_DELETE_RESTRICT,SUCCESS,Success
2026-02-11T17:01:23.414384,fkTblStockPurchaseItemToTblAssetViaIntAssetID,trg_fkTblStockPurchaseItemToTblAssetViaIntAssetID_upd_parent,PARENT_UPDATE_RESTRICT,SUCCESS,Success
2026-02-11T17:01:23.522386,fkTblStockPurchaseItemToTblBusinessViaIntBusinessID,trg_fkTblStockPurchaseItemToTblBusinessViaIntBusinessID_ins_valid,CHILD_INSERT_VALIDATE,FAILURE,Code: 1 | Error: E0211 17:01:23.519266   71227 main.go:60] rpc error: code = Unknown desc = TabletManager.ExecuteFetchAsDba on zone1-3072903978: rpc error: code = Unknown desc = Identifier name 'trg_fkTblStockPurchaseItemToTblBusinessViaIntBusinessID_ins_valid' is too long (errno 1059) (sqlstate 42000) during query: CREATE TRIGGER `trg_fkTblStockPurchaseItemToTblBusinessViaIntBusinessID_ins_valid` BEFORE INSERT ON `tblStockPurchaseItem`     FOR EACH ROW     BEGIN         IF (SELECT COUNT(*) FROM `tblBusiness` WHERE `id` = NEW.`intBusinessID`) = 0 THEN             SIGNAL SQLSTATE '45000'              SET MESSAGE_TEXT = 'FK Violation: fkTblStockPurchaseItemToTblBusinessViaIntBusinessID - Referenced key not found in tblBusiness';         END IF;     END
2026-02-11T17:01:23.627674,fkTblStockPurchaseItemToTblBusinessViaIntBusinessID,trg_fkTblStockPurchaseItemToTblBusinessViaIntBusinessID_upd_valid,CHILD_UPDATE_VALIDATE,FAILURE,Code: 1 | Error: E0211 17:01:23.623899   71228 main.go:60] rpc error: code = Unknown desc = TabletManager.ExecuteFetchAsDba on zone1-3072903978: rpc error: code = Unknown desc = Identifier name 'trg_fkTblStockPurchaseItemToTblBusinessViaIntBusinessID_upd_valid' is too long (errno 1059) (sqlstate 42000) during query: CREATE TRIGGER `trg_fkTblStockPurchaseItemToTblBusinessViaIntBusinessID_upd_valid` BEFORE UPDATE ON `tblStockPurchaseItem`     FOR EACH ROW     BEGIN         IF NOT (NEW.`intBusinessID` <=> OLD.`intBusinessID`) THEN             IF (SELECT COUNT(*) FROM `tblBusiness` WHERE `id` = NEW.`intBusinessID`) = 0 THEN                 SIGNAL SQLSTATE '45000'                  SET MESSAGE_TEXT = 'FK Violation: fkTblStockPurchaseItemToTblBusinessViaIntBusinessID - Referenced key not found in tblBusiness';             END IF;         END IF;     END
2026-02-11T17:01:23.728505,fkTblStockPurchaseItemToTblBusinessViaIntBusinessID,trg_fkTblStockPurchaseItemToTblBusinessViaIntBusinessID_del_parent,PARENT_DELETE_RESTRICT,FAILURE,"Code: 1 | Error: E0211 17:01:23.725586   71231 main.go:60] rpc error: code = Unknown desc = TabletManager.ExecuteFetchAsDba on zone1-3072903978: rpc error: code = Unknown desc = Identifier name 'trg_fkTblStockPurchaseItemToTblBusinessViaIntBusinessID_del_parent' is too long (errno 1059) (sqlstate 42000) during query: CREATE TRIGGER `trg_fkTblStockPurchaseItemToTblBusinessViaIntBusinessID_del_parent` BEFORE DELETE ON `tblBusiness`         FOR EACH ROW         BEGIN             IF (SELECT COUNT(*) FROM `tblStockPurchaseItem` WHERE `intBusinessID` = OLD.`id`) > 0 THEN                 SIGNAL SQLSTATE '45000'                  SET MESSAGE_TEXT = 'FK Violation: fkTblStockPurchaseItemToTblBusinessViaIntBusinessID - Cannot delete, children exist in tblStockPurchaseItem';             END IF;         END"
2026-02-11T17:01:23.836239,fkTblStockPurchaseItemToTblBusinessViaIntBusinessID,trg_fkTblStockPurchaseItemToTblBusinessViaIntBusinessID_upd_parent,PARENT_UPDATE_RESTRICT,FAILURE,"Code: 1 | Error: E0211 17:01:23.832740   71232 main.go:60] rpc error: code = Unknown desc = TabletManager.ExecuteFetchAsDba on zone1-3072903978: rpc error: code = Unknown desc = Identifier name 'trg_fkTblStockPurchaseItemToTblBusinessViaIntBusinessID_upd_parent' is too long (errno 1059) (sqlstate 42000) during query: CREATE TRIGGER `trg_fkTblStockPurchaseItemToTblBusinessViaIntBusinessID_upd_parent` BEFORE UPDATE ON `tblBusiness`     FOR EACH ROW     BEGIN         IF NOT (NEW.`id` <=> OLD.`id`) THEN             IF (SELECT COUNT(*) FROM `tblStockPurchaseItem` WHERE `intBusinessID` = OLD.`id`) > 0 THEN                  SIGNAL SQLSTATE '45000'                   SET MESSAGE_TEXT = 'FK Violation: fkTblStockPurchaseItemToTblBusinessViaIntBusinessID - Cannot update key, children exist in tblStockPurchaseItem';             END IF;         END IF;     END"
2026-02-11T17:01:23.966116,fkTblStockPurchaseItemToTblStockViaIntStockID,trg_fkTblStockPurchaseItemToTblStockViaIntStockID_ins_valid,CHILD_INSERT_VALIDATE,SUCCESS,Success
2026-02-11T17:01:24.131213,fkTblStockPurchaseItemToTblStockViaIntStockID,trg_fkTblStockPurchaseItemToTblStockViaIntStockID_upd_valid,CHILD_UPDATE_VALIDATE,SUCCESS,Success
2026-02-11T17:01:24.257412,fkTblStockPurchaseItemToTblStockViaIntStockID,trg_fkTblStockPurchaseItemToTblStockViaIntStockID_del_parent,PARENT_DELETE_CASCADE,SUCCESS,Success
2026-02-11T17:01:24.369398,fkTblStockPurchaseItemToTblStockViaIntStockID,trg_fkTblStockPurchaseItemToTblStockViaIntStockID_upd_parent,PARENT_UPDATE_RESTRICT,SUCCESS,Success
2026-02-11T17:01:24.486226,fkTblStockPurchaseItemToTblUserViaIntUserID,trg_fkTblStockPurchaseItemToTblUserViaIntUserID_ins_valid,CHILD_INSERT_VALIDATE,SUCCESS,Success
2026-02-11T17:01:24.596777,fkTblStockPurchaseItemToTblUserViaIntUserID,trg_fkTblStockPurchaseItemToTblUserViaIntUserID_upd_valid,CHILD_UPDATE_VALIDATE,SUCCESS,Success
2026-02-11T17:01:24.722566,fkTblStockPurchaseItemToTblUserViaIntUserID,trg_fkTblStockPurchaseItemToTblUserViaIntUserID_del_parent,PARENT_DELETE_RESTRICT,SUCCESS,Success
2026-02-11T17:01:24.847459,fkTblStockPurchaseItemToTblUserViaIntUserID,trg_fkTblStockPurchaseItemToTblUserViaIntUserID_upd_parent,PARENT_UPDATE_RESTRICT,SUCCESS,Success
2026-02-11T17:01:25.002672,fkTblSubscriptionPlanToTblQuoteViaIntQuoteID,trg_fkTblSubscriptionPlanToTblQuoteViaIntQuoteID_ins_valid,CHILD_INSERT_VALIDATE,SUCCESS,Success
2026-02-11T17:01:25.118391,fkTblSubscriptionPlanToTblQuoteViaIntQuoteID,trg_fkTblSubscriptionPlanToTblQuoteViaIntQuoteID_upd_valid,CHILD_UPDATE_VALIDATE,SUCCESS,Success
2026-02-11T17:01:25.271179,fkTblSubscriptionPlanToTblQuoteViaIntQuoteID,trg_fkTblSubscriptionPlanToTblQuoteViaIntQuoteID_del_parent,PARENT_DELETE_RESTRICT,SUCCESS,Success
2026-02-11T17:01:25.386574,fkTblSubscriptionPlanToTblQuoteViaIntQuoteID,trg_fkTblSubscriptionPlanToTblQuoteViaIntQuoteID_upd_parent,PARENT_UPDATE_RESTRICT,SUCCESS,Success
2026-02-11T17:01:25.523775,fkTblSubscriptionPlanToTblSubscriptionPlanViaIntReplac185297517,trg_fkTblSubscriptionPlanToTblSubscriptionPlanViaIntReplac185297517_ins_valid,CHILD_INSERT_VALIDATE,FAILURE,Code: 1 | Error: E0211 17:01:25.520070   71339 main.go:60] rpc error: code = Unknown desc = TabletManager.ExecuteFetchAsDba on zone1-3072903978: rpc error: code = Unknown desc = Identifier name 'trg_fkTblSubscriptionPlanToTblSubscriptionPlanViaIntReplac185297517_ins_valid' is too long (errno 1059) (sqlstate 42000) during query: CREATE TRIGGER `trg_fkTblSubscriptionPlanToTblSubscriptionPlanViaIntReplac185297517_ins_valid` BEFORE INSERT ON `tblSubscriptionPlan`     FOR EACH ROW     BEGIN         IF (SELECT COUNT(*) FROM `tblSubscriptionPlan` WHERE `id` = NEW.`intReplacedBySubscriptionPlanID`) = 0 THEN             SIGNAL SQLSTATE '45000'              SET MESSAGE_TEXT = 'FK Violation: fkTblSubscriptionPlanToTblSubscriptionPlanViaIntReplac185297517 - Referenced key not found in tblSubscriptionPlan';         END IF;     END
2026-02-11T17:01:25.673334,fkTblSubscriptionPlanToTblSubscriptionPlanViaIntReplac185297517,trg_fkTblSubscriptionPlanToTblSubscriptionPlanViaIntReplac185297517_upd_valid,CHILD_UPDATE_VALIDATE,FAILURE,Code: 1 | Error: E0211 17:01:25.669576   71363 main.go:60] rpc error: code = Unknown desc = TabletManager.ExecuteFetchAsDba on zone1-3072903978: rpc error: code = Unknown desc = Identifier name 'trg_fkTblSubscriptionPlanToTblSubscriptionPlanViaIntReplac185297517_upd_valid' is too long (errno 1059) (sqlstate 42000) during query: CREATE TRIGGER `trg_fkTblSubscriptionPlanToTblSubscriptionPlanViaIntReplac185297517_upd_valid` BEFORE UPDATE ON `tblSubscriptionPlan`     FOR EACH ROW     BEGIN         IF NOT (NEW.`intReplacedBySubscriptionPlanID` <=> OLD.`intReplacedBySubscriptionPlanID`) THEN             IF (SELECT COUNT(*) FROM `tblSubscriptionPlan` WHERE `id` = NEW.`intReplacedBySubscriptionPlanID`) = 0 THEN                 SIGNAL SQLSTATE '45000'                  SET MESSAGE_TEXT = 'FK Violation: fkTblSubscriptionPlanToTblSubscriptionPlanViaIntReplac185297517 - Referenced key not found in tblSubscriptionPlan';             END IF;         END IF;     END
2026-02-11T17:01:25.793123,fkTblSubscriptionPlanToTblSubscriptionPlanViaIntReplac185297517,trg_fkTblSubscriptionPlanToTblSubscriptionPlanViaIntReplac185297517_del_parent,PARENT_DELETE_RESTRICT,FAILURE,"Code: 1 | Error: E0211 17:01:25.789904   71376 main.go:60] rpc error: code = Unknown desc = TabletManager.ExecuteFetchAsDba on zone1-3072903978: rpc error: code = Unknown desc = Identifier name 'trg_fkTblSubscriptionPlanToTblSubscriptionPlanViaIntReplac185297517_del_parent' is too long (errno 1059) (sqlstate 42000) during query: CREATE TRIGGER `trg_fkTblSubscriptionPlanToTblSubscriptionPlanViaIntReplac185297517_del_parent` BEFORE DELETE ON `tblSubscriptionPlan`         FOR EACH ROW         BEGIN             IF (SELECT COUNT(*) FROM `tblSubscriptionPlan` WHERE `intReplacedBySubscriptionPlanID` = OLD.`id`) > 0 THEN                 SIGNAL SQLSTATE '45000'                  SET MESSAGE_TEXT = 'FK Violation: fkTblSubscriptionPlanToTblSubscriptionPlanViaIntReplac185297517 - Cannot delete, children exist in tblSubscriptionPlan';             END IF;         END"
2026-02-11T17:01:25.953004,fkTblSubscriptionPlanToTblSubscriptionPlanViaIntReplac185297517,trg_fkTblSubscriptionPlanToTblSubscriptionPlanViaIntReplac185297517_upd_parent,PARENT_UPDATE_RESTRICT,FAILURE,"Code: 1 | Error: E0211 17:01:25.947731   71377 main.go:60] rpc error: code = Unknown desc = TabletManager.ExecuteFetchAsDba on zone1-3072903978: rpc error: code = Unknown desc = Identifier name 'trg_fkTblSubscriptionPlanToTblSubscriptionPlanViaIntReplac185297517_upd_parent' is too long (errno 1059) (sqlstate 42000) during query: CREATE TRIGGER `trg_fkTblSubscriptionPlanToTblSubscriptionPlanViaIntReplac185297517_upd_parent` BEFORE UPDATE ON `tblSubscriptionPlan`     FOR EACH ROW     BEGIN         IF NOT (NEW.`id` <=> OLD.`id`) THEN             IF (SELECT COUNT(*) FROM `tblSubscriptionPlan` WHERE `intReplacedBySubscriptionPlanID` = OLD.`id`) > 0 THEN                  SIGNAL SQLSTATE '45000'                   SET MESSAGE_TEXT = 'FK Violation: fkTblSubscriptionPlanToTblSubscriptionPlanViaIntReplac185297517 - Cannot update key, children exist in tblSubscriptionPlan';             END IF;         END IF;     END"
2026-02-11T17:01:26.078225,fkTblSubscriptionPlanToTblUserViaIntCreatedByUserID,trg_fkTblSubscriptionPlanToTblUserViaIntCreatedByUserID_ins_valid,CHILD_INSERT_VALIDATE,FAILURE,Code: 1 | Error: E0211 17:01:26.073316   71378 main.go:60] rpc error: code = Unknown desc = TabletManager.ExecuteFetchAsDba on zone1-3072903978: rpc error: code = Unknown desc = Identifier name 'trg_fkTblSubscriptionPlanToTblUserViaIntCreatedByUserID_ins_valid' is too long (errno 1059) (sqlstate 42000) during query: CREATE TRIGGER `trg_fkTblSubscriptionPlanToTblUserViaIntCreatedByUserID_ins_valid` BEFORE INSERT ON `tblSubscriptionPlan`     FOR EACH ROW     BEGIN         IF (SELECT COUNT(*) FROM `tblUser` WHERE `id` = NEW.`intCreatedByUserID`) = 0 THEN             SIGNAL SQLSTATE '45000'              SET MESSAGE_TEXT = 'FK Violation: fkTblSubscriptionPlanToTblUserViaIntCreatedByUserID - Referenced key not found in tblUser';         END IF;     END
2026-02-11T17:01:26.241176,fkTblSubscriptionPlanToTblUserViaIntCreatedByUserID,trg_fkTblSubscriptionPlanToTblUserViaIntCreatedByUserID_upd_valid,CHILD_UPDATE_VALIDATE,FAILURE,Code: 1 | Error: E0211 17:01:26.236729   71379 main.go:60] rpc error: code = Unknown desc = TabletManager.ExecuteFetchAsDba on zone1-3072903978: rpc error: code = Unknown desc = Identifier name 'trg_fkTblSubscriptionPlanToTblUserViaIntCreatedByUserID_upd_valid' is too long (errno 1059) (sqlstate 42000) during query: CREATE TRIGGER `trg_fkTblSubscriptionPlanToTblUserViaIntCreatedByUserID_upd_valid` BEFORE UPDATE ON `tblSubscriptionPlan`     FOR EACH ROW     BEGIN         IF NOT (NEW.`intCreatedByUserID` <=> OLD.`intCreatedByUserID`) THEN             IF (SELECT COUNT(*) FROM `tblUser` WHERE `id` = NEW.`intCreatedByUserID`) = 0 THEN                 SIGNAL SQLSTATE '45000'                  SET MESSAGE_TEXT = 'FK Violation: fkTblSubscriptionPlanToTblUserViaIntCreatedByUserID - Referenced key not found in tblUser';             END IF;         END IF;     END
2026-02-11T17:01:26.372035,fkTblSubscriptionPlanToTblUserViaIntCreatedByUserID,trg_fkTblSubscriptionPlanToTblUserViaIntCreatedByUserID_del_parent,PARENT_DELETE_RESTRICT,FAILURE,"Code: 1 | Error: E0211 17:01:26.367514   71380 main.go:60] rpc error: code = Unknown desc = TabletManager.ExecuteFetchAsDba on zone1-3072903978: rpc error: code = Unknown desc = Identifier name 'trg_fkTblSubscriptionPlanToTblUserViaIntCreatedByUserID_del_parent' is too long (errno 1059) (sqlstate 42000) during query: CREATE TRIGGER `trg_fkTblSubscriptionPlanToTblUserViaIntCreatedByUserID_del_parent` BEFORE DELETE ON `tblUser`         FOR EACH ROW         BEGIN             IF (SELECT COUNT(*) FROM `tblSubscriptionPlan` WHERE `intCreatedByUserID` = OLD.`id`) > 0 THEN                 SIGNAL SQLSTATE '45000'                  SET MESSAGE_TEXT = 'FK Violation: fkTblSubscriptionPlanToTblUserViaIntCreatedByUserID - Cannot delete, children exist in tblSubscriptionPlan';             END IF;         END"
2026-02-11T17:01:26.491988,fkTblSubscriptionPlanToTblUserViaIntCreatedByUserID,trg_fkTblSubscriptionPlanToTblUserViaIntCreatedByUserID_upd_parent,PARENT_UPDATE_RESTRICT,FAILURE,"Code: 1 | Error: E0211 17:01:26.487640   71381 main.go:60] rpc error: code = Unknown desc = TabletManager.ExecuteFetchAsDba on zone1-3072903978: rpc error: code = Unknown desc = Identifier name 'trg_fkTblSubscriptionPlanToTblUserViaIntCreatedByUserID_upd_parent' is too long (errno 1059) (sqlstate 42000) during query: CREATE TRIGGER `trg_fkTblSubscriptionPlanToTblUserViaIntCreatedByUserID_upd_parent` BEFORE UPDATE ON `tblUser`     FOR EACH ROW     BEGIN         IF NOT (NEW.`id` <=> OLD.`id`) THEN             IF (SELECT COUNT(*) FROM `tblSubscriptionPlan` WHERE `intCreatedByUserID` = OLD.`id`) > 0 THEN                  SIGNAL SQLSTATE '45000'                   SET MESSAGE_TEXT = 'FK Violation: fkTblSubscriptionPlanToTblUserViaIntCreatedByUserID - Cannot update key, children exist in tblSubscriptionPlan';             END IF;         END IF;     END"
2026-02-11T17:01:26.672505,fkTblSystemMessageUserToTblMessageViaIntMessageID,trg_fkTblSystemMessageUserToTblMessageViaIntMessageID_ins_valid,CHILD_INSERT_VALIDATE,SUCCESS,Success
2026-02-11T17:01:26.871987,fkTblSystemMessageUserToTblMessageViaIntMessageID,trg_fkTblSystemMessageUserToTblMessageViaIntMessageID_upd_valid,CHILD_UPDATE_VALIDATE,SUCCESS,Success
2026-02-11T17:01:27.011244,fkTblSystemMessageUserToTblMessageViaIntMessageID,trg_fkTblSystemMessageUserToTblMessageViaIntMessageID_del_parent,PARENT_DELETE_CASCADE,SUCCESS,Success
2026-02-11T17:01:27.130064,fkTblSystemMessageUserToTblMessageViaIntMessageID,trg_fkTblSystemMessageUserToTblMessageViaIntMessageID_upd_parent,PARENT_UPDATE_RESTRICT,SUCCESS,Success
2026-02-11T17:01:27.242293,fkTblSystemMessageUserToTblUserViaIntUserID,trg_fkTblSystemMessageUserToTblUserViaIntUserID_ins_valid,CHILD_INSERT_VALIDATE,SUCCESS,Success
2026-02-11T17:01:27.355351,fkTblSystemMessageUserToTblUserViaIntUserID,trg_fkTblSystemMessageUserToTblUserViaIntUserID_upd_valid,CHILD_UPDATE_VALIDATE,SUCCESS,Success
2026-02-11T17:01:27.476366,fkTblSystemMessageUserToTblUserViaIntUserID,trg_fkTblSystemMessageUserToTblUserViaIntUserID_del_parent,PARENT_DELETE_CASCADE,SUCCESS,Success
2026-02-11T17:01:27.651771,fkTblSystemMessageUserToTblUserViaIntUserID,trg_fkTblSystemMessageUserToTblUserViaIntUserID_upd_parent,PARENT_UPDATE_RESTRICT,SUCCESS,Success
2026-02-11T17:01:27.777961,fkTblSystemSettingToTblWorkOrderStatusViaIntDefaultWo1393144001,trg_fkTblSystemSettingToTblWorkOrderStatusViaIntDefaultWo1393144001_ins_valid,CHILD_INSERT_VALIDATE,FAILURE,Code: 1 | Error: E0211 17:01:27.773867   71405 main.go:60] rpc error: code = Unknown desc = TabletManager.ExecuteFetchAsDba on zone1-3072903978: rpc error: code = Unknown desc = Identifier name 'trg_fkTblSystemSettingToTblWorkOrderStatusViaIntDefaultWo1393144001_ins_valid' is too long (errno 1059) (sqlstate 42000) during query: CREATE TRIGGER `trg_fkTblSystemSettingToTblWorkOrderStatusViaIntDefaultWo1393144001_ins_valid` BEFORE INSERT ON `tblSystemSetting`     FOR EACH ROW     BEGIN         IF (SELECT COUNT(*) FROM `tblWorkOrderStatus` WHERE `id` = NEW.`intDefaultWorkRequestStatusID`) = 0 THEN             SIGNAL SQLSTATE '45000'              SET MESSAGE_TEXT = 'FK Violation: fkTblSystemSettingToTblWorkOrderStatusViaIntDefaultWo1393144001 - Referenced key not found in tblWorkOrderStatus';         END IF;     END
2026-02-11T17:01:27.989388,fkTblSystemSettingToTblWorkOrderStatusViaIntDefaultWo1393144001,trg_fkTblSystemSettingToTblWorkOrderStatusViaIntDefaultWo1393144001_upd_valid,CHILD_UPDATE_VALIDATE,FAILURE,Code: 1 | Error: E0211 17:01:27.986403   71406 main.go:60] rpc error: code = Unknown desc = TabletManager.ExecuteFetchAsDba on zone1-3072903978: rpc error: code = Unknown desc = Identifier name 'trg_fkTblSystemSettingToTblWorkOrderStatusViaIntDefaultWo1393144001_upd_valid' is too long (errno 1059) (sqlstate 42000) during query: CREATE TRIGGER `trg_fkTblSystemSettingToTblWorkOrderStatusViaIntDefaultWo1393144001_upd_valid` BEFORE UPDATE ON `tblSystemSetting`     FOR EACH ROW     BEGIN         IF NOT (NEW.`intDefaultWorkRequestStatusID` <=> OLD.`intDefaultWorkRequestStatusID`) THEN             IF (SELECT COUNT(*) FROM `tblWorkOrderStatus` WHERE `id` = NEW.`intDefaultWorkRequestStatusID`) = 0 THEN                 SIGNAL SQLSTATE '45000'                  SET MESSAGE_TEXT = 'FK Violation: fkTblSystemSettingToTblWorkOrderStatusViaIntDefaultWo1393144001 - Referenced key not found in tblWorkOrderStatus';             END IF;         END IF;     END
2026-02-11T17:01:28.168309,fkTblSystemSettingToTblWorkOrderStatusViaIntDefaultWo1393144001,trg_fkTblSystemSettingToTblWorkOrderStatusViaIntDefaultWo1393144001_del_parent,PARENT_DELETE_RESTRICT,FAILURE,"Code: 1 | Error: E0211 17:01:28.165330   71413 main.go:60] rpc error: code = Unknown desc = TabletManager.ExecuteFetchAsDba on zone1-3072903978: rpc error: code = Unknown desc = Identifier name 'trg_fkTblSystemSettingToTblWorkOrderStatusViaIntDefaultWo1393144001_del_parent' is too long (errno 1059) (sqlstate 42000) during query: CREATE TRIGGER `trg_fkTblSystemSettingToTblWorkOrderStatusViaIntDefaultWo1393144001_del_parent` BEFORE DELETE ON `tblWorkOrderStatus`         FOR EACH ROW         BEGIN             IF (SELECT COUNT(*) FROM `tblSystemSetting` WHERE `intDefaultWorkRequestStatusID` = OLD.`id`) > 0 THEN                 SIGNAL SQLSTATE '45000'                  SET MESSAGE_TEXT = 'FK Violation: fkTblSystemSettingToTblWorkOrderStatusViaIntDefaultWo1393144001 - Cannot delete, children exist in tblSystemSetting';             END IF;         END"
2026-02-11T17:01:28.282500,fkTblSystemSettingToTblWorkOrderStatusViaIntDefaultWo1393144001,trg_fkTblSystemSettingToTblWorkOrderStatusViaIntDefaultWo1393144001_upd_parent,PARENT_UPDATE_RESTRICT,FAILURE,"Code: 1 | Error: E0211 17:01:28.275398   71418 main.go:60] rpc error: code = Unknown desc = TabletManager.ExecuteFetchAsDba on zone1-3072903978: rpc error: code = Unknown desc = Identifier name 'trg_fkTblSystemSettingToTblWorkOrderStatusViaIntDefaultWo1393144001_upd_parent' is too long (errno 1059) (sqlstate 42000) during query: CREATE TRIGGER `trg_fkTblSystemSettingToTblWorkOrderStatusViaIntDefaultWo1393144001_upd_parent` BEFORE UPDATE ON `tblWorkOrderStatus`     FOR EACH ROW     BEGIN         IF NOT (NEW.`id` <=> OLD.`id`) THEN             IF (SELECT COUNT(*) FROM `tblSystemSetting` WHERE `intDefaultWorkRequestStatusID` = OLD.`id`) > 0 THEN                  SIGNAL SQLSTATE '45000'                   SET MESSAGE_TEXT = 'FK Violation: fkTblSystemSettingToTblWorkOrderStatusViaIntDefaultWo1393144001 - Cannot update key, children exist in tblSystemSetting';             END IF;         END IF;     END"
2026-02-11T17:01:28.401876,fkTblSystemSettingToTblWorkOrderStatusViaIntDefaultWork81959358,trg_fkTblSystemSettingToTblWorkOrderStatusViaIntDefaultWork81959358_ins_valid,CHILD_INSERT_VALIDATE,FAILURE,Code: 1 | Error: E0211 17:01:28.397939   71419 main.go:60] rpc error: code = Unknown desc = TabletManager.ExecuteFetchAsDba on zone1-3072903978: rpc error: code = Unknown desc = Identifier name 'trg_fkTblSystemSettingToTblWorkOrderStatusViaIntDefaultWork81959358_ins_valid' is too long (errno 1059) (sqlstate 42000) during query: CREATE TRIGGER `trg_fkTblSystemSettingToTblWorkOrderStatusViaIntDefaultWork81959358_ins_valid` BEFORE INSERT ON `tblSystemSetting`     FOR EACH ROW     BEGIN         IF (SELECT COUNT(*) FROM `tblWorkOrderStatus` WHERE `id` = NEW.`intDefaultWorkOrderStatusID`) = 0 THEN             SIGNAL SQLSTATE '45000'              SET MESSAGE_TEXT = 'FK Violation: fkTblSystemSettingToTblWorkOrderStatusViaIntDefaultWork81959358 - Referenced key not found in tblWorkOrderStatus';         END IF;     END
2026-02-11T17:01:28.510201,fkTblSystemSettingToTblWorkOrderStatusViaIntDefaultWork81959358,trg_fkTblSystemSettingToTblWorkOrderStatusViaIntDefaultWork81959358_upd_valid,CHILD_UPDATE_VALIDATE,FAILURE,Code: 1 | Error: E0211 17:01:28.506402   71420 main.go:60] rpc error: code = Unknown desc = TabletManager.ExecuteFetchAsDba on zone1-3072903978: rpc error: code = Unknown desc = Identifier name 'trg_fkTblSystemSettingToTblWorkOrderStatusViaIntDefaultWork81959358_upd_valid' is too long (errno 1059) (sqlstate 42000) during query: CREATE TRIGGER `trg_fkTblSystemSettingToTblWorkOrderStatusViaIntDefaultWork81959358_upd_valid` BEFORE UPDATE ON `tblSystemSetting`     FOR EACH ROW     BEGIN         IF NOT (NEW.`intDefaultWorkOrderStatusID` <=> OLD.`intDefaultWorkOrderStatusID`) THEN             IF (SELECT COUNT(*) FROM `tblWorkOrderStatus` WHERE `id` = NEW.`intDefaultWorkOrderStatusID`) = 0 THEN                 SIGNAL SQLSTATE '45000'                  SET MESSAGE_TEXT = 'FK Violation: fkTblSystemSettingToTblWorkOrderStatusViaIntDefaultWork81959358 - Referenced key not found in tblWorkOrderStatus';             END IF;         END IF;     END
2026-02-11T17:01:28.622123,fkTblSystemSettingToTblWorkOrderStatusViaIntDefaultWork81959358,trg_fkTblSystemSettingToTblWorkOrderStatusViaIntDefaultWork81959358_del_parent,PARENT_DELETE_RESTRICT,FAILURE,"Code: 1 | Error: E0211 17:01:28.619079   71421 main.go:60] rpc error: code = Unknown desc = TabletManager.ExecuteFetchAsDba on zone1-3072903978: rpc error: code = Unknown desc = Identifier name 'trg_fkTblSystemSettingToTblWorkOrderStatusViaIntDefaultWork81959358_del_parent' is too long (errno 1059) (sqlstate 42000) during query: CREATE TRIGGER `trg_fkTblSystemSettingToTblWorkOrderStatusViaIntDefaultWork81959358_del_parent` BEFORE DELETE ON `tblWorkOrderStatus`         FOR EACH ROW         BEGIN             IF (SELECT COUNT(*) FROM `tblSystemSetting` WHERE `intDefaultWorkOrderStatusID` = OLD.`id`) > 0 THEN                 SIGNAL SQLSTATE '45000'                  SET MESSAGE_TEXT = 'FK Violation: fkTblSystemSettingToTblWorkOrderStatusViaIntDefaultWork81959358 - Cannot delete, children exist in tblSystemSetting';             END IF;         END"
2026-02-11T17:01:28.771383,fkTblSystemSettingToTblWorkOrderStatusViaIntDefaultWork81959358,trg_fkTblSystemSettingToTblWorkOrderStatusViaIntDefaultWork81959358_upd_parent,PARENT_UPDATE_RESTRICT,FAILURE,"Code: 1 | Error: E0211 17:01:28.767387   71424 main.go:60] rpc error: code = Unknown desc = TabletManager.ExecuteFetchAsDba on zone1-3072903978: rpc error: code = Unknown desc = Identifier name 'trg_fkTblSystemSettingToTblWorkOrderStatusViaIntDefaultWork81959358_upd_parent' is too long (errno 1059) (sqlstate 42000) during query: CREATE TRIGGER `trg_fkTblSystemSettingToTblWorkOrderStatusViaIntDefaultWork81959358_upd_parent` BEFORE UPDATE ON `tblWorkOrderStatus`     FOR EACH ROW     BEGIN         IF NOT (NEW.`id` <=> OLD.`id`) THEN             IF (SELECT COUNT(*) FROM `tblSystemSetting` WHERE `intDefaultWorkOrderStatusID` = OLD.`id`) > 0 THEN                  SIGNAL SQLSTATE '45000'                   SET MESSAGE_TEXT = 'FK Violation: fkTblSystemSettingToTblWorkOrderStatusViaIntDefaultWork81959358 - Cannot update key, children exist in tblSystemSetting';             END IF;         END IF;     END"
2026-02-11T17:01:28.898012,fkTblTaskToTblMeterReadingUnitViaIntMeterReadingUnitID,trg_fkTblTaskToTblMeterReadingUnitViaIntMeterReadingUnitID_ins_valid,CHILD_INSERT_VALIDATE,FAILURE,Code: 1 | Error: E0211 17:01:28.893444   71425 main.go:60] rpc error: code = Unknown desc = TabletManager.ExecuteFetchAsDba on zone1-3072903978: rpc error: code = Unknown desc = Identifier name 'trg_fkTblTaskToTblMeterReadingUnitViaIntMeterReadingUnitID_ins_valid' is too long (errno 1059) (sqlstate 42000) during query: CREATE TRIGGER `trg_fkTblTaskToTblMeterReadingUnitViaIntMeterReadingUnitID_ins_valid` BEFORE INSERT ON `tblTask`     FOR EACH ROW     BEGIN         IF (SELECT COUNT(*) FROM `tblMeterReadingUnit` WHERE `id` = NEW.`intMeterReadingUnitID`) = 0 THEN             SIGNAL SQLSTATE '45000'              SET MESSAGE_TEXT = 'FK Violation: fkTblTaskToTblMeterReadingUnitViaIntMeterReadingUnitID - Referenced key not found in tblMeterReadingUnit';         END IF;     END
2026-02-11T17:01:29.018677,fkTblTaskToTblMeterReadingUnitViaIntMeterReadingUnitID,trg_fkTblTaskToTblMeterReadingUnitViaIntMeterReadingUnitID_upd_valid,CHILD_UPDATE_VALIDATE,FAILURE,Code: 1 | Error: E0211 17:01:29.015591   71426 main.go:60] rpc error: code = Unknown desc = TabletManager.ExecuteFetchAsDba on zone1-3072903978: rpc error: code = Unknown desc = Identifier name 'trg_fkTblTaskToTblMeterReadingUnitViaIntMeterReadingUnitID_upd_valid' is too long (errno 1059) (sqlstate 42000) during query: CREATE TRIGGER `trg_fkTblTaskToTblMeterReadingUnitViaIntMeterReadingUnitID_upd_valid` BEFORE UPDATE ON `tblTask`     FOR EACH ROW     BEGIN         IF NOT (NEW.`intMeterReadingUnitID` <=> OLD.`intMeterReadingUnitID`) THEN             IF (SELECT COUNT(*) FROM `tblMeterReadingUnit` WHERE `id` = NEW.`intMeterReadingUnitID`) = 0 THEN                 SIGNAL SQLSTATE '45000'                  SET MESSAGE_TEXT = 'FK Violation: fkTblTaskToTblMeterReadingUnitViaIntMeterReadingUnitID - Referenced key not found in tblMeterReadingUnit';             END IF;         END IF;     END
2026-02-11T17:01:29.127849,fkTblTaskToTblMeterReadingUnitViaIntMeterReadingUnitID,trg_fkTblTaskToTblMeterReadingUnitViaIntMeterReadingUnitID_del_parent,PARENT_DELETE_RESTRICT,FAILURE,"Code: 1 | Error: E0211 17:01:29.124592   71428 main.go:60] rpc error: code = Unknown desc = TabletManager.ExecuteFetchAsDba on zone1-3072903978: rpc error: code = Unknown desc = Identifier name 'trg_fkTblTaskToTblMeterReadingUnitViaIntMeterReadingUnitID_del_parent' is too long (errno 1059) (sqlstate 42000) during query: CREATE TRIGGER `trg_fkTblTaskToTblMeterReadingUnitViaIntMeterReadingUnitID_del_parent` BEFORE DELETE ON `tblMeterReadingUnit`         FOR EACH ROW         BEGIN             IF (SELECT COUNT(*) FROM `tblTask` WHERE `intMeterReadingUnitID` = OLD.`id`) > 0 THEN                 SIGNAL SQLSTATE '45000'                  SET MESSAGE_TEXT = 'FK Violation: fkTblTaskToTblMeterReadingUnitViaIntMeterReadingUnitID - Cannot delete, children exist in tblTask';             END IF;         END"
2026-02-11T17:01:29.244592,fkTblTaskToTblMeterReadingUnitViaIntMeterReadingUnitID,trg_fkTblTaskToTblMeterReadingUnitViaIntMeterReadingUnitID_upd_parent,PARENT_UPDATE_RESTRICT,FAILURE,"Code: 1 | Error: E0211 17:01:29.239252   71429 main.go:60] rpc error: code = Unknown desc = TabletManager.ExecuteFetchAsDba on zone1-3072903978: rpc error: code = Unknown desc = Identifier name 'trg_fkTblTaskToTblMeterReadingUnitViaIntMeterReadingUnitID_upd_parent' is too long (errno 1059) (sqlstate 42000) during query: CREATE TRIGGER `trg_fkTblTaskToTblMeterReadingUnitViaIntMeterReadingUnitID_upd_parent` BEFORE UPDATE ON `tblMeterReadingUnit`     FOR EACH ROW     BEGIN         IF NOT (NEW.`id` <=> OLD.`id`) THEN             IF (SELECT COUNT(*) FROM `tblTask` WHERE `intMeterReadingUnitID` = OLD.`id`) > 0 THEN                  SIGNAL SQLSTATE '45000'                   SET MESSAGE_TEXT = 'FK Violation: fkTblTaskToTblMeterReadingUnitViaIntMeterReadingUnitID - Cannot update key, children exist in tblTask';             END IF;         END IF;     END"
2026-02-11T17:01:29.367372,fkTblTaskToTblTaskGroupViaIntTaskGroupID,trg_fkTblTaskToTblTaskGroupViaIntTaskGroupID_ins_valid,CHILD_INSERT_VALIDATE,SUCCESS,Success
2026-02-11T17:01:29.483929,fkTblTaskToTblTaskGroupViaIntTaskGroupID,trg_fkTblTaskToTblTaskGroupViaIntTaskGroupID_upd_valid,CHILD_UPDATE_VALIDATE,SUCCESS,Success
2026-02-11T17:01:29.591137,fkTblTaskToTblTaskGroupViaIntTaskGroupID,trg_fkTblTaskToTblTaskGroupViaIntTaskGroupID_del_parent,PARENT_DELETE_RESTRICT,SUCCESS,Success
2026-02-11T17:01:29.708246,fkTblTaskToTblTaskGroupViaIntTaskGroupID,trg_fkTblTaskToTblTaskGroupViaIntTaskGroupID_upd_parent,PARENT_UPDATE_RESTRICT,SUCCESS,Success
2026-02-11T17:01:29.817941,fkTblTaskFileToTblTaskViaIntTaskID,trg_fkTblTaskFileToTblTaskViaIntTaskID_ins_valid,CHILD_INSERT_VALIDATE,SUCCESS,Success
2026-02-11T17:01:29.928849,fkTblTaskFileToTblTaskViaIntTaskID,trg_fkTblTaskFileToTblTaskViaIntTaskID_upd_valid,CHILD_UPDATE_VALIDATE,SUCCESS,Success
2026-02-11T17:01:30.084571,fkTblTaskFileToTblTaskViaIntTaskID,trg_fkTblTaskFileToTblTaskViaIntTaskID_del_parent,PARENT_DELETE_CASCADE,SUCCESS,Success
2026-02-11T17:01:30.198839,fkTblTaskFileToTblTaskViaIntTaskID,trg_fkTblTaskFileToTblTaskViaIntTaskID_upd_parent,PARENT_UPDATE_RESTRICT,SUCCESS,Success
2026-02-11T17:01:30.375061,fkTblTaskGroupToTblUserViaIntCreatedByUserID,trg_fkTblTaskGroupToTblUserViaIntCreatedByUserID_ins_valid,CHILD_INSERT_VALIDATE,SUCCESS,Success
2026-02-11T17:01:30.534356,fkTblTaskGroupToTblUserViaIntCreatedByUserID,trg_fkTblTaskGroupToTblUserViaIntCreatedByUserID_upd_valid,CHILD_UPDATE_VALIDATE,SUCCESS,Success
2026-02-11T17:01:30.729108,fkTblTaskGroupToTblUserViaIntCreatedByUserID,trg_fkTblTaskGroupToTblUserViaIntCreatedByUserID_del_parent,PARENT_DELETE_RESTRICT,SUCCESS,Success
2026-02-11T17:01:30.862061,fkTblTaskGroupToTblUserViaIntCreatedByUserID,trg_fkTblTaskGroupToTblUserViaIntCreatedByUserID_upd_parent,PARENT_UPDATE_RESTRICT,SUCCESS,Success
2026-02-11T17:01:30.977466,fkTblTaskGroupToTblUserViaIntLastUpdatedByUserID,trg_fkTblTaskGroupToTblUserViaIntLastUpdatedByUserID_ins_valid,CHILD_INSERT_VALIDATE,SUCCESS,Success
2026-02-11T17:01:31.100097,fkTblTaskGroupToTblUserViaIntLastUpdatedByUserID,trg_fkTblTaskGroupToTblUserViaIntLastUpdatedByUserID_upd_valid,CHILD_UPDATE_VALIDATE,SUCCESS,Success
2026-02-11T17:01:31.221592,fkTblTaskGroupToTblUserViaIntLastUpdatedByUserID,trg_fkTblTaskGroupToTblUserViaIntLastUpdatedByUserID_del_parent,PARENT_DELETE_RESTRICT,SUCCESS,Success
2026-02-11T17:01:31.350247,fkTblTaskGroupToTblUserViaIntLastUpdatedByUserID,trg_fkTblTaskGroupToTblUserViaIntLastUpdatedByUserID_upd_parent,PARENT_UPDATE_RESTRICT,SUCCESS,Success
2026-02-11T17:01:31.466875,fkTblTaskGroupAssetCategoryToTblAssetCategoryViaIntAss845664912,trg_fkTblTaskGroupAssetCategoryToTblAssetCategoryViaIntAss845664912_ins_valid,CHILD_INSERT_VALIDATE,FAILURE,Code: 1 | Error: E0211 17:01:31.463101   71450 main.go:60] rpc error: code = Unknown desc = TabletManager.ExecuteFetchAsDba on zone1-3072903978: rpc error: code = Unknown desc = Identifier name 'trg_fkTblTaskGroupAssetCategoryToTblAssetCategoryViaIntAss845664912_ins_valid' is too long (errno 1059) (sqlstate 42000) during query: CREATE TRIGGER `trg_fkTblTaskGroupAssetCategoryToTblAssetCategoryViaIntAss845664912_ins_valid` BEFORE INSERT ON `tblTaskGroupAssetCategory`     FOR EACH ROW     BEGIN         IF (SELECT COUNT(*) FROM `tblAssetCategory` WHERE `id` = NEW.`intAssetCategoryID`) = 0 THEN             SIGNAL SQLSTATE '45000'              SET MESSAGE_TEXT = 'FK Violation: fkTblTaskGroupAssetCategoryToTblAssetCategoryViaIntAss845664912 - Referenced key not found in tblAssetCategory';         END IF;     END
2026-02-11T17:01:31.585225,fkTblTaskGroupAssetCategoryToTblAssetCategoryViaIntAss845664912,trg_fkTblTaskGroupAssetCategoryToTblAssetCategoryViaIntAss845664912_upd_valid,CHILD_UPDATE_VALIDATE,FAILURE,Code: 1 | Error: E0211 17:01:31.581409   71451 main.go:60] rpc error: code = Unknown desc = TabletManager.ExecuteFetchAsDba on zone1-3072903978: rpc error: code = Unknown desc = Identifier name 'trg_fkTblTaskGroupAssetCategoryToTblAssetCategoryViaIntAss845664912_upd_valid' is too long (errno 1059) (sqlstate 42000) during query: CREATE TRIGGER `trg_fkTblTaskGroupAssetCategoryToTblAssetCategoryViaIntAss845664912_upd_valid` BEFORE UPDATE ON `tblTaskGroupAssetCategory`     FOR EACH ROW     BEGIN         IF NOT (NEW.`intAssetCategoryID` <=> OLD.`intAssetCategoryID`) THEN             IF (SELECT COUNT(*) FROM `tblAssetCategory` WHERE `id` = NEW.`intAssetCategoryID`) = 0 THEN                 SIGNAL SQLSTATE '45000'                  SET MESSAGE_TEXT = 'FK Violation: fkTblTaskGroupAssetCategoryToTblAssetCategoryViaIntAss845664912 - Referenced key not found in tblAssetCategory';             END IF;         END IF;     END
2026-02-11T17:01:31.696920,fkTblTaskGroupAssetCategoryToTblAssetCategoryViaIntAss845664912,trg_fkTblTaskGroupAssetCategoryToTblAssetCategoryViaIntAss845664912_del_parent,PARENT_DELETE_CASCADE,FAILURE,Code: 1 | Error: E0211 17:01:31.693385   71452 main.go:60] rpc error: code = Unknown desc = TabletManager.ExecuteFetchAsDba on zone1-3072903978: rpc error: code = Unknown desc = Identifier name 'trg_fkTblTaskGroupAssetCategoryToTblAssetCategoryViaIntAss845664912_del_parent' is too long (errno 1059) (sqlstate 42000) during query: CREATE TRIGGER `trg_fkTblTaskGroupAssetCategoryToTblAssetCategoryViaIntAss845664912_del_parent` BEFORE DELETE ON `tblAssetCategory`         FOR EACH ROW         BEGIN             DELETE FROM `tblTaskGroupAssetCategory` WHERE `intAssetCategoryID` = OLD.`id`;         END
2026-02-11T17:01:31.808269,fkTblTaskGroupAssetCategoryToTblAssetCategoryViaIntAss845664912,trg_fkTblTaskGroupAssetCategoryToTblAssetCategoryViaIntAss845664912_upd_parent,PARENT_UPDATE_RESTRICT,FAILURE,"Code: 1 | Error: E0211 17:01:31.804881   71453 main.go:60] rpc error: code = Unknown desc = TabletManager.ExecuteFetchAsDba on zone1-3072903978: rpc error: code = Unknown desc = Identifier name 'trg_fkTblTaskGroupAssetCategoryToTblAssetCategoryViaIntAss845664912_upd_parent' is too long (errno 1059) (sqlstate 42000) during query: CREATE TRIGGER `trg_fkTblTaskGroupAssetCategoryToTblAssetCategoryViaIntAss845664912_upd_parent` BEFORE UPDATE ON `tblAssetCategory`     FOR EACH ROW     BEGIN         IF NOT (NEW.`id` <=> OLD.`id`) THEN             IF (SELECT COUNT(*) FROM `tblTaskGroupAssetCategory` WHERE `intAssetCategoryID` = OLD.`id`) > 0 THEN                  SIGNAL SQLSTATE '45000'                   SET MESSAGE_TEXT = 'FK Violation: fkTblTaskGroupAssetCategoryToTblAssetCategoryViaIntAss845664912 - Cannot update key, children exist in tblTaskGroupAssetCategory';             END IF;         END IF;     END"
2026-02-11T17:01:31.918267,fkTblTaskGroupAssetCategoryToTblTaskGroupViaIntTaskGroupID,trg_fkTblTaskGroupAssetCategoryToTblTaskGroupViaIntTaskGroupID_ins_valid,CHILD_INSERT_VALIDATE,FAILURE,Code: 1 | Error: E0211 17:01:31.915092   71454 main.go:60] rpc error: code = Unknown desc = TabletManager.ExecuteFetchAsDba on zone1-3072903978: rpc error: code = Unknown desc = Identifier name 'trg_fkTblTaskGroupAssetCategoryToTblTaskGroupViaIntTaskGroupID_ins_valid' is too long (errno 1059) (sqlstate 42000) during query: CREATE TRIGGER `trg_fkTblTaskGroupAssetCategoryToTblTaskGroupViaIntTaskGroupID_ins_valid` BEFORE INSERT ON `tblTaskGroupAssetCategory`     FOR EACH ROW     BEGIN         IF (SELECT COUNT(*) FROM `tblTaskGroup` WHERE `id` = NEW.`intTaskGroupID`) = 0 THEN             SIGNAL SQLSTATE '45000'              SET MESSAGE_TEXT = 'FK Violation: fkTblTaskGroupAssetCategoryToTblTaskGroupViaIntTaskGroupID - Referenced key not found in tblTaskGroup';         END IF;     END
2026-02-11T17:01:32.077422,fkTblTaskGroupAssetCategoryToTblTaskGroupViaIntTaskGroupID,trg_fkTblTaskGroupAssetCategoryToTblTaskGroupViaIntTaskGroupID_upd_valid,CHILD_UPDATE_VALIDATE,FAILURE,Code: 1 | Error: E0211 17:01:32.071454   71455 main.go:60] rpc error: code = Unknown desc = TabletManager.ExecuteFetchAsDba on zone1-3072903978: rpc error: code = Unknown desc = Identifier name 'trg_fkTblTaskGroupAssetCategoryToTblTaskGroupViaIntTaskGroupID_upd_valid' is too long (errno 1059) (sqlstate 42000) during query: CREATE TRIGGER `trg_fkTblTaskGroupAssetCategoryToTblTaskGroupViaIntTaskGroupID_upd_valid` BEFORE UPDATE ON `tblTaskGroupAssetCategory`     FOR EACH ROW     BEGIN         IF NOT (NEW.`intTaskGroupID` <=> OLD.`intTaskGroupID`) THEN             IF (SELECT COUNT(*) FROM `tblTaskGroup` WHERE `id` = NEW.`intTaskGroupID`) = 0 THEN                 SIGNAL SQLSTATE '45000'                  SET MESSAGE_TEXT = 'FK Violation: fkTblTaskGroupAssetCategoryToTblTaskGroupViaIntTaskGroupID - Referenced key not found in tblTaskGroup';             END IF;         END IF;     END
2026-02-11T17:01:32.200165,fkTblTaskGroupAssetCategoryToTblTaskGroupViaIntTaskGroupID,trg_fkTblTaskGroupAssetCategoryToTblTaskGroupViaIntTaskGroupID_del_parent,PARENT_DELETE_CASCADE,FAILURE,Code: 1 | Error: E0211 17:01:32.195991   71456 main.go:60] rpc error: code = Unknown desc = TabletManager.ExecuteFetchAsDba on zone1-3072903978: rpc error: code = Unknown desc = Identifier name 'trg_fkTblTaskGroupAssetCategoryToTblTaskGroupViaIntTaskGroupID_del_parent' is too long (errno 1059) (sqlstate 42000) during query: CREATE TRIGGER `trg_fkTblTaskGroupAssetCategoryToTblTaskGroupViaIntTaskGroupID_del_parent` BEFORE DELETE ON `tblTaskGroup`         FOR EACH ROW         BEGIN             DELETE FROM `tblTaskGroupAssetCategory` WHERE `intTaskGroupID` = OLD.`id`;         END
2026-02-11T17:01:32.315226,fkTblTaskGroupAssetCategoryToTblTaskGroupViaIntTaskGroupID,trg_fkTblTaskGroupAssetCategoryToTblTaskGroupViaIntTaskGroupID_upd_parent,PARENT_UPDATE_RESTRICT,FAILURE,"Code: 1 | Error: E0211 17:01:32.304265   71457 main.go:60] rpc error: code = Unknown desc = TabletManager.ExecuteFetchAsDba on zone1-3072903978: rpc error: code = Unknown desc = Identifier name 'trg_fkTblTaskGroupAssetCategoryToTblTaskGroupViaIntTaskGroupID_upd_parent' is too long (errno 1059) (sqlstate 42000) during query: CREATE TRIGGER `trg_fkTblTaskGroupAssetCategoryToTblTaskGroupViaIntTaskGroupID_upd_parent` BEFORE UPDATE ON `tblTaskGroup`     FOR EACH ROW     BEGIN         IF NOT (NEW.`id` <=> OLD.`id`) THEN             IF (SELECT COUNT(*) FROM `tblTaskGroupAssetCategory` WHERE `intTaskGroupID` = OLD.`id`) > 0 THEN                  SIGNAL SQLSTATE '45000'                   SET MESSAGE_TEXT = 'FK Violation: fkTblTaskGroupAssetCategoryToTblTaskGroupViaIntTaskGroupID - Cannot update key, children exist in tblTaskGroupAssetCategory';             END IF;         END IF;     END"
2026-02-11T17:01:32.423567,fkTblTaskResultConfigurationToTblTaskResultValueViaIn1584196194,trg_fkTblTaskResultConfigurationToTblTaskResultValueViaIn1584196194_ins_valid,CHILD_INSERT_VALIDATE,FAILURE,Code: 1 | Error: E0211 17:01:32.420024   71458 main.go:60] rpc error: code = Unknown desc = TabletManager.ExecuteFetchAsDba on zone1-3072903978: rpc error: code = Unknown desc = Identifier name 'trg_fkTblTaskResultConfigurationToTblTaskResultValueViaIn1584196194_ins_valid' is too long (errno 1059) (sqlstate 42000) during query: CREATE TRIGGER `trg_fkTblTaskResultConfigurationToTblTaskResultValueViaIn1584196194_ins_valid` BEFORE INSERT ON `tblTaskResultConfiguration`     FOR EACH ROW     BEGIN         IF (SELECT COUNT(*) FROM `tblTaskResultValue` WHERE `id` = NEW.`intTaskResultValueID`) = 0 THEN             SIGNAL SQLSTATE '45000'              SET MESSAGE_TEXT = 'FK Violation: fkTblTaskResultConfigurationToTblTaskResultValueViaIn1584196194 - Referenced key not found in tblTaskResultValue';         END IF;     END
2026-02-11T17:01:32.539005,fkTblTaskResultConfigurationToTblTaskResultValueViaIn1584196194,trg_fkTblTaskResultConfigurationToTblTaskResultValueViaIn1584196194_upd_valid,CHILD_UPDATE_VALIDATE,FAILURE,Code: 1 | Error: E0211 17:01:32.533468   71459 main.go:60] rpc error: code = Unknown desc = TabletManager.ExecuteFetchAsDba on zone1-3072903978: rpc error: code = Unknown desc = Identifier name 'trg_fkTblTaskResultConfigurationToTblTaskResultValueViaIn1584196194_upd_valid' is too long (errno 1059) (sqlstate 42000) during query: CREATE TRIGGER `trg_fkTblTaskResultConfigurationToTblTaskResultValueViaIn1584196194_upd_valid` BEFORE UPDATE ON `tblTaskResultConfiguration`     FOR EACH ROW     BEGIN         IF NOT (NEW.`intTaskResultValueID` <=> OLD.`intTaskResultValueID`) THEN             IF (SELECT COUNT(*) FROM `tblTaskResultValue` WHERE `id` = NEW.`intTaskResultValueID`) = 0 THEN                 SIGNAL SQLSTATE '45000'                  SET MESSAGE_TEXT = 'FK Violation: fkTblTaskResultConfigurationToTblTaskResultValueViaIn1584196194 - Referenced key not found in tblTaskResultValue';             END IF;         END IF;     END
2026-02-11T17:01:32.648067,fkTblTaskResultConfigurationToTblTaskResultValueViaIn1584196194,trg_fkTblTaskResultConfigurationToTblTaskResultValueViaIn1584196194_del_parent,PARENT_DELETE_CASCADE,FAILURE,Code: 1 | Error: E0211 17:01:32.644482   71460 main.go:60] rpc error: code = Unknown desc = TabletManager.ExecuteFetchAsDba on zone1-3072903978: rpc error: code = Unknown desc = Identifier name 'trg_fkTblTaskResultConfigurationToTblTaskResultValueViaIn1584196194_del_parent' is too long (errno 1059) (sqlstate 42000) during query: CREATE TRIGGER `trg_fkTblTaskResultConfigurationToTblTaskResultValueViaIn1584196194_del_parent` BEFORE DELETE ON `tblTaskResultValue`         FOR EACH ROW         BEGIN             DELETE FROM `tblTaskResultConfiguration` WHERE `intTaskResultValueID` = OLD.`id`;         END
2026-02-11T17:01:32.798001,fkTblTaskResultConfigurationToTblTaskResultValueViaIn1584196194,trg_fkTblTaskResultConfigurationToTblTaskResultValueViaIn1584196194_upd_parent,PARENT_UPDATE_RESTRICT,FAILURE,"Code: 1 | Error: E0211 17:01:32.794314   71461 main.go:60] rpc error: code = Unknown desc = TabletManager.ExecuteFetchAsDba on zone1-3072903978: rpc error: code = Unknown desc = Identifier name 'trg_fkTblTaskResultConfigurationToTblTaskResultValueViaIn1584196194_upd_parent' is too long (errno 1059) (sqlstate 42000) during query: CREATE TRIGGER `trg_fkTblTaskResultConfigurationToTblTaskResultValueViaIn1584196194_upd_parent` BEFORE UPDATE ON `tblTaskResultValue`     FOR EACH ROW     BEGIN         IF NOT (NEW.`id` <=> OLD.`id`) THEN             IF (SELECT COUNT(*) FROM `tblTaskResultConfiguration` WHERE `intTaskResultValueID` = OLD.`id`) > 0 THEN                  SIGNAL SQLSTATE '45000'                   SET MESSAGE_TEXT = 'FK Violation: fkTblTaskResultConfigurationToTblTaskResultValueViaIn1584196194 - Cannot update key, children exist in tblTaskResultConfiguration';             END IF;         END IF;     END"
2026-02-11T17:01:32.918877,fkTblTaskResultValueToTblScheduledTaskViaIntScheduledTaskID,trg_fkTblTaskResultValueToTblScheduledTaskViaIntScheduledTaskID_ins_valid,CHILD_INSERT_VALIDATE,FAILURE,Code: 1 | Error: E0211 17:01:32.914007   71462 main.go:60] rpc error: code = Unknown desc = TabletManager.ExecuteFetchAsDba on zone1-3072903978: rpc error: code = Unknown desc = Identifier name 'trg_fkTblTaskResultValueToTblScheduledTaskViaIntScheduledTaskID_ins_valid' is too long (errno 1059) (sqlstate 42000) during query: CREATE TRIGGER `trg_fkTblTaskResultValueToTblScheduledTaskViaIntScheduledTaskID_ins_valid` BEFORE INSERT ON `tblTaskResultValue`     FOR EACH ROW     BEGIN         IF (SELECT COUNT(*) FROM `tblScheduledTask` WHERE `id` = NEW.`intScheduledTaskID`) = 0 THEN             SIGNAL SQLSTATE '45000'              SET MESSAGE_TEXT = 'FK Violation: fkTblTaskResultValueToTblScheduledTaskViaIntScheduledTaskID - Referenced key not found in tblScheduledTask';         END IF;     END
2026-02-11T17:01:33.079668,fkTblTaskResultValueToTblScheduledTaskViaIntScheduledTaskID,trg_fkTblTaskResultValueToTblScheduledTaskViaIntScheduledTaskID_upd_valid,CHILD_UPDATE_VALIDATE,FAILURE,Code: 1 | Error: E0211 17:01:33.074425   71463 main.go:60] rpc error: code = Unknown desc = TabletManager.ExecuteFetchAsDba on zone1-3072903978: rpc error: code = Unknown desc = Identifier name 'trg_fkTblTaskResultValueToTblScheduledTaskViaIntScheduledTaskID_upd_valid' is too long (errno 1059) (sqlstate 42000) during query: CREATE TRIGGER `trg_fkTblTaskResultValueToTblScheduledTaskViaIntScheduledTaskID_upd_valid` BEFORE UPDATE ON `tblTaskResultValue`     FOR EACH ROW     BEGIN         IF NOT (NEW.`intScheduledTaskID` <=> OLD.`intScheduledTaskID`) THEN             IF (SELECT COUNT(*) FROM `tblScheduledTask` WHERE `id` = NEW.`intScheduledTaskID`) = 0 THEN                 SIGNAL SQLSTATE '45000'                  SET MESSAGE_TEXT = 'FK Violation: fkTblTaskResultValueToTblScheduledTaskViaIntScheduledTaskID - Referenced key not found in tblScheduledTask';             END IF;         END IF;     END
2026-02-11T17:01:33.207315,fkTblTaskResultValueToTblScheduledTaskViaIntScheduledTaskID,trg_fkTblTaskResultValueToTblScheduledTaskViaIntScheduledTaskID_del_parent,PARENT_DELETE_CASCADE,FAILURE,Code: 1 | Error: E0211 17:01:33.202158   71464 main.go:60] rpc error: code = Unknown desc = TabletManager.ExecuteFetchAsDba on zone1-3072903978: rpc error: code = Unknown desc = Identifier name 'trg_fkTblTaskResultValueToTblScheduledTaskViaIntScheduledTaskID_del_parent' is too long (errno 1059) (sqlstate 42000) during query: CREATE TRIGGER `trg_fkTblTaskResultValueToTblScheduledTaskViaIntScheduledTaskID_del_parent` BEFORE DELETE ON `tblScheduledTask`         FOR EACH ROW         BEGIN             DELETE FROM `tblTaskResultValue` WHERE `intScheduledTaskID` = OLD.`id`;         END
2026-02-11T17:01:33.366108,fkTblTaskResultValueToTblScheduledTaskViaIntScheduledTaskID,trg_fkTblTaskResultValueToTblScheduledTaskViaIntScheduledTaskID_upd_parent,PARENT_UPDATE_RESTRICT,FAILURE,"Code: 1 | Error: E0211 17:01:33.361775   71465 main.go:60] rpc error: code = Unknown desc = TabletManager.ExecuteFetchAsDba on zone1-3072903978: rpc error: code = Unknown desc = Identifier name 'trg_fkTblTaskResultValueToTblScheduledTaskViaIntScheduledTaskID_upd_parent' is too long (errno 1059) (sqlstate 42000) during query: CREATE TRIGGER `trg_fkTblTaskResultValueToTblScheduledTaskViaIntScheduledTaskID_upd_parent` BEFORE UPDATE ON `tblScheduledTask`     FOR EACH ROW     BEGIN         IF NOT (NEW.`id` <=> OLD.`id`) THEN             IF (SELECT COUNT(*) FROM `tblTaskResultValue` WHERE `intScheduledTaskID` = OLD.`id`) > 0 THEN                  SIGNAL SQLSTATE '45000'                   SET MESSAGE_TEXT = 'FK Violation: fkTblTaskResultValueToTblScheduledTaskViaIntScheduledTaskID - Cannot update key, children exist in tblTaskResultValue';             END IF;         END IF;     END"
2026-02-11T17:01:33.538903,fkTblTaskResultValueToTblTaskViaIntTaskID,trg_fkTblTaskResultValueToTblTaskViaIntTaskID_ins_valid,CHILD_INSERT_VALIDATE,SUCCESS,Success
2026-02-11T17:01:33.659576,fkTblTaskResultValueToTblTaskViaIntTaskID,trg_fkTblTaskResultValueToTblTaskViaIntTaskID_upd_valid,CHILD_UPDATE_VALIDATE,SUCCESS,Success
2026-02-11T17:01:33.806087,fkTblTaskResultValueToTblTaskViaIntTaskID,trg_fkTblTaskResultValueToTblTaskViaIntTaskID_del_parent,PARENT_DELETE_CASCADE,SUCCESS,Success
2026-02-11T17:01:33.926743,fkTblTaskResultValueToTblTaskViaIntTaskID,trg_fkTblTaskResultValueToTblTaskViaIntTaskID_upd_parent,PARENT_UPDATE_RESTRICT,SUCCESS,Success
2026-02-11T17:01:34.044620,fkTblTemplateToTblTemplateCategoryViaIntTemplateCategoryID,trg_fkTblTemplateToTblTemplateCategoryViaIntTemplateCategoryID_ins_valid,CHILD_INSERT_VALIDATE,FAILURE,Code: 1 | Error: E0211 17:01:34.041004   71472 main.go:60] rpc error: code = Unknown desc = TabletManager.ExecuteFetchAsDba on zone1-3072903978: rpc error: code = Unknown desc = Identifier name 'trg_fkTblTemplateToTblTemplateCategoryViaIntTemplateCategoryID_ins_valid' is too long (errno 1059) (sqlstate 42000) during query: CREATE TRIGGER `trg_fkTblTemplateToTblTemplateCategoryViaIntTemplateCategoryID_ins_valid` BEFORE INSERT ON `tblTemplate`     FOR EACH ROW     BEGIN         IF (SELECT COUNT(*) FROM `tblTemplateCategory` WHERE `id` = NEW.`intTemplateCategoryID`) = 0 THEN             SIGNAL SQLSTATE '45000'              SET MESSAGE_TEXT = 'FK Violation: fkTblTemplateToTblTemplateCategoryViaIntTemplateCategoryID - Referenced key not found in tblTemplateCategory';         END IF;     END
2026-02-11T17:01:34.152872,fkTblTemplateToTblTemplateCategoryViaIntTemplateCategoryID,trg_fkTblTemplateToTblTemplateCategoryViaIntTemplateCategoryID_upd_valid,CHILD_UPDATE_VALIDATE,FAILURE,Code: 1 | Error: E0211 17:01:34.149620   71473 main.go:60] rpc error: code = Unknown desc = TabletManager.ExecuteFetchAsDba on zone1-3072903978: rpc error: code = Unknown desc = Identifier name 'trg_fkTblTemplateToTblTemplateCategoryViaIntTemplateCategoryID_upd_valid' is too long (errno 1059) (sqlstate 42000) during query: CREATE TRIGGER `trg_fkTblTemplateToTblTemplateCategoryViaIntTemplateCategoryID_upd_valid` BEFORE UPDATE ON `tblTemplate`     FOR EACH ROW     BEGIN         IF NOT (NEW.`intTemplateCategoryID` <=> OLD.`intTemplateCategoryID`) THEN             IF (SELECT COUNT(*) FROM `tblTemplateCategory` WHERE `id` = NEW.`intTemplateCategoryID`) = 0 THEN                 SIGNAL SQLSTATE '45000'                  SET MESSAGE_TEXT = 'FK Violation: fkTblTemplateToTblTemplateCategoryViaIntTemplateCategoryID - Referenced key not found in tblTemplateCategory';             END IF;         END IF;     END
2026-02-11T17:01:34.271794,fkTblTemplateToTblTemplateCategoryViaIntTemplateCategoryID,trg_fkTblTemplateToTblTemplateCategoryViaIntTemplateCategoryID_del_parent,PARENT_DELETE_RESTRICT,FAILURE,"Code: 1 | Error: E0211 17:01:34.267289   71474 main.go:60] rpc error: code = Unknown desc = TabletManager.ExecuteFetchAsDba on zone1-3072903978: rpc error: code = Unknown desc = Identifier name 'trg_fkTblTemplateToTblTemplateCategoryViaIntTemplateCategoryID_del_parent' is too long (errno 1059) (sqlstate 42000) during query: CREATE TRIGGER `trg_fkTblTemplateToTblTemplateCategoryViaIntTemplateCategoryID_del_parent` BEFORE DELETE ON `tblTemplateCategory`         FOR EACH ROW         BEGIN             IF (SELECT COUNT(*) FROM `tblTemplate` WHERE `intTemplateCategoryID` = OLD.`id`) > 0 THEN                 SIGNAL SQLSTATE '45000'                  SET MESSAGE_TEXT = 'FK Violation: fkTblTemplateToTblTemplateCategoryViaIntTemplateCategoryID - Cannot delete, children exist in tblTemplate';             END IF;         END"
2026-02-11T17:01:34.386064,fkTblTemplateToTblTemplateCategoryViaIntTemplateCategoryID,trg_fkTblTemplateToTblTemplateCategoryViaIntTemplateCategoryID_upd_parent,PARENT_UPDATE_RESTRICT,FAILURE,"Code: 1 | Error: E0211 17:01:34.382524   71475 main.go:60] rpc error: code = Unknown desc = TabletManager.ExecuteFetchAsDba on zone1-3072903978: rpc error: code = Unknown desc = Identifier name 'trg_fkTblTemplateToTblTemplateCategoryViaIntTemplateCategoryID_upd_parent' is too long (errno 1059) (sqlstate 42000) during query: CREATE TRIGGER `trg_fkTblTemplateToTblTemplateCategoryViaIntTemplateCategoryID_upd_parent` BEFORE UPDATE ON `tblTemplateCategory`     FOR EACH ROW     BEGIN         IF NOT (NEW.`id` <=> OLD.`id`) THEN             IF (SELECT COUNT(*) FROM `tblTemplate` WHERE `intTemplateCategoryID` = OLD.`id`) > 0 THEN                  SIGNAL SQLSTATE '45000'                   SET MESSAGE_TEXT = 'FK Violation: fkTblTemplateToTblTemplateCategoryViaIntTemplateCategoryID - Cannot update key, children exist in tblTemplate';             END IF;         END IF;     END"
2026-02-11T17:01:34.533727,fkTblTenantDistributionCampaignToTblDistributionViaIn1248073008,trg_fkTblTenantDistributionCampaignToTblDistributionViaIn1248073008_ins_valid,CHILD_INSERT_VALIDATE,FAILURE,Code: 1 | Error: E0211 17:01:34.530834   71476 main.go:60] rpc error: code = Unknown desc = TabletManager.ExecuteFetchAsDba on zone1-3072903978: rpc error: code = Unknown desc = Identifier name 'trg_fkTblTenantDistributionCampaignToTblDistributionViaIn1248073008_ins_valid' is too long (errno 1059) (sqlstate 42000) during query: CREATE TRIGGER `trg_fkTblTenantDistributionCampaignToTblDistributionViaIn1248073008_ins_valid` BEFORE INSERT ON `tblTenantDistributionCampaign`     FOR EACH ROW     BEGIN         IF (SELECT COUNT(*) FROM `tblDistribution` WHERE `id` = NEW.`intDistributionID`) = 0 THEN             SIGNAL SQLSTATE '45000'              SET MESSAGE_TEXT = 'FK Violation: fkTblTenantDistributionCampaignToTblDistributionViaIn1248073008 - Referenced key not found in tblDistribution';         END IF;     END
2026-02-11T17:01:34.688438,fkTblTenantDistributionCampaignToTblDistributionViaIn1248073008,trg_fkTblTenantDistributionCampaignToTblDistributionViaIn1248073008_upd_valid,CHILD_UPDATE_VALIDATE,FAILURE,Code: 1 | Error: E0211 17:01:34.683818   71477 main.go:60] rpc error: code = Unknown desc = TabletManager.ExecuteFetchAsDba on zone1-3072903978: rpc error: code = Unknown desc = Identifier name 'trg_fkTblTenantDistributionCampaignToTblDistributionViaIn1248073008_upd_valid' is too long (errno 1059) (sqlstate 42000) during query: CREATE TRIGGER `trg_fkTblTenantDistributionCampaignToTblDistributionViaIn1248073008_upd_valid` BEFORE UPDATE ON `tblTenantDistributionCampaign`     FOR EACH ROW     BEGIN         IF NOT (NEW.`intDistributionID` <=> OLD.`intDistributionID`) THEN             IF (SELECT COUNT(*) FROM `tblDistribution` WHERE `id` = NEW.`intDistributionID`) = 0 THEN                 SIGNAL SQLSTATE '45000'                  SET MESSAGE_TEXT = 'FK Violation: fkTblTenantDistributionCampaignToTblDistributionViaIn1248073008 - Referenced key not found in tblDistribution';             END IF;         END IF;     END
2026-02-11T17:01:34.806116,fkTblTenantDistributionCampaignToTblDistributionViaIn1248073008,trg_fkTblTenantDistributionCampaignToTblDistributionViaIn1248073008_del_parent,PARENT_DELETE_CASCADE,FAILURE,Code: 1 | Error: E0211 17:01:34.802411   71478 main.go:60] rpc error: code = Unknown desc = TabletManager.ExecuteFetchAsDba on zone1-3072903978: rpc error: code = Unknown desc = Identifier name 'trg_fkTblTenantDistributionCampaignToTblDistributionViaIn1248073008_del_parent' is too long (errno 1059) (sqlstate 42000) during query: CREATE TRIGGER `trg_fkTblTenantDistributionCampaignToTblDistributionViaIn1248073008_del_parent` BEFORE DELETE ON `tblDistribution`         FOR EACH ROW         BEGIN             DELETE FROM `tblTenantDistributionCampaign` WHERE `intDistributionID` = OLD.`id`;         END
2026-02-11T17:01:34.970037,fkTblTenantDistributionCampaignToTblDistributionViaIn1248073008,trg_fkTblTenantDistributionCampaignToTblDistributionViaIn1248073008_upd_parent,PARENT_UPDATE_RESTRICT,FAILURE,"Code: 1 | Error: E0211 17:01:34.964909   71479 main.go:60] rpc error: code = Unknown desc = TabletManager.ExecuteFetchAsDba on zone1-3072903978: rpc error: code = Unknown desc = Identifier name 'trg_fkTblTenantDistributionCampaignToTblDistributionViaIn1248073008_upd_parent' is too long (errno 1059) (sqlstate 42000) during query: CREATE TRIGGER `trg_fkTblTenantDistributionCampaignToTblDistributionViaIn1248073008_upd_parent` BEFORE UPDATE ON `tblDistribution`     FOR EACH ROW     BEGIN         IF NOT (NEW.`id` <=> OLD.`id`) THEN             IF (SELECT COUNT(*) FROM `tblTenantDistributionCampaign` WHERE `intDistributionID` = OLD.`id`) > 0 THEN                  SIGNAL SQLSTATE '45000'                   SET MESSAGE_TEXT = 'FK Violation: fkTblTenantDistributionCampaignToTblDistributionViaIn1248073008 - Cannot update key, children exist in tblTenantDistributionCampaign';             END IF;         END IF;     END"
2026-02-11T17:01:35.155966,fkTblTenantFeatureToTblUserViaIntCreatedByUserID,trg_fkTblTenantFeatureToTblUserViaIntCreatedByUserID_ins_valid,CHILD_INSERT_VALIDATE,SUCCESS,Success
2026-02-11T17:01:35.296508,fkTblTenantFeatureToTblUserViaIntCreatedByUserID,trg_fkTblTenantFeatureToTblUserViaIntCreatedByUserID_upd_valid,CHILD_UPDATE_VALIDATE,SUCCESS,Success
2026-02-11T17:01:35.425146,fkTblTenantFeatureToTblUserViaIntCreatedByUserID,trg_fkTblTenantFeatureToTblUserViaIntCreatedByUserID_del_parent,PARENT_DELETE_RESTRICT,SUCCESS,Success
2026-02-11T17:01:35.554084,fkTblTenantFeatureToTblUserViaIntCreatedByUserID,trg_fkTblTenantFeatureToTblUserViaIntCreatedByUserID_upd_parent,PARENT_UPDATE_RESTRICT,SUCCESS,Success
2026-02-11T17:01:35.668288,fkTblTenantFeatureToTblUserViaIntUpdatedByUserID,trg_fkTblTenantFeatureToTblUserViaIntUpdatedByUserID_ins_valid,CHILD_INSERT_VALIDATE,SUCCESS,Success
2026-02-11T17:01:35.780733,fkTblTenantFeatureToTblUserViaIntUpdatedByUserID,trg_fkTblTenantFeatureToTblUserViaIntUpdatedByUserID_upd_valid,CHILD_UPDATE_VALIDATE,SUCCESS,Success
2026-02-11T17:01:35.902171,fkTblTenantFeatureToTblUserViaIntUpdatedByUserID,trg_fkTblTenantFeatureToTblUserViaIntUpdatedByUserID_del_parent,PARENT_DELETE_RESTRICT,SUCCESS,Success
2026-02-11T17:01:36.070667,fkTblTenantFeatureToTblUserViaIntUpdatedByUserID,trg_fkTblTenantFeatureToTblUserViaIntUpdatedByUserID_upd_parent,PARENT_UPDATE_RESTRICT,SUCCESS,Success
2026-02-11T17:01:36.185257,fkTblTenantLineItemToTblOrderViaIntReferenceOrderID,trg_fkTblTenantLineItemToTblOrderViaIntReferenceOrderID_ins_valid,CHILD_INSERT_VALIDATE,FAILURE,Code: 1 | Error: E0211 17:01:36.181959   71585 main.go:60] rpc error: code = Unknown desc = TabletManager.ExecuteFetchAsDba on zone1-3072903978: rpc error: code = Unknown desc = Identifier name 'trg_fkTblTenantLineItemToTblOrderViaIntReferenceOrderID_ins_valid' is too long (errno 1059) (sqlstate 42000) during query: CREATE TRIGGER `trg_fkTblTenantLineItemToTblOrderViaIntReferenceOrderID_ins_valid` BEFORE INSERT ON `tblTenantLineItem`     FOR EACH ROW     BEGIN         IF (SELECT COUNT(*) FROM `tblOrder` WHERE `id` = NEW.`intReferenceOrderID`) = 0 THEN             SIGNAL SQLSTATE '45000'              SET MESSAGE_TEXT = 'FK Violation: fkTblTenantLineItemToTblOrderViaIntReferenceOrderID - Referenced key not found in tblOrder';         END IF;     END
2026-02-11T17:01:36.298065,fkTblTenantLineItemToTblOrderViaIntReferenceOrderID,trg_fkTblTenantLineItemToTblOrderViaIntReferenceOrderID_upd_valid,CHILD_UPDATE_VALIDATE,FAILURE,Code: 1 | Error: E0211 17:01:36.294813   71610 main.go:60] rpc error: code = Unknown desc = TabletManager.ExecuteFetchAsDba on zone1-3072903978: rpc error: code = Unknown desc = Identifier name 'trg_fkTblTenantLineItemToTblOrderViaIntReferenceOrderID_upd_valid' is too long (errno 1059) (sqlstate 42000) during query: CREATE TRIGGER `trg_fkTblTenantLineItemToTblOrderViaIntReferenceOrderID_upd_valid` BEFORE UPDATE ON `tblTenantLineItem`     FOR EACH ROW     BEGIN         IF NOT (NEW.`intReferenceOrderID` <=> OLD.`intReferenceOrderID`) THEN             IF (SELECT COUNT(*) FROM `tblOrder` WHERE `id` = NEW.`intReferenceOrderID`) = 0 THEN                 SIGNAL SQLSTATE '45000'                  SET MESSAGE_TEXT = 'FK Violation: fkTblTenantLineItemToTblOrderViaIntReferenceOrderID - Referenced key not found in tblOrder';             END IF;         END IF;     END
2026-02-11T17:01:36.449865,fkTblTenantLineItemToTblOrderViaIntReferenceOrderID,trg_fkTblTenantLineItemToTblOrderViaIntReferenceOrderID_del_parent,PARENT_DELETE_CASCADE,FAILURE,Code: 1 | Error: E0211 17:01:36.445918   71617 main.go:60] rpc error: code = Unknown desc = TabletManager.ExecuteFetchAsDba on zone1-3072903978: rpc error: code = Unknown desc = Identifier name 'trg_fkTblTenantLineItemToTblOrderViaIntReferenceOrderID_del_parent' is too long (errno 1059) (sqlstate 42000) during query: CREATE TRIGGER `trg_fkTblTenantLineItemToTblOrderViaIntReferenceOrderID_del_parent` BEFORE DELETE ON `tblOrder`         FOR EACH ROW         BEGIN             DELETE FROM `tblTenantLineItem` WHERE `intReferenceOrderID` = OLD.`id`;         END
2026-02-11T17:01:36.575444,fkTblTenantLineItemToTblOrderViaIntReferenceOrderID,trg_fkTblTenantLineItemToTblOrderViaIntReferenceOrderID_upd_parent,PARENT_UPDATE_RESTRICT,FAILURE,"Code: 1 | Error: E0211 17:01:36.570528   71620 main.go:60] rpc error: code = Unknown desc = TabletManager.ExecuteFetchAsDba on zone1-3072903978: rpc error: code = Unknown desc = Identifier name 'trg_fkTblTenantLineItemToTblOrderViaIntReferenceOrderID_upd_parent' is too long (errno 1059) (sqlstate 42000) during query: CREATE TRIGGER `trg_fkTblTenantLineItemToTblOrderViaIntReferenceOrderID_upd_parent` BEFORE UPDATE ON `tblOrder`     FOR EACH ROW     BEGIN         IF NOT (NEW.`id` <=> OLD.`id`) THEN             IF (SELECT COUNT(*) FROM `tblTenantLineItem` WHERE `intReferenceOrderID` = OLD.`id`) > 0 THEN                  SIGNAL SQLSTATE '45000'                   SET MESSAGE_TEXT = 'FK Violation: fkTblTenantLineItemToTblOrderViaIntReferenceOrderID - Cannot update key, children exist in tblTenantLineItem';             END IF;         END IF;     END"
2026-02-11T17:01:36.696468,fkTblTenantLineItemToTblTenantOrderViaIntTenantOrderID,trg_fkTblTenantLineItemToTblTenantOrderViaIntTenantOrderID_ins_valid,CHILD_INSERT_VALIDATE,FAILURE,Code: 1 | Error: E0211 17:01:36.692494   71621 main.go:60] rpc error: code = Unknown desc = TabletManager.ExecuteFetchAsDba on zone1-3072903978: rpc error: code = Unknown desc = Identifier name 'trg_fkTblTenantLineItemToTblTenantOrderViaIntTenantOrderID_ins_valid' is too long (errno 1059) (sqlstate 42000) during query: CREATE TRIGGER `trg_fkTblTenantLineItemToTblTenantOrderViaIntTenantOrderID_ins_valid` BEFORE INSERT ON `tblTenantLineItem`     FOR EACH ROW     BEGIN         IF (SELECT COUNT(*) FROM `tblTenantOrder` WHERE `id` = NEW.`intTenantOrderID`) = 0 THEN             SIGNAL SQLSTATE '45000'              SET MESSAGE_TEXT = 'FK Violation: fkTblTenantLineItemToTblTenantOrderViaIntTenantOrderID - Referenced key not found in tblTenantOrder';         END IF;     END
2026-02-11T17:01:36.810167,fkTblTenantLineItemToTblTenantOrderViaIntTenantOrderID,trg_fkTblTenantLineItemToTblTenantOrderViaIntTenantOrderID_upd_valid,CHILD_UPDATE_VALIDATE,FAILURE,Code: 1 | Error: E0211 17:01:36.806241   71622 main.go:60] rpc error: code = Unknown desc = TabletManager.ExecuteFetchAsDba on zone1-3072903978: rpc error: code = Unknown desc = Identifier name 'trg_fkTblTenantLineItemToTblTenantOrderViaIntTenantOrderID_upd_valid' is too long (errno 1059) (sqlstate 42000) during query: CREATE TRIGGER `trg_fkTblTenantLineItemToTblTenantOrderViaIntTenantOrderID_upd_valid` BEFORE UPDATE ON `tblTenantLineItem`     FOR EACH ROW     BEGIN         IF NOT (NEW.`intTenantOrderID` <=> OLD.`intTenantOrderID`) THEN             IF (SELECT COUNT(*) FROM `tblTenantOrder` WHERE `id` = NEW.`intTenantOrderID`) = 0 THEN                 SIGNAL SQLSTATE '45000'                  SET MESSAGE_TEXT = 'FK Violation: fkTblTenantLineItemToTblTenantOrderViaIntTenantOrderID - Referenced key not found in tblTenantOrder';             END IF;         END IF;     END
2026-02-11T17:01:36.924512,fkTblTenantLineItemToTblTenantOrderViaIntTenantOrderID,trg_fkTblTenantLineItemToTblTenantOrderViaIntTenantOrderID_del_parent,PARENT_DELETE_CASCADE,FAILURE,Code: 1 | Error: E0211 17:01:36.920602   71623 main.go:60] rpc error: code = Unknown desc = TabletManager.ExecuteFetchAsDba on zone1-3072903978: rpc error: code = Unknown desc = Identifier name 'trg_fkTblTenantLineItemToTblTenantOrderViaIntTenantOrderID_del_parent' is too long (errno 1059) (sqlstate 42000) during query: CREATE TRIGGER `trg_fkTblTenantLineItemToTblTenantOrderViaIntTenantOrderID_del_parent` BEFORE DELETE ON `tblTenantOrder`         FOR EACH ROW         BEGIN             DELETE FROM `tblTenantLineItem` WHERE `intTenantOrderID` = OLD.`id`;         END
2026-02-11T17:01:37.083838,fkTblTenantLineItemToTblTenantOrderViaIntTenantOrderID,trg_fkTblTenantLineItemToTblTenantOrderViaIntTenantOrderID_upd_parent,PARENT_UPDATE_RESTRICT,FAILURE,"Code: 1 | Error: E0211 17:01:37.078877   71624 main.go:60] rpc error: code = Unknown desc = TabletManager.ExecuteFetchAsDba on zone1-3072903978: rpc error: code = Unknown desc = Identifier name 'trg_fkTblTenantLineItemToTblTenantOrderViaIntTenantOrderID_upd_parent' is too long (errno 1059) (sqlstate 42000) during query: CREATE TRIGGER `trg_fkTblTenantLineItemToTblTenantOrderViaIntTenantOrderID_upd_parent` BEFORE UPDATE ON `tblTenantOrder`     FOR EACH ROW     BEGIN         IF NOT (NEW.`id` <=> OLD.`id`) THEN             IF (SELECT COUNT(*) FROM `tblTenantLineItem` WHERE `intTenantOrderID` = OLD.`id`) > 0 THEN                  SIGNAL SQLSTATE '45000'                   SET MESSAGE_TEXT = 'FK Violation: fkTblTenantLineItemToTblTenantOrderViaIntTenantOrderID - Cannot update key, children exist in tblTenantLineItem';             END IF;         END IF;     END"
2026-02-11T17:01:37.213950,fkTblTenantLineItemToTblUserViaIntUpdatedByUserID,trg_fkTblTenantLineItemToTblUserViaIntUpdatedByUserID_ins_valid,CHILD_INSERT_VALIDATE,SUCCESS,Success
2026-02-11T17:01:37.343012,fkTblTenantLineItemToTblUserViaIntUpdatedByUserID,trg_fkTblTenantLineItemToTblUserViaIntUpdatedByUserID_upd_valid,CHILD_UPDATE_VALIDATE,SUCCESS,Success
2026-02-11T17:01:37.517451,fkTblTenantLineItemToTblUserViaIntUpdatedByUserID,trg_fkTblTenantLineItemToTblUserViaIntUpdatedByUserID_del_parent,PARENT_DELETE_RESTRICT,SUCCESS,Success
2026-02-11T17:01:37.687157,fkTblTenantLineItemToTblUserViaIntUpdatedByUserID,trg_fkTblTenantLineItemToTblUserViaIntUpdatedByUserID_upd_parent,PARENT_UPDATE_RESTRICT,SUCCESS,Success
2026-02-11T17:01:37.801337,fkTblTenantOrderToTblPaymentProfileViaIntPaymentProfileID,trg_fkTblTenantOrderToTblPaymentProfileViaIntPaymentProfileID_ins_valid,CHILD_INSERT_VALIDATE,FAILURE,Code: 1 | Error: E0211 17:01:37.798519   71629 main.go:60] rpc error: code = Unknown desc = TabletManager.ExecuteFetchAsDba on zone1-3072903978: rpc error: code = Unknown desc = Identifier name 'trg_fkTblTenantOrderToTblPaymentProfileViaIntPaymentProfileID_ins_valid' is too long (errno 1059) (sqlstate 42000) during query: CREATE TRIGGER `trg_fkTblTenantOrderToTblPaymentProfileViaIntPaymentProfileID_ins_valid` BEFORE INSERT ON `tblTenantOrder`     FOR EACH ROW     BEGIN         IF (SELECT COUNT(*) FROM `tblPaymentProfile` WHERE `id` = NEW.`intPaymentProfileID`) = 0 THEN             SIGNAL SQLSTATE '45000'              SET MESSAGE_TEXT = 'FK Violation: fkTblTenantOrderToTblPaymentProfileViaIntPaymentProfileID - Referenced key not found in tblPaymentProfile';         END IF;     END
2026-02-11T17:01:37.918984,fkTblTenantOrderToTblPaymentProfileViaIntPaymentProfileID,trg_fkTblTenantOrderToTblPaymentProfileViaIntPaymentProfileID_upd_valid,CHILD_UPDATE_VALIDATE,FAILURE,Code: 1 | Error: E0211 17:01:37.915489   71630 main.go:60] rpc error: code = Unknown desc = TabletManager.ExecuteFetchAsDba on zone1-3072903978: rpc error: code = Unknown desc = Identifier name 'trg_fkTblTenantOrderToTblPaymentProfileViaIntPaymentProfileID_upd_valid' is too long (errno 1059) (sqlstate 42000) during query: CREATE TRIGGER `trg_fkTblTenantOrderToTblPaymentProfileViaIntPaymentProfileID_upd_valid` BEFORE UPDATE ON `tblTenantOrder`     FOR EACH ROW     BEGIN         IF NOT (NEW.`intPaymentProfileID` <=> OLD.`intPaymentProfileID`) THEN             IF (SELECT COUNT(*) FROM `tblPaymentProfile` WHERE `id` = NEW.`intPaymentProfileID`) = 0 THEN                 SIGNAL SQLSTATE '45000'                  SET MESSAGE_TEXT = 'FK Violation: fkTblTenantOrderToTblPaymentProfileViaIntPaymentProfileID - Referenced key not found in tblPaymentProfile';             END IF;         END IF;     END
2026-02-11T17:01:38.033135,fkTblTenantOrderToTblPaymentProfileViaIntPaymentProfileID,trg_fkTblTenantOrderToTblPaymentProfileViaIntPaymentProfileID_del_parent,PARENT_DELETE_RESTRICT,FAILURE,"Code: 1 | Error: E0211 17:01:38.029855   71631 main.go:60] rpc error: code = Unknown desc = TabletManager.ExecuteFetchAsDba on zone1-3072903978: rpc error: code = Unknown desc = Identifier name 'trg_fkTblTenantOrderToTblPaymentProfileViaIntPaymentProfileID_del_parent' is too long (errno 1059) (sqlstate 42000) during query: CREATE TRIGGER `trg_fkTblTenantOrderToTblPaymentProfileViaIntPaymentProfileID_del_parent` BEFORE DELETE ON `tblPaymentProfile`         FOR EACH ROW         BEGIN             IF (SELECT COUNT(*) FROM `tblTenantOrder` WHERE `intPaymentProfileID` = OLD.`id`) > 0 THEN                 SIGNAL SQLSTATE '45000'                  SET MESSAGE_TEXT = 'FK Violation: fkTblTenantOrderToTblPaymentProfileViaIntPaymentProfileID - Cannot delete, children exist in tblTenantOrder';             END IF;         END"
2026-02-11T17:01:38.144717,fkTblTenantOrderToTblPaymentProfileViaIntPaymentProfileID,trg_fkTblTenantOrderToTblPaymentProfileViaIntPaymentProfileID_upd_parent,PARENT_UPDATE_RESTRICT,FAILURE,"Code: 1 | Error: E0211 17:01:38.141317   71632 main.go:60] rpc error: code = Unknown desc = TabletManager.ExecuteFetchAsDba on zone1-3072903978: rpc error: code = Unknown desc = Identifier name 'trg_fkTblTenantOrderToTblPaymentProfileViaIntPaymentProfileID_upd_parent' is too long (errno 1059) (sqlstate 42000) during query: CREATE TRIGGER `trg_fkTblTenantOrderToTblPaymentProfileViaIntPaymentProfileID_upd_parent` BEFORE UPDATE ON `tblPaymentProfile`     FOR EACH ROW     BEGIN         IF NOT (NEW.`id` <=> OLD.`id`) THEN             IF (SELECT COUNT(*) FROM `tblTenantOrder` WHERE `intPaymentProfileID` = OLD.`id`) > 0 THEN                  SIGNAL SQLSTATE '45000'                   SET MESSAGE_TEXT = 'FK Violation: fkTblTenantOrderToTblPaymentProfileViaIntPaymentProfileID - Cannot update key, children exist in tblTenantOrder';             END IF;         END IF;     END"
2026-02-11T17:01:38.257615,fkTblTenantTransactionToTblPaymentProfileViaIntPaymentProfileID,trg_fkTblTenantTransactionToTblPaymentProfileViaIntPaymentProfileID_ins_valid,CHILD_INSERT_VALIDATE,FAILURE,Code: 1 | Error: E0211 17:01:38.253988   71633 main.go:60] rpc error: code = Unknown desc = TabletManager.ExecuteFetchAsDba on zone1-3072903978: rpc error: code = Unknown desc = Identifier name 'trg_fkTblTenantTransactionToTblPaymentProfileViaIntPaymentProfileID_ins_valid' is too long (errno 1059) (sqlstate 42000) during query: CREATE TRIGGER `trg_fkTblTenantTransactionToTblPaymentProfileViaIntPaymentProfileID_ins_valid` BEFORE INSERT ON `tblTenantTransaction`     FOR EACH ROW     BEGIN         IF (SELECT COUNT(*) FROM `tblPaymentProfile` WHERE `id` = NEW.`intPaymentProfileID`) = 0 THEN             SIGNAL SQLSTATE '45000'              SET MESSAGE_TEXT = 'FK Violation: fkTblTenantTransactionToTblPaymentProfileViaIntPaymentProfileID - Referenced key not found in tblPaymentProfile';         END IF;     END
2026-02-11T17:01:38.371485,fkTblTenantTransactionToTblPaymentProfileViaIntPaymentProfileID,trg_fkTblTenantTransactionToTblPaymentProfileViaIntPaymentProfileID_upd_valid,CHILD_UPDATE_VALIDATE,FAILURE,Code: 1 | Error: E0211 17:01:38.367495   71634 main.go:60] rpc error: code = Unknown desc = TabletManager.ExecuteFetchAsDba on zone1-3072903978: rpc error: code = Unknown desc = Identifier name 'trg_fkTblTenantTransactionToTblPaymentProfileViaIntPaymentProfileID_upd_valid' is too long (errno 1059) (sqlstate 42000) during query: CREATE TRIGGER `trg_fkTblTenantTransactionToTblPaymentProfileViaIntPaymentProfileID_upd_valid` BEFORE UPDATE ON `tblTenantTransaction`     FOR EACH ROW     BEGIN         IF NOT (NEW.`intPaymentProfileID` <=> OLD.`intPaymentProfileID`) THEN             IF (SELECT COUNT(*) FROM `tblPaymentProfile` WHERE `id` = NEW.`intPaymentProfileID`) = 0 THEN                 SIGNAL SQLSTATE '45000'                  SET MESSAGE_TEXT = 'FK Violation: fkTblTenantTransactionToTblPaymentProfileViaIntPaymentProfileID - Referenced key not found in tblPaymentProfile';             END IF;         END IF;     END
2026-02-11T17:01:38.485893,fkTblTenantTransactionToTblPaymentProfileViaIntPaymentProfileID,trg_fkTblTenantTransactionToTblPaymentProfileViaIntPaymentProfileID_del_parent,PARENT_DELETE_RESTRICT,FAILURE,"Code: 1 | Error: E0211 17:01:38.482596   71635 main.go:60] rpc error: code = Unknown desc = TabletManager.ExecuteFetchAsDba on zone1-3072903978: rpc error: code = Unknown desc = Identifier name 'trg_fkTblTenantTransactionToTblPaymentProfileViaIntPaymentProfileID_del_parent' is too long (errno 1059) (sqlstate 42000) during query: CREATE TRIGGER `trg_fkTblTenantTransactionToTblPaymentProfileViaIntPaymentProfileID_del_parent` BEFORE DELETE ON `tblPaymentProfile`         FOR EACH ROW         BEGIN             IF (SELECT COUNT(*) FROM `tblTenantTransaction` WHERE `intPaymentProfileID` = OLD.`id`) > 0 THEN                 SIGNAL SQLSTATE '45000'                  SET MESSAGE_TEXT = 'FK Violation: fkTblTenantTransactionToTblPaymentProfileViaIntPaymentProfileID - Cannot delete, children exist in tblTenantTransaction';             END IF;         END"
2026-02-11T17:01:38.632371,fkTblTenantTransactionToTblPaymentProfileViaIntPaymentProfileID,trg_fkTblTenantTransactionToTblPaymentProfileViaIntPaymentProfileID_upd_parent,PARENT_UPDATE_RESTRICT,FAILURE,"Code: 1 | Error: E0211 17:01:38.629372   71636 main.go:60] rpc error: code = Unknown desc = TabletManager.ExecuteFetchAsDba on zone1-3072903978: rpc error: code = Unknown desc = Identifier name 'trg_fkTblTenantTransactionToTblPaymentProfileViaIntPaymentProfileID_upd_parent' is too long (errno 1059) (sqlstate 42000) during query: CREATE TRIGGER `trg_fkTblTenantTransactionToTblPaymentProfileViaIntPaymentProfileID_upd_parent` BEFORE UPDATE ON `tblPaymentProfile`     FOR EACH ROW     BEGIN         IF NOT (NEW.`id` <=> OLD.`id`) THEN             IF (SELECT COUNT(*) FROM `tblTenantTransaction` WHERE `intPaymentProfileID` = OLD.`id`) > 0 THEN                  SIGNAL SQLSTATE '45000'                   SET MESSAGE_TEXT = 'FK Violation: fkTblTenantTransactionToTblPaymentProfileViaIntPaymentProfileID - Cannot update key, children exist in tblTenantTransaction';             END IF;         END IF;     END"
2026-02-11T17:01:38.780275,fkTblTenantTransactionToTblTenantOrderViaIntTenantOrderID,trg_fkTblTenantTransactionToTblTenantOrderViaIntTenantOrderID_ins_valid,CHILD_INSERT_VALIDATE,FAILURE,Code: 1 | Error: E0211 17:01:38.777716   71639 main.go:60] rpc error: code = Unknown desc = TabletManager.ExecuteFetchAsDba on zone1-3072903978: rpc error: code = Unknown desc = Identifier name 'trg_fkTblTenantTransactionToTblTenantOrderViaIntTenantOrderID_ins_valid' is too long (errno 1059) (sqlstate 42000) during query: CREATE TRIGGER `trg_fkTblTenantTransactionToTblTenantOrderViaIntTenantOrderID_ins_valid` BEFORE INSERT ON `tblTenantTransaction`     FOR EACH ROW     BEGIN         IF (SELECT COUNT(*) FROM `tblTenantOrder` WHERE `id` = NEW.`intTenantOrderID`) = 0 THEN             SIGNAL SQLSTATE '45000'              SET MESSAGE_TEXT = 'FK Violation: fkTblTenantTransactionToTblTenantOrderViaIntTenantOrderID - Referenced key not found in tblTenantOrder';         END IF;     END
2026-02-11T17:01:38.913923,fkTblTenantTransactionToTblTenantOrderViaIntTenantOrderID,trg_fkTblTenantTransactionToTblTenantOrderViaIntTenantOrderID_upd_valid,CHILD_UPDATE_VALIDATE,FAILURE,Code: 1 | Error: E0211 17:01:38.895490   71640 main.go:60] rpc error: code = Unknown desc = TabletManager.ExecuteFetchAsDba on zone1-3072903978: rpc error: code = Unknown desc = Identifier name 'trg_fkTblTenantTransactionToTblTenantOrderViaIntTenantOrderID_upd_valid' is too long (errno 1059) (sqlstate 42000) during query: CREATE TRIGGER `trg_fkTblTenantTransactionToTblTenantOrderViaIntTenantOrderID_upd_valid` BEFORE UPDATE ON `tblTenantTransaction`     FOR EACH ROW     BEGIN         IF NOT (NEW.`intTenantOrderID` <=> OLD.`intTenantOrderID`) THEN             IF (SELECT COUNT(*) FROM `tblTenantOrder` WHERE `id` = NEW.`intTenantOrderID`) = 0 THEN                 SIGNAL SQLSTATE '45000'                  SET MESSAGE_TEXT = 'FK Violation: fkTblTenantTransactionToTblTenantOrderViaIntTenantOrderID - Referenced key not found in tblTenantOrder';             END IF;         END IF;     END
2026-02-11T17:01:39.083279,fkTblTenantTransactionToTblTenantOrderViaIntTenantOrderID,trg_fkTblTenantTransactionToTblTenantOrderViaIntTenantOrderID_del_parent,PARENT_DELETE_RESTRICT,FAILURE,"Code: 1 | Error: E0211 17:01:39.077719   71641 main.go:60] rpc error: code = Unknown desc = TabletManager.ExecuteFetchAsDba on zone1-3072903978: rpc error: code = Unknown desc = Identifier name 'trg_fkTblTenantTransactionToTblTenantOrderViaIntTenantOrderID_del_parent' is too long (errno 1059) (sqlstate 42000) during query: CREATE TRIGGER `trg_fkTblTenantTransactionToTblTenantOrderViaIntTenantOrderID_del_parent` BEFORE DELETE ON `tblTenantOrder`         FOR EACH ROW         BEGIN             IF (SELECT COUNT(*) FROM `tblTenantTransaction` WHERE `intTenantOrderID` = OLD.`id`) > 0 THEN                 SIGNAL SQLSTATE '45000'                  SET MESSAGE_TEXT = 'FK Violation: fkTblTenantTransactionToTblTenantOrderViaIntTenantOrderID - Cannot delete, children exist in tblTenantTransaction';             END IF;         END"
2026-02-11T17:01:39.211187,fkTblTenantTransactionToTblTenantOrderViaIntTenantOrderID,trg_fkTblTenantTransactionToTblTenantOrderViaIntTenantOrderID_upd_parent,PARENT_UPDATE_RESTRICT,FAILURE,"Code: 1 | Error: E0211 17:01:39.207064   71642 main.go:60] rpc error: code = Unknown desc = TabletManager.ExecuteFetchAsDba on zone1-3072903978: rpc error: code = Unknown desc = Identifier name 'trg_fkTblTenantTransactionToTblTenantOrderViaIntTenantOrderID_upd_parent' is too long (errno 1059) (sqlstate 42000) during query: CREATE TRIGGER `trg_fkTblTenantTransactionToTblTenantOrderViaIntTenantOrderID_upd_parent` BEFORE UPDATE ON `tblTenantOrder`     FOR EACH ROW     BEGIN         IF NOT (NEW.`id` <=> OLD.`id`) THEN             IF (SELECT COUNT(*) FROM `tblTenantTransaction` WHERE `intTenantOrderID` = OLD.`id`) > 0 THEN                  SIGNAL SQLSTATE '45000'                   SET MESSAGE_TEXT = 'FK Violation: fkTblTenantTransactionToTblTenantOrderViaIntTenantOrderID - Cannot update key, children exist in tblTenantTransaction';             END IF;         END IF;     END"
2026-02-11T17:01:39.372713,fkTblTenantTransactionToTblUserViaIntPaidByUserID,trg_fkTblTenantTransactionToTblUserViaIntPaidByUserID_ins_valid,CHILD_INSERT_VALIDATE,SUCCESS,Success
2026-02-11T17:01:39.512830,fkTblTenantTransactionToTblUserViaIntPaidByUserID,trg_fkTblTenantTransactionToTblUserViaIntPaidByUserID_upd_valid,CHILD_UPDATE_VALIDATE,SUCCESS,Success
2026-02-11T17:01:39.639700,fkTblTenantTransactionToTblUserViaIntPaidByUserID,trg_fkTblTenantTransactionToTblUserViaIntPaidByUserID_del_parent,PARENT_DELETE_RESTRICT,SUCCESS,Success
2026-02-11T17:01:39.779262,fkTblTenantTransactionToTblUserViaIntPaidByUserID,trg_fkTblTenantTransactionToTblUserViaIntPaidByUserID_upd_parent,PARENT_UPDATE_RESTRICT,SUCCESS,Success
2026-02-11T17:01:39.894962,fkTblTestingBlackToTblTestingBlackViaIntBlackCascadeID,trg_fkTblTestingBlackToTblTestingBlackViaIntBlackCascadeID_ins_valid,CHILD_INSERT_VALIDATE,FAILURE,Code: 1 | Error: E0211 17:01:39.891426   71650 main.go:60] rpc error: code = Unknown desc = TabletManager.ExecuteFetchAsDba on zone1-3072903978: rpc error: code = Unknown desc = Identifier name 'trg_fkTblTestingBlackToTblTestingBlackViaIntBlackCascadeID_ins_valid' is too long (errno 1059) (sqlstate 42000) during query: CREATE TRIGGER `trg_fkTblTestingBlackToTblTestingBlackViaIntBlackCascadeID_ins_valid` BEFORE INSERT ON `tblTestingBlack`     FOR EACH ROW     BEGIN         IF (SELECT COUNT(*) FROM `tblTestingBlack` WHERE `id` = NEW.`intBlackCascadeID`) = 0 THEN             SIGNAL SQLSTATE '45000'              SET MESSAGE_TEXT = 'FK Violation: fkTblTestingBlackToTblTestingBlackViaIntBlackCascadeID - Referenced key not found in tblTestingBlack';         END IF;     END
2026-02-11T17:01:40.019638,fkTblTestingBlackToTblTestingBlackViaIntBlackCascadeID,trg_fkTblTestingBlackToTblTestingBlackViaIntBlackCascadeID_upd_valid,CHILD_UPDATE_VALIDATE,FAILURE,Code: 1 | Error: E0211 17:01:40.013947   71651 main.go:60] rpc error: code = Unknown desc = TabletManager.ExecuteFetchAsDba on zone1-3072903978: rpc error: code = Unknown desc = Identifier name 'trg_fkTblTestingBlackToTblTestingBlackViaIntBlackCascadeID_upd_valid' is too long (errno 1059) (sqlstate 42000) during query: CREATE TRIGGER `trg_fkTblTestingBlackToTblTestingBlackViaIntBlackCascadeID_upd_valid` BEFORE UPDATE ON `tblTestingBlack`     FOR EACH ROW     BEGIN         IF NOT (NEW.`intBlackCascadeID` <=> OLD.`intBlackCascadeID`) THEN             IF (SELECT COUNT(*) FROM `tblTestingBlack` WHERE `id` = NEW.`intBlackCascadeID`) = 0 THEN                 SIGNAL SQLSTATE '45000'                  SET MESSAGE_TEXT = 'FK Violation: fkTblTestingBlackToTblTestingBlackViaIntBlackCascadeID - Referenced key not found in tblTestingBlack';             END IF;         END IF;     END
2026-02-11T17:01:40.133091,fkTblTestingBlackToTblTestingBlackViaIntBlackCascadeID,trg_fkTblTestingBlackToTblTestingBlackViaIntBlackCascadeID_del_parent,PARENT_DELETE_RESTRICT,FAILURE,"Code: 1 | Error: E0211 17:01:40.128523   71652 main.go:60] rpc error: code = Unknown desc = TabletManager.ExecuteFetchAsDba on zone1-3072903978: rpc error: code = Unknown desc = Identifier name 'trg_fkTblTestingBlackToTblTestingBlackViaIntBlackCascadeID_del_parent' is too long (errno 1059) (sqlstate 42000) during query: CREATE TRIGGER `trg_fkTblTestingBlackToTblTestingBlackViaIntBlackCascadeID_del_parent` BEFORE DELETE ON `tblTestingBlack`         FOR EACH ROW         BEGIN             IF (SELECT COUNT(*) FROM `tblTestingBlack` WHERE `intBlackCascadeID` = OLD.`id`) > 0 THEN                 SIGNAL SQLSTATE '45000'                  SET MESSAGE_TEXT = 'FK Violation: fkTblTestingBlackToTblTestingBlackViaIntBlackCascadeID - Cannot delete, children exist in tblTestingBlack';             END IF;         END"
2026-02-11T17:01:40.263506,fkTblTestingBlackToTblTestingBlackViaIntBlackCascadeID,trg_fkTblTestingBlackToTblTestingBlackViaIntBlackCascadeID_upd_parent,PARENT_UPDATE_RESTRICT,FAILURE,"Code: 1 | Error: E0211 17:01:40.246111   71653 main.go:60] rpc error: code = Unknown desc = TabletManager.ExecuteFetchAsDba on zone1-3072903978: rpc error: code = Unknown desc = Identifier name 'trg_fkTblTestingBlackToTblTestingBlackViaIntBlackCascadeID_upd_parent' is too long (errno 1059) (sqlstate 42000) during query: CREATE TRIGGER `trg_fkTblTestingBlackToTblTestingBlackViaIntBlackCascadeID_upd_parent` BEFORE UPDATE ON `tblTestingBlack`     FOR EACH ROW     BEGIN         IF NOT (NEW.`id` <=> OLD.`id`) THEN             IF (SELECT COUNT(*) FROM `tblTestingBlack` WHERE `intBlackCascadeID` = OLD.`id`) > 0 THEN                  SIGNAL SQLSTATE '45000'                   SET MESSAGE_TEXT = 'FK Violation: fkTblTestingBlackToTblTestingBlackViaIntBlackCascadeID - Cannot update key, children exist in tblTestingBlack';             END IF;         END IF;     END"
2026-02-11T17:01:40.391912,fkTblTestingBlackToTblTestingBlackViaIntBlackRestrictID,trg_fkTblTestingBlackToTblTestingBlackViaIntBlackRestrictID_ins_valid,CHILD_INSERT_VALIDATE,FAILURE,Code: 1 | Error: E0211 17:01:40.387405   71654 main.go:60] rpc error: code = Unknown desc = TabletManager.ExecuteFetchAsDba on zone1-3072903978: rpc error: code = Unknown desc = Identifier name 'trg_fkTblTestingBlackToTblTestingBlackViaIntBlackRestrictID_ins_valid' is too long (errno 1059) (sqlstate 42000) during query: CREATE TRIGGER `trg_fkTblTestingBlackToTblTestingBlackViaIntBlackRestrictID_ins_valid` BEFORE INSERT ON `tblTestingBlack`     FOR EACH ROW     BEGIN         IF (SELECT COUNT(*) FROM `tblTestingBlack` WHERE `id` = NEW.`intBlackRestrictID`) = 0 THEN             SIGNAL SQLSTATE '45000'              SET MESSAGE_TEXT = 'FK Violation: fkTblTestingBlackToTblTestingBlackViaIntBlackRestrictID - Referenced key not found in tblTestingBlack';         END IF;     END
2026-02-11T17:01:40.509430,fkTblTestingBlackToTblTestingBlackViaIntBlackRestrictID,trg_fkTblTestingBlackToTblTestingBlackViaIntBlackRestrictID_upd_valid,CHILD_UPDATE_VALIDATE,FAILURE,Code: 1 | Error: E0211 17:01:40.505386   71655 main.go:60] rpc error: code = Unknown desc = TabletManager.ExecuteFetchAsDba on zone1-3072903978: rpc error: code = Unknown desc = Identifier name 'trg_fkTblTestingBlackToTblTestingBlackViaIntBlackRestrictID_upd_valid' is too long (errno 1059) (sqlstate 42000) during query: CREATE TRIGGER `trg_fkTblTestingBlackToTblTestingBlackViaIntBlackRestrictID_upd_valid` BEFORE UPDATE ON `tblTestingBlack`     FOR EACH ROW     BEGIN         IF NOT (NEW.`intBlackRestrictID` <=> OLD.`intBlackRestrictID`) THEN             IF (SELECT COUNT(*) FROM `tblTestingBlack` WHERE `id` = NEW.`intBlackRestrictID`) = 0 THEN                 SIGNAL SQLSTATE '45000'                  SET MESSAGE_TEXT = 'FK Violation: fkTblTestingBlackToTblTestingBlackViaIntBlackRestrictID - Referenced key not found in tblTestingBlack';             END IF;         END IF;     END
2026-02-11T17:01:40.617147,fkTblTestingBlackToTblTestingBlackViaIntBlackRestrictID,trg_fkTblTestingBlackToTblTestingBlackViaIntBlackRestrictID_del_parent,PARENT_DELETE_RESTRICT,FAILURE,"Code: 1 | Error: E0211 17:01:40.614066   71657 main.go:60] rpc error: code = Unknown desc = TabletManager.ExecuteFetchAsDba on zone1-3072903978: rpc error: code = Unknown desc = Identifier name 'trg_fkTblTestingBlackToTblTestingBlackViaIntBlackRestrictID_del_parent' is too long (errno 1059) (sqlstate 42000) during query: CREATE TRIGGER `trg_fkTblTestingBlackToTblTestingBlackViaIntBlackRestrictID_del_parent` BEFORE DELETE ON `tblTestingBlack`         FOR EACH ROW         BEGIN             IF (SELECT COUNT(*) FROM `tblTestingBlack` WHERE `intBlackRestrictID` = OLD.`id`) > 0 THEN                 SIGNAL SQLSTATE '45000'                  SET MESSAGE_TEXT = 'FK Violation: fkTblTestingBlackToTblTestingBlackViaIntBlackRestrictID - Cannot delete, children exist in tblTestingBlack';             END IF;         END"
2026-02-11T17:01:40.726883,fkTblTestingBlackToTblTestingBlackViaIntBlackRestrictID,trg_fkTblTestingBlackToTblTestingBlackViaIntBlackRestrictID_upd_parent,PARENT_UPDATE_RESTRICT,FAILURE,"Code: 1 | Error: E0211 17:01:40.723315   71658 main.go:60] rpc error: code = Unknown desc = TabletManager.ExecuteFetchAsDba on zone1-3072903978: rpc error: code = Unknown desc = Identifier name 'trg_fkTblTestingBlackToTblTestingBlackViaIntBlackRestrictID_upd_parent' is too long (errno 1059) (sqlstate 42000) during query: CREATE TRIGGER `trg_fkTblTestingBlackToTblTestingBlackViaIntBlackRestrictID_upd_parent` BEFORE UPDATE ON `tblTestingBlack`     FOR EACH ROW     BEGIN         IF NOT (NEW.`id` <=> OLD.`id`) THEN             IF (SELECT COUNT(*) FROM `tblTestingBlack` WHERE `intBlackRestrictID` = OLD.`id`) > 0 THEN                  SIGNAL SQLSTATE '45000'                   SET MESSAGE_TEXT = 'FK Violation: fkTblTestingBlackToTblTestingBlackViaIntBlackRestrictID - Cannot update key, children exist in tblTestingBlack';             END IF;         END IF;     END"
2026-02-11T17:01:40.832878,fkTblTestingBlackToTblTestingBlackViaIntBlackSetNullID,trg_fkTblTestingBlackToTblTestingBlackViaIntBlackSetNullID_ins_valid,CHILD_INSERT_VALIDATE,FAILURE,Code: 1 | Error: E0211 17:01:40.829225   71659 main.go:60] rpc error: code = Unknown desc = TabletManager.ExecuteFetchAsDba on zone1-3072903978: rpc error: code = Unknown desc = Identifier name 'trg_fkTblTestingBlackToTblTestingBlackViaIntBlackSetNullID_ins_valid' is too long (errno 1059) (sqlstate 42000) during query: CREATE TRIGGER `trg_fkTblTestingBlackToTblTestingBlackViaIntBlackSetNullID_ins_valid` BEFORE INSERT ON `tblTestingBlack`     FOR EACH ROW     BEGIN         IF (SELECT COUNT(*) FROM `tblTestingBlack` WHERE `id` = NEW.`intBlackSetNullID`) = 0 THEN             SIGNAL SQLSTATE '45000'              SET MESSAGE_TEXT = 'FK Violation: fkTblTestingBlackToTblTestingBlackViaIntBlackSetNullID - Referenced key not found in tblTestingBlack';         END IF;     END
2026-02-11T17:01:40.944896,fkTblTestingBlackToTblTestingBlackViaIntBlackSetNullID,trg_fkTblTestingBlackToTblTestingBlackViaIntBlackSetNullID_upd_valid,CHILD_UPDATE_VALIDATE,FAILURE,Code: 1 | Error: E0211 17:01:40.940552   71660 main.go:60] rpc error: code = Unknown desc = TabletManager.ExecuteFetchAsDba on zone1-3072903978: rpc error: code = Unknown desc = Identifier name 'trg_fkTblTestingBlackToTblTestingBlackViaIntBlackSetNullID_upd_valid' is too long (errno 1059) (sqlstate 42000) during query: CREATE TRIGGER `trg_fkTblTestingBlackToTblTestingBlackViaIntBlackSetNullID_upd_valid` BEFORE UPDATE ON `tblTestingBlack`     FOR EACH ROW     BEGIN         IF NOT (NEW.`intBlackSetNullID` <=> OLD.`intBlackSetNullID`) THEN             IF (SELECT COUNT(*) FROM `tblTestingBlack` WHERE `id` = NEW.`intBlackSetNullID`) = 0 THEN                 SIGNAL SQLSTATE '45000'                  SET MESSAGE_TEXT = 'FK Violation: fkTblTestingBlackToTblTestingBlackViaIntBlackSetNullID - Referenced key not found in tblTestingBlack';             END IF;         END IF;     END
2026-02-11T17:01:41.061300,fkTblTestingBlackToTblTestingBlackViaIntBlackSetNullID,trg_fkTblTestingBlackToTblTestingBlackViaIntBlackSetNullID_del_parent,PARENT_DELETE_RESTRICT,FAILURE,"Code: 1 | Error: E0211 17:01:41.057247   71661 main.go:60] rpc error: code = Unknown desc = TabletManager.ExecuteFetchAsDba on zone1-3072903978: rpc error: code = Unknown desc = Identifier name 'trg_fkTblTestingBlackToTblTestingBlackViaIntBlackSetNullID_del_parent' is too long (errno 1059) (sqlstate 42000) during query: CREATE TRIGGER `trg_fkTblTestingBlackToTblTestingBlackViaIntBlackSetNullID_del_parent` BEFORE DELETE ON `tblTestingBlack`         FOR EACH ROW         BEGIN             IF (SELECT COUNT(*) FROM `tblTestingBlack` WHERE `intBlackSetNullID` = OLD.`id`) > 0 THEN                 SIGNAL SQLSTATE '45000'                  SET MESSAGE_TEXT = 'FK Violation: fkTblTestingBlackToTblTestingBlackViaIntBlackSetNullID - Cannot delete, children exist in tblTestingBlack';             END IF;         END"
2026-02-11T17:01:41.172876,fkTblTestingBlackToTblTestingBlackViaIntBlackSetNullID,trg_fkTblTestingBlackToTblTestingBlackViaIntBlackSetNullID_upd_parent,PARENT_UPDATE_RESTRICT,FAILURE,"Code: 1 | Error: E0211 17:01:41.168410   71662 main.go:60] rpc error: code = Unknown desc = TabletManager.ExecuteFetchAsDba on zone1-3072903978: rpc error: code = Unknown desc = Identifier name 'trg_fkTblTestingBlackToTblTestingBlackViaIntBlackSetNullID_upd_parent' is too long (errno 1059) (sqlstate 42000) during query: CREATE TRIGGER `trg_fkTblTestingBlackToTblTestingBlackViaIntBlackSetNullID_upd_parent` BEFORE UPDATE ON `tblTestingBlack`     FOR EACH ROW     BEGIN         IF NOT (NEW.`id` <=> OLD.`id`) THEN             IF (SELECT COUNT(*) FROM `tblTestingBlack` WHERE `intBlackSetNullID` = OLD.`id`) > 0 THEN                  SIGNAL SQLSTATE '45000'                   SET MESSAGE_TEXT = 'FK Violation: fkTblTestingBlackToTblTestingBlackViaIntBlackSetNullID - Cannot update key, children exist in tblTestingBlack';             END IF;         END IF;     END"
2026-02-11T17:01:41.286069,fkTblTestingBlackToTblTestingWhiteCViaIntWhiteCascadeID,trg_fkTblTestingBlackToTblTestingWhiteCViaIntWhiteCascadeID_ins_valid,CHILD_INSERT_VALIDATE,FAILURE,Code: 1 | Error: E0211 17:01:41.282228   71663 main.go:60] rpc error: code = Unknown desc = TabletManager.ExecuteFetchAsDba on zone1-3072903978: rpc error: code = Unknown desc = Identifier name 'trg_fkTblTestingBlackToTblTestingWhiteCViaIntWhiteCascadeID_ins_valid' is too long (errno 1059) (sqlstate 42000) during query: CREATE TRIGGER `trg_fkTblTestingBlackToTblTestingWhiteCViaIntWhiteCascadeID_ins_valid` BEFORE INSERT ON `tblTestingBlack`     FOR EACH ROW     BEGIN         IF (SELECT COUNT(*) FROM `tblTestingWhiteC` WHERE `id` = NEW.`intWhiteCascadeID`) = 0 THEN             SIGNAL SQLSTATE '45000'              SET MESSAGE_TEXT = 'FK Violation: fkTblTestingBlackToTblTestingWhiteCViaIntWhiteCascadeID - Referenced key not found in tblTestingWhiteC';         END IF;     END
2026-02-11T17:01:41.401786,fkTblTestingBlackToTblTestingWhiteCViaIntWhiteCascadeID,trg_fkTblTestingBlackToTblTestingWhiteCViaIntWhiteCascadeID_upd_valid,CHILD_UPDATE_VALIDATE,FAILURE,Code: 1 | Error: E0211 17:01:41.398272   71664 main.go:60] rpc error: code = Unknown desc = TabletManager.ExecuteFetchAsDba on zone1-3072903978: rpc error: code = Unknown desc = Identifier name 'trg_fkTblTestingBlackToTblTestingWhiteCViaIntWhiteCascadeID_upd_valid' is too long (errno 1059) (sqlstate 42000) during query: CREATE TRIGGER `trg_fkTblTestingBlackToTblTestingWhiteCViaIntWhiteCascadeID_upd_valid` BEFORE UPDATE ON `tblTestingBlack`     FOR EACH ROW     BEGIN         IF NOT (NEW.`intWhiteCascadeID` <=> OLD.`intWhiteCascadeID`) THEN             IF (SELECT COUNT(*) FROM `tblTestingWhiteC` WHERE `id` = NEW.`intWhiteCascadeID`) = 0 THEN                 SIGNAL SQLSTATE '45000'                  SET MESSAGE_TEXT = 'FK Violation: fkTblTestingBlackToTblTestingWhiteCViaIntWhiteCascadeID - Referenced key not found in tblTestingWhiteC';             END IF;         END IF;     END
2026-02-11T17:01:41.526146,fkTblTestingBlackToTblTestingWhiteCViaIntWhiteCascadeID,trg_fkTblTestingBlackToTblTestingWhiteCViaIntWhiteCascadeID_del_parent,PARENT_DELETE_RESTRICT,FAILURE,"Code: 1 | Error: E0211 17:01:41.522464   71665 main.go:60] rpc error: code = Unknown desc = TabletManager.ExecuteFetchAsDba on zone1-3072903978: rpc error: code = Unknown desc = Identifier name 'trg_fkTblTestingBlackToTblTestingWhiteCViaIntWhiteCascadeID_del_parent' is too long (errno 1059) (sqlstate 42000) during query: CREATE TRIGGER `trg_fkTblTestingBlackToTblTestingWhiteCViaIntWhiteCascadeID_del_parent` BEFORE DELETE ON `tblTestingWhiteC`         FOR EACH ROW         BEGIN             IF (SELECT COUNT(*) FROM `tblTestingBlack` WHERE `intWhiteCascadeID` = OLD.`id`) > 0 THEN                 SIGNAL SQLSTATE '45000'                  SET MESSAGE_TEXT = 'FK Violation: fkTblTestingBlackToTblTestingWhiteCViaIntWhiteCascadeID - Cannot delete, children exist in tblTestingBlack';             END IF;         END"
2026-02-11T17:01:41.634876,fkTblTestingBlackToTblTestingWhiteCViaIntWhiteCascadeID,trg_fkTblTestingBlackToTblTestingWhiteCViaIntWhiteCascadeID_upd_parent,PARENT_UPDATE_RESTRICT,FAILURE,"Code: 1 | Error: E0211 17:01:41.631384   71666 main.go:60] rpc error: code = Unknown desc = TabletManager.ExecuteFetchAsDba on zone1-3072903978: rpc error: code = Unknown desc = Identifier name 'trg_fkTblTestingBlackToTblTestingWhiteCViaIntWhiteCascadeID_upd_parent' is too long (errno 1059) (sqlstate 42000) during query: CREATE TRIGGER `trg_fkTblTestingBlackToTblTestingWhiteCViaIntWhiteCascadeID_upd_parent` BEFORE UPDATE ON `tblTestingWhiteC`     FOR EACH ROW     BEGIN         IF NOT (NEW.`id` <=> OLD.`id`) THEN             IF (SELECT COUNT(*) FROM `tblTestingBlack` WHERE `intWhiteCascadeID` = OLD.`id`) > 0 THEN                  SIGNAL SQLSTATE '45000'                   SET MESSAGE_TEXT = 'FK Violation: fkTblTestingBlackToTblTestingWhiteCViaIntWhiteCascadeID - Cannot update key, children exist in tblTestingBlack';             END IF;         END IF;     END"
2026-02-11T17:01:41.759330,fkTblTestingRedCToTblTestingBlackViaIntBlackCascadeID,trg_fkTblTestingRedCToTblTestingBlackViaIntBlackCascadeID_ins_valid,CHILD_INSERT_VALIDATE,FAILURE,Code: 1 | Error: E0211 17:01:41.755866   71667 main.go:60] rpc error: code = Unknown desc = TabletManager.ExecuteFetchAsDba on zone1-3072903978: rpc error: code = Unknown desc = Identifier name 'trg_fkTblTestingRedCToTblTestingBlackViaIntBlackCascadeID_ins_valid' is too long (errno 1059) (sqlstate 42000) during query: CREATE TRIGGER `trg_fkTblTestingRedCToTblTestingBlackViaIntBlackCascadeID_ins_valid` BEFORE INSERT ON `tblTestingRedC`     FOR EACH ROW     BEGIN         IF (SELECT COUNT(*) FROM `tblTestingBlack` WHERE `id` = NEW.`intBlackCascadeID`) = 0 THEN             SIGNAL SQLSTATE '45000'              SET MESSAGE_TEXT = 'FK Violation: fkTblTestingRedCToTblTestingBlackViaIntBlackCascadeID - Referenced key not found in tblTestingBlack';         END IF;     END
2026-02-11T17:01:41.882417,fkTblTestingRedCToTblTestingBlackViaIntBlackCascadeID,trg_fkTblTestingRedCToTblTestingBlackViaIntBlackCascadeID_upd_valid,CHILD_UPDATE_VALIDATE,FAILURE,Code: 1 | Error: E0211 17:01:41.878271   71668 main.go:60] rpc error: code = Unknown desc = TabletManager.ExecuteFetchAsDba on zone1-3072903978: rpc error: code = Unknown desc = Identifier name 'trg_fkTblTestingRedCToTblTestingBlackViaIntBlackCascadeID_upd_valid' is too long (errno 1059) (sqlstate 42000) during query: CREATE TRIGGER `trg_fkTblTestingRedCToTblTestingBlackViaIntBlackCascadeID_upd_valid` BEFORE UPDATE ON `tblTestingRedC`     FOR EACH ROW     BEGIN         IF NOT (NEW.`intBlackCascadeID` <=> OLD.`intBlackCascadeID`) THEN             IF (SELECT COUNT(*) FROM `tblTestingBlack` WHERE `id` = NEW.`intBlackCascadeID`) = 0 THEN                 SIGNAL SQLSTATE '45000'                  SET MESSAGE_TEXT = 'FK Violation: fkTblTestingRedCToTblTestingBlackViaIntBlackCascadeID - Referenced key not found in tblTestingBlack';             END IF;         END IF;     END
2026-02-11T17:01:41.993777,fkTblTestingRedCToTblTestingBlackViaIntBlackCascadeID,trg_fkTblTestingRedCToTblTestingBlackViaIntBlackCascadeID_del_parent,PARENT_DELETE_RESTRICT,FAILURE,"Code: 1 | Error: E0211 17:01:41.990574   71669 main.go:60] rpc error: code = Unknown desc = TabletManager.ExecuteFetchAsDba on zone1-3072903978: rpc error: code = Unknown desc = Identifier name 'trg_fkTblTestingRedCToTblTestingBlackViaIntBlackCascadeID_del_parent' is too long (errno 1059) (sqlstate 42000) during query: CREATE TRIGGER `trg_fkTblTestingRedCToTblTestingBlackViaIntBlackCascadeID_del_parent` BEFORE DELETE ON `tblTestingBlack`         FOR EACH ROW         BEGIN             IF (SELECT COUNT(*) FROM `tblTestingRedC` WHERE `intBlackCascadeID` = OLD.`id`) > 0 THEN                 SIGNAL SQLSTATE '45000'                  SET MESSAGE_TEXT = 'FK Violation: fkTblTestingRedCToTblTestingBlackViaIntBlackCascadeID - Cannot delete, children exist in tblTestingRedC';             END IF;         END"
2026-02-11T17:01:42.109778,fkTblTestingRedCToTblTestingBlackViaIntBlackCascadeID,trg_fkTblTestingRedCToTblTestingBlackViaIntBlackCascadeID_upd_parent,PARENT_UPDATE_RESTRICT,FAILURE,"Code: 1 | Error: E0211 17:01:42.105034   71671 main.go:60] rpc error: code = Unknown desc = TabletManager.ExecuteFetchAsDba on zone1-3072903978: rpc error: code = Unknown desc = Identifier name 'trg_fkTblTestingRedCToTblTestingBlackViaIntBlackCascadeID_upd_parent' is too long (errno 1059) (sqlstate 42000) during query: CREATE TRIGGER `trg_fkTblTestingRedCToTblTestingBlackViaIntBlackCascadeID_upd_parent` BEFORE UPDATE ON `tblTestingBlack`     FOR EACH ROW     BEGIN         IF NOT (NEW.`id` <=> OLD.`id`) THEN             IF (SELECT COUNT(*) FROM `tblTestingRedC` WHERE `intBlackCascadeID` = OLD.`id`) > 0 THEN                  SIGNAL SQLSTATE '45000'                   SET MESSAGE_TEXT = 'FK Violation: fkTblTestingRedCToTblTestingBlackViaIntBlackCascadeID - Cannot update key, children exist in tblTestingRedC';             END IF;         END IF;     END"
2026-02-11T17:01:42.227434,fkTblTestingRedCToTblTestingBlackViaIntBlackRestrictID,trg_fkTblTestingRedCToTblTestingBlackViaIntBlackRestrictID_ins_valid,CHILD_INSERT_VALIDATE,FAILURE,Code: 1 | Error: E0211 17:01:42.224088   71672 main.go:60] rpc error: code = Unknown desc = TabletManager.ExecuteFetchAsDba on zone1-3072903978: rpc error: code = Unknown desc = Identifier name 'trg_fkTblTestingRedCToTblTestingBlackViaIntBlackRestrictID_ins_valid' is too long (errno 1059) (sqlstate 42000) during query: CREATE TRIGGER `trg_fkTblTestingRedCToTblTestingBlackViaIntBlackRestrictID_ins_valid` BEFORE INSERT ON `tblTestingRedC`     FOR EACH ROW     BEGIN         IF (SELECT COUNT(*) FROM `tblTestingBlack` WHERE `id` = NEW.`intBlackRestrictID`) = 0 THEN             SIGNAL SQLSTATE '45000'              SET MESSAGE_TEXT = 'FK Violation: fkTblTestingRedCToTblTestingBlackViaIntBlackRestrictID - Referenced key not found in tblTestingBlack';         END IF;     END
2026-02-11T17:01:42.332375,fkTblTestingRedCToTblTestingBlackViaIntBlackRestrictID,trg_fkTblTestingRedCToTblTestingBlackViaIntBlackRestrictID_upd_valid,CHILD_UPDATE_VALIDATE,FAILURE,Code: 1 | Error: E0211 17:01:42.329606   71673 main.go:60] rpc error: code = Unknown desc = TabletManager.ExecuteFetchAsDba on zone1-3072903978: rpc error: code = Unknown desc = Identifier name 'trg_fkTblTestingRedCToTblTestingBlackViaIntBlackRestrictID_upd_valid' is too long (errno 1059) (sqlstate 42000) during query: CREATE TRIGGER `trg_fkTblTestingRedCToTblTestingBlackViaIntBlackRestrictID_upd_valid` BEFORE UPDATE ON `tblTestingRedC`     FOR EACH ROW     BEGIN         IF NOT (NEW.`intBlackRestrictID` <=> OLD.`intBlackRestrictID`) THEN             IF (SELECT COUNT(*) FROM `tblTestingBlack` WHERE `id` = NEW.`intBlackRestrictID`) = 0 THEN                 SIGNAL SQLSTATE '45000'                  SET MESSAGE_TEXT = 'FK Violation: fkTblTestingRedCToTblTestingBlackViaIntBlackRestrictID - Referenced key not found in tblTestingBlack';             END IF;         END IF;     END
2026-02-11T17:01:42.438226,fkTblTestingRedCToTblTestingBlackViaIntBlackRestrictID,trg_fkTblTestingRedCToTblTestingBlackViaIntBlackRestrictID_del_parent,PARENT_DELETE_RESTRICT,FAILURE,"Code: 1 | Error: E0211 17:01:42.434740   71674 main.go:60] rpc error: code = Unknown desc = TabletManager.ExecuteFetchAsDba on zone1-3072903978: rpc error: code = Unknown desc = Identifier name 'trg_fkTblTestingRedCToTblTestingBlackViaIntBlackRestrictID_del_parent' is too long (errno 1059) (sqlstate 42000) during query: CREATE TRIGGER `trg_fkTblTestingRedCToTblTestingBlackViaIntBlackRestrictID_del_parent` BEFORE DELETE ON `tblTestingBlack`         FOR EACH ROW         BEGIN             IF (SELECT COUNT(*) FROM `tblTestingRedC` WHERE `intBlackRestrictID` = OLD.`id`) > 0 THEN                 SIGNAL SQLSTATE '45000'                  SET MESSAGE_TEXT = 'FK Violation: fkTblTestingRedCToTblTestingBlackViaIntBlackRestrictID - Cannot delete, children exist in tblTestingRedC';             END IF;         END"
2026-02-11T17:01:42.549366,fkTblTestingRedCToTblTestingBlackViaIntBlackRestrictID,trg_fkTblTestingRedCToTblTestingBlackViaIntBlackRestrictID_upd_parent,PARENT_UPDATE_RESTRICT,FAILURE,"Code: 1 | Error: E0211 17:01:42.545303   71675 main.go:60] rpc error: code = Unknown desc = TabletManager.ExecuteFetchAsDba on zone1-3072903978: rpc error: code = Unknown desc = Identifier name 'trg_fkTblTestingRedCToTblTestingBlackViaIntBlackRestrictID_upd_parent' is too long (errno 1059) (sqlstate 42000) during query: CREATE TRIGGER `trg_fkTblTestingRedCToTblTestingBlackViaIntBlackRestrictID_upd_parent` BEFORE UPDATE ON `tblTestingBlack`     FOR EACH ROW     BEGIN         IF NOT (NEW.`id` <=> OLD.`id`) THEN             IF (SELECT COUNT(*) FROM `tblTestingRedC` WHERE `intBlackRestrictID` = OLD.`id`) > 0 THEN                  SIGNAL SQLSTATE '45000'                   SET MESSAGE_TEXT = 'FK Violation: fkTblTestingRedCToTblTestingBlackViaIntBlackRestrictID - Cannot update key, children exist in tblTestingRedC';             END IF;         END IF;     END"
2026-02-11T17:01:42.664148,fkTblTestingRedCToTblTestingBlackViaIntBlackSetNullID,trg_fkTblTestingRedCToTblTestingBlackViaIntBlackSetNullID_ins_valid,CHILD_INSERT_VALIDATE,FAILURE,Code: 1 | Error: E0211 17:01:42.659863   71676 main.go:60] rpc error: code = Unknown desc = TabletManager.ExecuteFetchAsDba on zone1-3072903978: rpc error: code = Unknown desc = Identifier name 'trg_fkTblTestingRedCToTblTestingBlackViaIntBlackSetNullID_ins_valid' is too long (errno 1059) (sqlstate 42000) during query: CREATE TRIGGER `trg_fkTblTestingRedCToTblTestingBlackViaIntBlackSetNullID_ins_valid` BEFORE INSERT ON `tblTestingRedC`     FOR EACH ROW     BEGIN         IF (SELECT COUNT(*) FROM `tblTestingBlack` WHERE `id` = NEW.`intBlackSetNullID`) = 0 THEN             SIGNAL SQLSTATE '45000'              SET MESSAGE_TEXT = 'FK Violation: fkTblTestingRedCToTblTestingBlackViaIntBlackSetNullID - Referenced key not found in tblTestingBlack';         END IF;     END
2026-02-11T17:01:42.771742,fkTblTestingRedCToTblTestingBlackViaIntBlackSetNullID,trg_fkTblTestingRedCToTblTestingBlackViaIntBlackSetNullID_upd_valid,CHILD_UPDATE_VALIDATE,FAILURE,Code: 1 | Error: E0211 17:01:42.768929   71677 main.go:60] rpc error: code = Unknown desc = TabletManager.ExecuteFetchAsDba on zone1-3072903978: rpc error: code = Unknown desc = Identifier name 'trg_fkTblTestingRedCToTblTestingBlackViaIntBlackSetNullID_upd_valid' is too long (errno 1059) (sqlstate 42000) during query: CREATE TRIGGER `trg_fkTblTestingRedCToTblTestingBlackViaIntBlackSetNullID_upd_valid` BEFORE UPDATE ON `tblTestingRedC`     FOR EACH ROW     BEGIN         IF NOT (NEW.`intBlackSetNullID` <=> OLD.`intBlackSetNullID`) THEN             IF (SELECT COUNT(*) FROM `tblTestingBlack` WHERE `id` = NEW.`intBlackSetNullID`) = 0 THEN                 SIGNAL SQLSTATE '45000'                  SET MESSAGE_TEXT = 'FK Violation: fkTblTestingRedCToTblTestingBlackViaIntBlackSetNullID - Referenced key not found in tblTestingBlack';             END IF;         END IF;     END
2026-02-11T17:01:42.875846,fkTblTestingRedCToTblTestingBlackViaIntBlackSetNullID,trg_fkTblTestingRedCToTblTestingBlackViaIntBlackSetNullID_del_parent,PARENT_DELETE_RESTRICT,FAILURE,"Code: 1 | Error: E0211 17:01:42.872724   71678 main.go:60] rpc error: code = Unknown desc = TabletManager.ExecuteFetchAsDba on zone1-3072903978: rpc error: code = Unknown desc = Identifier name 'trg_fkTblTestingRedCToTblTestingBlackViaIntBlackSetNullID_del_parent' is too long (errno 1059) (sqlstate 42000) during query: CREATE TRIGGER `trg_fkTblTestingRedCToTblTestingBlackViaIntBlackSetNullID_del_parent` BEFORE DELETE ON `tblTestingBlack`         FOR EACH ROW         BEGIN             IF (SELECT COUNT(*) FROM `tblTestingRedC` WHERE `intBlackSetNullID` = OLD.`id`) > 0 THEN                 SIGNAL SQLSTATE '45000'                  SET MESSAGE_TEXT = 'FK Violation: fkTblTestingRedCToTblTestingBlackViaIntBlackSetNullID - Cannot delete, children exist in tblTestingRedC';             END IF;         END"
2026-02-11T17:01:42.983567,fkTblTestingRedCToTblTestingBlackViaIntBlackSetNullID,trg_fkTblTestingRedCToTblTestingBlackViaIntBlackSetNullID_upd_parent,PARENT_UPDATE_RESTRICT,FAILURE,"Code: 1 | Error: E0211 17:01:42.979879   71680 main.go:60] rpc error: code = Unknown desc = TabletManager.ExecuteFetchAsDba on zone1-3072903978: rpc error: code = Unknown desc = Identifier name 'trg_fkTblTestingRedCToTblTestingBlackViaIntBlackSetNullID_upd_parent' is too long (errno 1059) (sqlstate 42000) during query: CREATE TRIGGER `trg_fkTblTestingRedCToTblTestingBlackViaIntBlackSetNullID_upd_parent` BEFORE UPDATE ON `tblTestingBlack`     FOR EACH ROW     BEGIN         IF NOT (NEW.`id` <=> OLD.`id`) THEN             IF (SELECT COUNT(*) FROM `tblTestingRedC` WHERE `intBlackSetNullID` = OLD.`id`) > 0 THEN                  SIGNAL SQLSTATE '45000'                   SET MESSAGE_TEXT = 'FK Violation: fkTblTestingRedCToTblTestingBlackViaIntBlackSetNullID - Cannot update key, children exist in tblTestingRedC';             END IF;         END IF;     END"
2026-02-11T17:01:43.095446,fkTblTestingRedCToTblTestingWhiteCViaIntWhiteCCascadeID,trg_fkTblTestingRedCToTblTestingWhiteCViaIntWhiteCCascadeID_ins_valid,CHILD_INSERT_VALIDATE,FAILURE,Code: 1 | Error: E0211 17:01:43.091128   71681 main.go:60] rpc error: code = Unknown desc = TabletManager.ExecuteFetchAsDba on zone1-3072903978: rpc error: code = Unknown desc = Identifier name 'trg_fkTblTestingRedCToTblTestingWhiteCViaIntWhiteCCascadeID_ins_valid' is too long (errno 1059) (sqlstate 42000) during query: CREATE TRIGGER `trg_fkTblTestingRedCToTblTestingWhiteCViaIntWhiteCCascadeID_ins_valid` BEFORE INSERT ON `tblTestingRedC`     FOR EACH ROW     BEGIN         IF (SELECT COUNT(*) FROM `tblTestingWhiteC` WHERE `id` = NEW.`intWhiteCCascadeID`) = 0 THEN             SIGNAL SQLSTATE '45000'              SET MESSAGE_TEXT = 'FK Violation: fkTblTestingRedCToTblTestingWhiteCViaIntWhiteCCascadeID - Referenced key not found in tblTestingWhiteC';         END IF;     END
2026-02-11T17:01:43.208375,fkTblTestingRedCToTblTestingWhiteCViaIntWhiteCCascadeID,trg_fkTblTestingRedCToTblTestingWhiteCViaIntWhiteCCascadeID_upd_valid,CHILD_UPDATE_VALIDATE,FAILURE,Code: 1 | Error: E0211 17:01:43.204362   71682 main.go:60] rpc error: code = Unknown desc = TabletManager.ExecuteFetchAsDba on zone1-3072903978: rpc error: code = Unknown desc = Identifier name 'trg_fkTblTestingRedCToTblTestingWhiteCViaIntWhiteCCascadeID_upd_valid' is too long (errno 1059) (sqlstate 42000) during query: CREATE TRIGGER `trg_fkTblTestingRedCToTblTestingWhiteCViaIntWhiteCCascadeID_upd_valid` BEFORE UPDATE ON `tblTestingRedC`     FOR EACH ROW     BEGIN         IF NOT (NEW.`intWhiteCCascadeID` <=> OLD.`intWhiteCCascadeID`) THEN             IF (SELECT COUNT(*) FROM `tblTestingWhiteC` WHERE `id` = NEW.`intWhiteCCascadeID`) = 0 THEN                 SIGNAL SQLSTATE '45000'                  SET MESSAGE_TEXT = 'FK Violation: fkTblTestingRedCToTblTestingWhiteCViaIntWhiteCCascadeID - Referenced key not found in tblTestingWhiteC';             END IF;         END IF;     END
2026-02-11T17:01:43.319488,fkTblTestingRedCToTblTestingWhiteCViaIntWhiteCCascadeID,trg_fkTblTestingRedCToTblTestingWhiteCViaIntWhiteCCascadeID_del_parent,PARENT_DELETE_RESTRICT,FAILURE,"Code: 1 | Error: E0211 17:01:43.315775   71683 main.go:60] rpc error: code = Unknown desc = TabletManager.ExecuteFetchAsDba on zone1-3072903978: rpc error: code = Unknown desc = Identifier name 'trg_fkTblTestingRedCToTblTestingWhiteCViaIntWhiteCCascadeID_del_parent' is too long (errno 1059) (sqlstate 42000) during query: CREATE TRIGGER `trg_fkTblTestingRedCToTblTestingWhiteCViaIntWhiteCCascadeID_del_parent` BEFORE DELETE ON `tblTestingWhiteC`         FOR EACH ROW         BEGIN             IF (SELECT COUNT(*) FROM `tblTestingRedC` WHERE `intWhiteCCascadeID` = OLD.`id`) > 0 THEN                 SIGNAL SQLSTATE '45000'                  SET MESSAGE_TEXT = 'FK Violation: fkTblTestingRedCToTblTestingWhiteCViaIntWhiteCCascadeID - Cannot delete, children exist in tblTestingRedC';             END IF;         END"
2026-02-11T17:01:43.475727,fkTblTestingRedCToTblTestingWhiteCViaIntWhiteCCascadeID,trg_fkTblTestingRedCToTblTestingWhiteCViaIntWhiteCCascadeID_upd_parent,PARENT_UPDATE_RESTRICT,FAILURE,"Code: 1 | Error: E0211 17:01:43.471233   71684 main.go:60] rpc error: code = Unknown desc = TabletManager.ExecuteFetchAsDba on zone1-3072903978: rpc error: code = Unknown desc = Identifier name 'trg_fkTblTestingRedCToTblTestingWhiteCViaIntWhiteCCascadeID_upd_parent' is too long (errno 1059) (sqlstate 42000) during query: CREATE TRIGGER `trg_fkTblTestingRedCToTblTestingWhiteCViaIntWhiteCCascadeID_upd_parent` BEFORE UPDATE ON `tblTestingWhiteC`     FOR EACH ROW     BEGIN         IF NOT (NEW.`id` <=> OLD.`id`) THEN             IF (SELECT COUNT(*) FROM `tblTestingRedC` WHERE `intWhiteCCascadeID` = OLD.`id`) > 0 THEN                  SIGNAL SQLSTATE '45000'                   SET MESSAGE_TEXT = 'FK Violation: fkTblTestingRedCToTblTestingWhiteCViaIntWhiteCCascadeID - Cannot update key, children exist in tblTestingRedC';             END IF;         END IF;     END"
2026-02-11T17:01:43.606112,fkTblTestingRedCToTblTestingWhiteCViaIntWhiteCRestrictID,trg_fkTblTestingRedCToTblTestingWhiteCViaIntWhiteCRestrictID_ins_valid,CHILD_INSERT_VALIDATE,FAILURE,Code: 1 | Error: E0211 17:01:43.602675   71685 main.go:60] rpc error: code = Unknown desc = TabletManager.ExecuteFetchAsDba on zone1-3072903978: rpc error: code = Unknown desc = Identifier name 'trg_fkTblTestingRedCToTblTestingWhiteCViaIntWhiteCRestrictID_ins_valid' is too long (errno 1059) (sqlstate 42000) during query: CREATE TRIGGER `trg_fkTblTestingRedCToTblTestingWhiteCViaIntWhiteCRestrictID_ins_valid` BEFORE INSERT ON `tblTestingRedC`     FOR EACH ROW     BEGIN         IF (SELECT COUNT(*) FROM `tblTestingWhiteC` WHERE `id` = NEW.`intWhiteCRestrictID`) = 0 THEN             SIGNAL SQLSTATE '45000'              SET MESSAGE_TEXT = 'FK Violation: fkTblTestingRedCToTblTestingWhiteCViaIntWhiteCRestrictID - Referenced key not found in tblTestingWhiteC';         END IF;     END
2026-02-11T17:01:43.719043,fkTblTestingRedCToTblTestingWhiteCViaIntWhiteCRestrictID,trg_fkTblTestingRedCToTblTestingWhiteCViaIntWhiteCRestrictID_upd_valid,CHILD_UPDATE_VALIDATE,FAILURE,Code: 1 | Error: E0211 17:01:43.715584   71688 main.go:60] rpc error: code = Unknown desc = TabletManager.ExecuteFetchAsDba on zone1-3072903978: rpc error: code = Unknown desc = Identifier name 'trg_fkTblTestingRedCToTblTestingWhiteCViaIntWhiteCRestrictID_upd_valid' is too long (errno 1059) (sqlstate 42000) during query: CREATE TRIGGER `trg_fkTblTestingRedCToTblTestingWhiteCViaIntWhiteCRestrictID_upd_valid` BEFORE UPDATE ON `tblTestingRedC`     FOR EACH ROW     BEGIN         IF NOT (NEW.`intWhiteCRestrictID` <=> OLD.`intWhiteCRestrictID`) THEN             IF (SELECT COUNT(*) FROM `tblTestingWhiteC` WHERE `id` = NEW.`intWhiteCRestrictID`) = 0 THEN                 SIGNAL SQLSTATE '45000'                  SET MESSAGE_TEXT = 'FK Violation: fkTblTestingRedCToTblTestingWhiteCViaIntWhiteCRestrictID - Referenced key not found in tblTestingWhiteC';             END IF;         END IF;     END
2026-02-11T17:01:43.839456,fkTblTestingRedCToTblTestingWhiteCViaIntWhiteCRestrictID,trg_fkTblTestingRedCToTblTestingWhiteCViaIntWhiteCRestrictID_del_parent,PARENT_DELETE_RESTRICT,FAILURE,"Code: 1 | Error: E0211 17:01:43.835559   71689 main.go:60] rpc error: code = Unknown desc = TabletManager.ExecuteFetchAsDba on zone1-3072903978: rpc error: code = Unknown desc = Identifier name 'trg_fkTblTestingRedCToTblTestingWhiteCViaIntWhiteCRestrictID_del_parent' is too long (errno 1059) (sqlstate 42000) during query: CREATE TRIGGER `trg_fkTblTestingRedCToTblTestingWhiteCViaIntWhiteCRestrictID_del_parent` BEFORE DELETE ON `tblTestingWhiteC`         FOR EACH ROW         BEGIN             IF (SELECT COUNT(*) FROM `tblTestingRedC` WHERE `intWhiteCRestrictID` = OLD.`id`) > 0 THEN                 SIGNAL SQLSTATE '45000'                  SET MESSAGE_TEXT = 'FK Violation: fkTblTestingRedCToTblTestingWhiteCViaIntWhiteCRestrictID - Cannot delete, children exist in tblTestingRedC';             END IF;         END"
2026-02-11T17:01:43.946072,fkTblTestingRedCToTblTestingWhiteCViaIntWhiteCRestrictID,trg_fkTblTestingRedCToTblTestingWhiteCViaIntWhiteCRestrictID_upd_parent,PARENT_UPDATE_RESTRICT,FAILURE,"Code: 1 | Error: E0211 17:01:43.943303   71690 main.go:60] rpc error: code = Unknown desc = TabletManager.ExecuteFetchAsDba on zone1-3072903978: rpc error: code = Unknown desc = Identifier name 'trg_fkTblTestingRedCToTblTestingWhiteCViaIntWhiteCRestrictID_upd_parent' is too long (errno 1059) (sqlstate 42000) during query: CREATE TRIGGER `trg_fkTblTestingRedCToTblTestingWhiteCViaIntWhiteCRestrictID_upd_parent` BEFORE UPDATE ON `tblTestingWhiteC`     FOR EACH ROW     BEGIN         IF NOT (NEW.`id` <=> OLD.`id`) THEN             IF (SELECT COUNT(*) FROM `tblTestingRedC` WHERE `intWhiteCRestrictID` = OLD.`id`) > 0 THEN                  SIGNAL SQLSTATE '45000'                   SET MESSAGE_TEXT = 'FK Violation: fkTblTestingRedCToTblTestingWhiteCViaIntWhiteCRestrictID - Cannot update key, children exist in tblTestingRedC';             END IF;         END IF;     END"
2026-02-11T17:01:44.055596,fkTblTestingRedCToTblTestingWhiteCViaIntWhiteCSetNullID,trg_fkTblTestingRedCToTblTestingWhiteCViaIntWhiteCSetNullID_ins_valid,CHILD_INSERT_VALIDATE,FAILURE,Code: 1 | Error: E0211 17:01:44.051612   71691 main.go:60] rpc error: code = Unknown desc = TabletManager.ExecuteFetchAsDba on zone1-3072903978: rpc error: code = Unknown desc = Identifier name 'trg_fkTblTestingRedCToTblTestingWhiteCViaIntWhiteCSetNullID_ins_valid' is too long (errno 1059) (sqlstate 42000) during query: CREATE TRIGGER `trg_fkTblTestingRedCToTblTestingWhiteCViaIntWhiteCSetNullID_ins_valid` BEFORE INSERT ON `tblTestingRedC`     FOR EACH ROW     BEGIN         IF (SELECT COUNT(*) FROM `tblTestingWhiteC` WHERE `id` = NEW.`intWhiteCSetNullID`) = 0 THEN             SIGNAL SQLSTATE '45000'              SET MESSAGE_TEXT = 'FK Violation: fkTblTestingRedCToTblTestingWhiteCViaIntWhiteCSetNullID - Referenced key not found in tblTestingWhiteC';         END IF;     END
2026-02-11T17:01:44.172551,fkTblTestingRedCToTblTestingWhiteCViaIntWhiteCSetNullID,trg_fkTblTestingRedCToTblTestingWhiteCViaIntWhiteCSetNullID_upd_valid,CHILD_UPDATE_VALIDATE,FAILURE,Code: 1 | Error: E0211 17:01:44.168468   71692 main.go:60] rpc error: code = Unknown desc = TabletManager.ExecuteFetchAsDba on zone1-3072903978: rpc error: code = Unknown desc = Identifier name 'trg_fkTblTestingRedCToTblTestingWhiteCViaIntWhiteCSetNullID_upd_valid' is too long (errno 1059) (sqlstate 42000) during query: CREATE TRIGGER `trg_fkTblTestingRedCToTblTestingWhiteCViaIntWhiteCSetNullID_upd_valid` BEFORE UPDATE ON `tblTestingRedC`     FOR EACH ROW     BEGIN         IF NOT (NEW.`intWhiteCSetNullID` <=> OLD.`intWhiteCSetNullID`) THEN             IF (SELECT COUNT(*) FROM `tblTestingWhiteC` WHERE `id` = NEW.`intWhiteCSetNullID`) = 0 THEN                 SIGNAL SQLSTATE '45000'                  SET MESSAGE_TEXT = 'FK Violation: fkTblTestingRedCToTblTestingWhiteCViaIntWhiteCSetNullID - Referenced key not found in tblTestingWhiteC';             END IF;         END IF;     END
2026-02-11T17:01:44.291587,fkTblTestingRedCToTblTestingWhiteCViaIntWhiteCSetNullID,trg_fkTblTestingRedCToTblTestingWhiteCViaIntWhiteCSetNullID_del_parent,PARENT_DELETE_RESTRICT,FAILURE,"Code: 1 | Error: E0211 17:01:44.287692   71693 main.go:60] rpc error: code = Unknown desc = TabletManager.ExecuteFetchAsDba on zone1-3072903978: rpc error: code = Unknown desc = Identifier name 'trg_fkTblTestingRedCToTblTestingWhiteCViaIntWhiteCSetNullID_del_parent' is too long (errno 1059) (sqlstate 42000) during query: CREATE TRIGGER `trg_fkTblTestingRedCToTblTestingWhiteCViaIntWhiteCSetNullID_del_parent` BEFORE DELETE ON `tblTestingWhiteC`         FOR EACH ROW         BEGIN             IF (SELECT COUNT(*) FROM `tblTestingRedC` WHERE `intWhiteCSetNullID` = OLD.`id`) > 0 THEN                 SIGNAL SQLSTATE '45000'                  SET MESSAGE_TEXT = 'FK Violation: fkTblTestingRedCToTblTestingWhiteCViaIntWhiteCSetNullID - Cannot delete, children exist in tblTestingRedC';             END IF;         END"
2026-02-11T17:01:44.405931,fkTblTestingRedCToTblTestingWhiteCViaIntWhiteCSetNullID,trg_fkTblTestingRedCToTblTestingWhiteCViaIntWhiteCSetNullID_upd_parent,PARENT_UPDATE_RESTRICT,FAILURE,"Code: 1 | Error: E0211 17:01:44.401922   71694 main.go:60] rpc error: code = Unknown desc = TabletManager.ExecuteFetchAsDba on zone1-3072903978: rpc error: code = Unknown desc = Identifier name 'trg_fkTblTestingRedCToTblTestingWhiteCViaIntWhiteCSetNullID_upd_parent' is too long (errno 1059) (sqlstate 42000) during query: CREATE TRIGGER `trg_fkTblTestingRedCToTblTestingWhiteCViaIntWhiteCSetNullID_upd_parent` BEFORE UPDATE ON `tblTestingWhiteC`     FOR EACH ROW     BEGIN         IF NOT (NEW.`id` <=> OLD.`id`) THEN             IF (SELECT COUNT(*) FROM `tblTestingRedC` WHERE `intWhiteCSetNullID` = OLD.`id`) > 0 THEN                  SIGNAL SQLSTATE '45000'                   SET MESSAGE_TEXT = 'FK Violation: fkTblTestingRedCToTblTestingWhiteCViaIntWhiteCSetNullID - Cannot update key, children exist in tblTestingRedC';             END IF;         END IF;     END"
2026-02-11T17:01:44.530390,fkTblTestingWhiteCToTblTestingBlackViaIntBlackCascadeID,trg_fkTblTestingWhiteCToTblTestingBlackViaIntBlackCascadeID_ins_valid,CHILD_INSERT_VALIDATE,FAILURE,Code: 1 | Error: E0211 17:01:44.525169   71696 main.go:60] rpc error: code = Unknown desc = TabletManager.ExecuteFetchAsDba on zone1-3072903978: rpc error: code = Unknown desc = Identifier name 'trg_fkTblTestingWhiteCToTblTestingBlackViaIntBlackCascadeID_ins_valid' is too long (errno 1059) (sqlstate 42000) during query: CREATE TRIGGER `trg_fkTblTestingWhiteCToTblTestingBlackViaIntBlackCascadeID_ins_valid` BEFORE INSERT ON `tblTestingWhiteC`     FOR EACH ROW     BEGIN         IF (SELECT COUNT(*) FROM `tblTestingBlack` WHERE `id` = NEW.`intBlackCascadeID`) = 0 THEN             SIGNAL SQLSTATE '45000'              SET MESSAGE_TEXT = 'FK Violation: fkTblTestingWhiteCToTblTestingBlackViaIntBlackCascadeID - Referenced key not found in tblTestingBlack';         END IF;     END
2026-02-11T17:01:44.653131,fkTblTestingWhiteCToTblTestingBlackViaIntBlackCascadeID,trg_fkTblTestingWhiteCToTblTestingBlackViaIntBlackCascadeID_upd_valid,CHILD_UPDATE_VALIDATE,FAILURE,Code: 1 | Error: E0211 17:01:44.647632   71697 main.go:60] rpc error: code = Unknown desc = TabletManager.ExecuteFetchAsDba on zone1-3072903978: rpc error: code = Unknown desc = Identifier name 'trg_fkTblTestingWhiteCToTblTestingBlackViaIntBlackCascadeID_upd_valid' is too long (errno 1059) (sqlstate 42000) during query: CREATE TRIGGER `trg_fkTblTestingWhiteCToTblTestingBlackViaIntBlackCascadeID_upd_valid` BEFORE UPDATE ON `tblTestingWhiteC`     FOR EACH ROW     BEGIN         IF NOT (NEW.`intBlackCascadeID` <=> OLD.`intBlackCascadeID`) THEN             IF (SELECT COUNT(*) FROM `tblTestingBlack` WHERE `id` = NEW.`intBlackCascadeID`) = 0 THEN                 SIGNAL SQLSTATE '45000'                  SET MESSAGE_TEXT = 'FK Violation: fkTblTestingWhiteCToTblTestingBlackViaIntBlackCascadeID - Referenced key not found in tblTestingBlack';             END IF;         END IF;     END
2026-02-11T17:01:44.773108,fkTblTestingWhiteCToTblTestingBlackViaIntBlackCascadeID,trg_fkTblTestingWhiteCToTblTestingBlackViaIntBlackCascadeID_del_parent,PARENT_DELETE_RESTRICT,FAILURE,"Code: 1 | Error: E0211 17:01:44.768693   71698 main.go:60] rpc error: code = Unknown desc = TabletManager.ExecuteFetchAsDba on zone1-3072903978: rpc error: code = Unknown desc = Identifier name 'trg_fkTblTestingWhiteCToTblTestingBlackViaIntBlackCascadeID_del_parent' is too long (errno 1059) (sqlstate 42000) during query: CREATE TRIGGER `trg_fkTblTestingWhiteCToTblTestingBlackViaIntBlackCascadeID_del_parent` BEFORE DELETE ON `tblTestingBlack`         FOR EACH ROW         BEGIN             IF (SELECT COUNT(*) FROM `tblTestingWhiteC` WHERE `intBlackCascadeID` = OLD.`id`) > 0 THEN                 SIGNAL SQLSTATE '45000'                  SET MESSAGE_TEXT = 'FK Violation: fkTblTestingWhiteCToTblTestingBlackViaIntBlackCascadeID - Cannot delete, children exist in tblTestingWhiteC';             END IF;         END"
2026-02-11T17:01:44.899319,fkTblTestingWhiteCToTblTestingBlackViaIntBlackCascadeID,trg_fkTblTestingWhiteCToTblTestingBlackViaIntBlackCascadeID_upd_parent,PARENT_UPDATE_RESTRICT,FAILURE,"Code: 1 | Error: E0211 17:01:44.894986   71699 main.go:60] rpc error: code = Unknown desc = TabletManager.ExecuteFetchAsDba on zone1-3072903978: rpc error: code = Unknown desc = Identifier name 'trg_fkTblTestingWhiteCToTblTestingBlackViaIntBlackCascadeID_upd_parent' is too long (errno 1059) (sqlstate 42000) during query: CREATE TRIGGER `trg_fkTblTestingWhiteCToTblTestingBlackViaIntBlackCascadeID_upd_parent` BEFORE UPDATE ON `tblTestingBlack`     FOR EACH ROW     BEGIN         IF NOT (NEW.`id` <=> OLD.`id`) THEN             IF (SELECT COUNT(*) FROM `tblTestingWhiteC` WHERE `intBlackCascadeID` = OLD.`id`) > 0 THEN                  SIGNAL SQLSTATE '45000'                   SET MESSAGE_TEXT = 'FK Violation: fkTblTestingWhiteCToTblTestingBlackViaIntBlackCascadeID - Cannot update key, children exist in tblTestingWhiteC';             END IF;         END IF;     END"
2026-02-11T17:01:45.007891,fkTblTestingYellowToTblTestingBlackViaIntBlackCascadeID,trg_fkTblTestingYellowToTblTestingBlackViaIntBlackCascadeID_ins_valid,CHILD_INSERT_VALIDATE,FAILURE,Code: 1 | Error: E0211 17:01:45.004796   71700 main.go:60] rpc error: code = Unknown desc = TabletManager.ExecuteFetchAsDba on zone1-3072903978: rpc error: code = Unknown desc = Identifier name 'trg_fkTblTestingYellowToTblTestingBlackViaIntBlackCascadeID_ins_valid' is too long (errno 1059) (sqlstate 42000) during query: CREATE TRIGGER `trg_fkTblTestingYellowToTblTestingBlackViaIntBlackCascadeID_ins_valid` BEFORE INSERT ON `tblTestingYellow`     FOR EACH ROW     BEGIN         IF (SELECT COUNT(*) FROM `tblTestingBlack` WHERE `id` = NEW.`intBlackCascadeID`) = 0 THEN             SIGNAL SQLSTATE '45000'              SET MESSAGE_TEXT = 'FK Violation: fkTblTestingYellowToTblTestingBlackViaIntBlackCascadeID - Referenced key not found in tblTestingBlack';         END IF;     END
2026-02-11T17:01:45.119048,fkTblTestingYellowToTblTestingBlackViaIntBlackCascadeID,trg_fkTblTestingYellowToTblTestingBlackViaIntBlackCascadeID_upd_valid,CHILD_UPDATE_VALIDATE,FAILURE,Code: 1 | Error: E0211 17:01:45.113956   71701 main.go:60] rpc error: code = Unknown desc = TabletManager.ExecuteFetchAsDba on zone1-3072903978: rpc error: code = Unknown desc = Identifier name 'trg_fkTblTestingYellowToTblTestingBlackViaIntBlackCascadeID_upd_valid' is too long (errno 1059) (sqlstate 42000) during query: CREATE TRIGGER `trg_fkTblTestingYellowToTblTestingBlackViaIntBlackCascadeID_upd_valid` BEFORE UPDATE ON `tblTestingYellow`     FOR EACH ROW     BEGIN         IF NOT (NEW.`intBlackCascadeID` <=> OLD.`intBlackCascadeID`) THEN             IF (SELECT COUNT(*) FROM `tblTestingBlack` WHERE `id` = NEW.`intBlackCascadeID`) = 0 THEN                 SIGNAL SQLSTATE '45000'                  SET MESSAGE_TEXT = 'FK Violation: fkTblTestingYellowToTblTestingBlackViaIntBlackCascadeID - Referenced key not found in tblTestingBlack';             END IF;         END IF;     END
2026-02-11T17:01:45.270567,fkTblTestingYellowToTblTestingBlackViaIntBlackCascadeID,trg_fkTblTestingYellowToTblTestingBlackViaIntBlackCascadeID_del_parent,PARENT_DELETE_RESTRICT,FAILURE,"Code: 1 | Error: E0211 17:01:45.265595   71702 main.go:60] rpc error: code = Unknown desc = TabletManager.ExecuteFetchAsDba on zone1-3072903978: rpc error: code = Unknown desc = Identifier name 'trg_fkTblTestingYellowToTblTestingBlackViaIntBlackCascadeID_del_parent' is too long (errno 1059) (sqlstate 42000) during query: CREATE TRIGGER `trg_fkTblTestingYellowToTblTestingBlackViaIntBlackCascadeID_del_parent` BEFORE DELETE ON `tblTestingBlack`         FOR EACH ROW         BEGIN             IF (SELECT COUNT(*) FROM `tblTestingYellow` WHERE `intBlackCascadeID` = OLD.`id`) > 0 THEN                 SIGNAL SQLSTATE '45000'                  SET MESSAGE_TEXT = 'FK Violation: fkTblTestingYellowToTblTestingBlackViaIntBlackCascadeID - Cannot delete, children exist in tblTestingYellow';             END IF;         END"
2026-02-11T17:01:45.393144,fkTblTestingYellowToTblTestingBlackViaIntBlackCascadeID,trg_fkTblTestingYellowToTblTestingBlackViaIntBlackCascadeID_upd_parent,PARENT_UPDATE_RESTRICT,FAILURE,"Code: 1 | Error: E0211 17:01:45.388240   71703 main.go:60] rpc error: code = Unknown desc = TabletManager.ExecuteFetchAsDba on zone1-3072903978: rpc error: code = Unknown desc = Identifier name 'trg_fkTblTestingYellowToTblTestingBlackViaIntBlackCascadeID_upd_parent' is too long (errno 1059) (sqlstate 42000) during query: CREATE TRIGGER `trg_fkTblTestingYellowToTblTestingBlackViaIntBlackCascadeID_upd_parent` BEFORE UPDATE ON `tblTestingBlack`     FOR EACH ROW     BEGIN         IF NOT (NEW.`id` <=> OLD.`id`) THEN             IF (SELECT COUNT(*) FROM `tblTestingYellow` WHERE `intBlackCascadeID` = OLD.`id`) > 0 THEN                  SIGNAL SQLSTATE '45000'                   SET MESSAGE_TEXT = 'FK Violation: fkTblTestingYellowToTblTestingBlackViaIntBlackCascadeID - Cannot update key, children exist in tblTestingYellow';             END IF;         END IF;     END"
2026-02-11T17:01:45.512375,fkTblTestingYellowToTblTestingBlackViaIntBlackRestrictID,trg_fkTblTestingYellowToTblTestingBlackViaIntBlackRestrictID_ins_valid,CHILD_INSERT_VALIDATE,FAILURE,Code: 1 | Error: E0211 17:01:45.507438   71704 main.go:60] rpc error: code = Unknown desc = TabletManager.ExecuteFetchAsDba on zone1-3072903978: rpc error: code = Unknown desc = Identifier name 'trg_fkTblTestingYellowToTblTestingBlackViaIntBlackRestrictID_ins_valid' is too long (errno 1059) (sqlstate 42000) during query: CREATE TRIGGER `trg_fkTblTestingYellowToTblTestingBlackViaIntBlackRestrictID_ins_valid` BEFORE INSERT ON `tblTestingYellow`     FOR EACH ROW     BEGIN         IF (SELECT COUNT(*) FROM `tblTestingBlack` WHERE `id` = NEW.`intBlackRestrictID`) = 0 THEN             SIGNAL SQLSTATE '45000'              SET MESSAGE_TEXT = 'FK Violation: fkTblTestingYellowToTblTestingBlackViaIntBlackRestrictID - Referenced key not found in tblTestingBlack';         END IF;     END
2026-02-11T17:01:45.671903,fkTblTestingYellowToTblTestingBlackViaIntBlackRestrictID,trg_fkTblTestingYellowToTblTestingBlackViaIntBlackRestrictID_upd_valid,CHILD_UPDATE_VALIDATE,FAILURE,Code: 1 | Error: E0211 17:01:45.666928   71705 main.go:60] rpc error: code = Unknown desc = TabletManager.ExecuteFetchAsDba on zone1-3072903978: rpc error: code = Unknown desc = Identifier name 'trg_fkTblTestingYellowToTblTestingBlackViaIntBlackRestrictID_upd_valid' is too long (errno 1059) (sqlstate 42000) during query: CREATE TRIGGER `trg_fkTblTestingYellowToTblTestingBlackViaIntBlackRestrictID_upd_valid` BEFORE UPDATE ON `tblTestingYellow`     FOR EACH ROW     BEGIN         IF NOT (NEW.`intBlackRestrictID` <=> OLD.`intBlackRestrictID`) THEN             IF (SELECT COUNT(*) FROM `tblTestingBlack` WHERE `id` = NEW.`intBlackRestrictID`) = 0 THEN                 SIGNAL SQLSTATE '45000'                  SET MESSAGE_TEXT = 'FK Violation: fkTblTestingYellowToTblTestingBlackViaIntBlackRestrictID - Referenced key not found in tblTestingBlack';             END IF;         END IF;     END
2026-02-11T17:01:45.802099,fkTblTestingYellowToTblTestingBlackViaIntBlackRestrictID,trg_fkTblTestingYellowToTblTestingBlackViaIntBlackRestrictID_del_parent,PARENT_DELETE_RESTRICT,FAILURE,"Code: 1 | Error: E0211 17:01:45.797599   71706 main.go:60] rpc error: code = Unknown desc = TabletManager.ExecuteFetchAsDba on zone1-3072903978: rpc error: code = Unknown desc = Identifier name 'trg_fkTblTestingYellowToTblTestingBlackViaIntBlackRestrictID_del_parent' is too long (errno 1059) (sqlstate 42000) during query: CREATE TRIGGER `trg_fkTblTestingYellowToTblTestingBlackViaIntBlackRestrictID_del_parent` BEFORE DELETE ON `tblTestingBlack`         FOR EACH ROW         BEGIN             IF (SELECT COUNT(*) FROM `tblTestingYellow` WHERE `intBlackRestrictID` = OLD.`id`) > 0 THEN                 SIGNAL SQLSTATE '45000'                  SET MESSAGE_TEXT = 'FK Violation: fkTblTestingYellowToTblTestingBlackViaIntBlackRestrictID - Cannot delete, children exist in tblTestingYellow';             END IF;         END"
2026-02-11T17:01:45.913225,fkTblTestingYellowToTblTestingBlackViaIntBlackRestrictID,trg_fkTblTestingYellowToTblTestingBlackViaIntBlackRestrictID_upd_parent,PARENT_UPDATE_RESTRICT,FAILURE,"Code: 1 | Error: E0211 17:01:45.909951   71707 main.go:60] rpc error: code = Unknown desc = TabletManager.ExecuteFetchAsDba on zone1-3072903978: rpc error: code = Unknown desc = Identifier name 'trg_fkTblTestingYellowToTblTestingBlackViaIntBlackRestrictID_upd_parent' is too long (errno 1059) (sqlstate 42000) during query: CREATE TRIGGER `trg_fkTblTestingYellowToTblTestingBlackViaIntBlackRestrictID_upd_parent` BEFORE UPDATE ON `tblTestingBlack`     FOR EACH ROW     BEGIN         IF NOT (NEW.`id` <=> OLD.`id`) THEN             IF (SELECT COUNT(*) FROM `tblTestingYellow` WHERE `intBlackRestrictID` = OLD.`id`) > 0 THEN                  SIGNAL SQLSTATE '45000'                   SET MESSAGE_TEXT = 'FK Violation: fkTblTestingYellowToTblTestingBlackViaIntBlackRestrictID - Cannot update key, children exist in tblTestingYellow';             END IF;         END IF;     END"
2026-02-11T17:01:46.024634,fkTblTestingYellowToTblTestingBlackViaIntBlackSetNullID,trg_fkTblTestingYellowToTblTestingBlackViaIntBlackSetNullID_ins_valid,CHILD_INSERT_VALIDATE,FAILURE,Code: 1 | Error: E0211 17:01:46.021194   71708 main.go:60] rpc error: code = Unknown desc = TabletManager.ExecuteFetchAsDba on zone1-3072903978: rpc error: code = Unknown desc = Identifier name 'trg_fkTblTestingYellowToTblTestingBlackViaIntBlackSetNullID_ins_valid' is too long (errno 1059) (sqlstate 42000) during query: CREATE TRIGGER `trg_fkTblTestingYellowToTblTestingBlackViaIntBlackSetNullID_ins_valid` BEFORE INSERT ON `tblTestingYellow`     FOR EACH ROW     BEGIN         IF (SELECT COUNT(*) FROM `tblTestingBlack` WHERE `id` = NEW.`intBlackSetNullID`) = 0 THEN             SIGNAL SQLSTATE '45000'              SET MESSAGE_TEXT = 'FK Violation: fkTblTestingYellowToTblTestingBlackViaIntBlackSetNullID - Referenced key not found in tblTestingBlack';         END IF;     END
2026-02-11T17:01:46.134868,fkTblTestingYellowToTblTestingBlackViaIntBlackSetNullID,trg_fkTblTestingYellowToTblTestingBlackViaIntBlackSetNullID_upd_valid,CHILD_UPDATE_VALIDATE,FAILURE,Code: 1 | Error: E0211 17:01:46.130450   71709 main.go:60] rpc error: code = Unknown desc = TabletManager.ExecuteFetchAsDba on zone1-3072903978: rpc error: code = Unknown desc = Identifier name 'trg_fkTblTestingYellowToTblTestingBlackViaIntBlackSetNullID_upd_valid' is too long (errno 1059) (sqlstate 42000) during query: CREATE TRIGGER `trg_fkTblTestingYellowToTblTestingBlackViaIntBlackSetNullID_upd_valid` BEFORE UPDATE ON `tblTestingYellow`     FOR EACH ROW     BEGIN         IF NOT (NEW.`intBlackSetNullID` <=> OLD.`intBlackSetNullID`) THEN             IF (SELECT COUNT(*) FROM `tblTestingBlack` WHERE `id` = NEW.`intBlackSetNullID`) = 0 THEN                 SIGNAL SQLSTATE '45000'                  SET MESSAGE_TEXT = 'FK Violation: fkTblTestingYellowToTblTestingBlackViaIntBlackSetNullID - Referenced key not found in tblTestingBlack';             END IF;         END IF;     END
2026-02-11T17:01:46.250840,fkTblTestingYellowToTblTestingBlackViaIntBlackSetNullID,trg_fkTblTestingYellowToTblTestingBlackViaIntBlackSetNullID_del_parent,PARENT_DELETE_RESTRICT,FAILURE,"Code: 1 | Error: E0211 17:01:46.246325   71710 main.go:60] rpc error: code = Unknown desc = TabletManager.ExecuteFetchAsDba on zone1-3072903978: rpc error: code = Unknown desc = Identifier name 'trg_fkTblTestingYellowToTblTestingBlackViaIntBlackSetNullID_del_parent' is too long (errno 1059) (sqlstate 42000) during query: CREATE TRIGGER `trg_fkTblTestingYellowToTblTestingBlackViaIntBlackSetNullID_del_parent` BEFORE DELETE ON `tblTestingBlack`         FOR EACH ROW         BEGIN             IF (SELECT COUNT(*) FROM `tblTestingYellow` WHERE `intBlackSetNullID` = OLD.`id`) > 0 THEN                 SIGNAL SQLSTATE '45000'                  SET MESSAGE_TEXT = 'FK Violation: fkTblTestingYellowToTblTestingBlackViaIntBlackSetNullID - Cannot delete, children exist in tblTestingYellow';             END IF;         END"
2026-02-11T17:01:46.366758,fkTblTestingYellowToTblTestingBlackViaIntBlackSetNullID,trg_fkTblTestingYellowToTblTestingBlackViaIntBlackSetNullID_upd_parent,PARENT_UPDATE_RESTRICT,FAILURE,"Code: 1 | Error: E0211 17:01:46.363132   71711 main.go:60] rpc error: code = Unknown desc = TabletManager.ExecuteFetchAsDba on zone1-3072903978: rpc error: code = Unknown desc = Identifier name 'trg_fkTblTestingYellowToTblTestingBlackViaIntBlackSetNullID_upd_parent' is too long (errno 1059) (sqlstate 42000) during query: CREATE TRIGGER `trg_fkTblTestingYellowToTblTestingBlackViaIntBlackSetNullID_upd_parent` BEFORE UPDATE ON `tblTestingBlack`     FOR EACH ROW     BEGIN         IF NOT (NEW.`id` <=> OLD.`id`) THEN             IF (SELECT COUNT(*) FROM `tblTestingYellow` WHERE `intBlackSetNullID` = OLD.`id`) > 0 THEN                  SIGNAL SQLSTATE '45000'                   SET MESSAGE_TEXT = 'FK Violation: fkTblTestingYellowToTblTestingBlackViaIntBlackSetNullID - Cannot update key, children exist in tblTestingYellow';             END IF;         END IF;     END"
2026-02-11T17:01:46.476215,fkTblTestingYellowToTblTestingWhiteCViaIntWhiteCCascadeID,trg_fkTblTestingYellowToTblTestingWhiteCViaIntWhiteCCascadeID_ins_valid,CHILD_INSERT_VALIDATE,FAILURE,Code: 1 | Error: E0211 17:01:46.473094   71716 main.go:60] rpc error: code = Unknown desc = TabletManager.ExecuteFetchAsDba on zone1-3072903978: rpc error: code = Unknown desc = Identifier name 'trg_fkTblTestingYellowToTblTestingWhiteCViaIntWhiteCCascadeID_ins_valid' is too long (errno 1059) (sqlstate 42000) during query: CREATE TRIGGER `trg_fkTblTestingYellowToTblTestingWhiteCViaIntWhiteCCascadeID_ins_valid` BEFORE INSERT ON `tblTestingYellow`     FOR EACH ROW     BEGIN         IF (SELECT COUNT(*) FROM `tblTestingWhiteC` WHERE `id` = NEW.`intWhiteCCascadeID`) = 0 THEN             SIGNAL SQLSTATE '45000'              SET MESSAGE_TEXT = 'FK Violation: fkTblTestingYellowToTblTestingWhiteCViaIntWhiteCCascadeID - Referenced key not found in tblTestingWhiteC';         END IF;     END
2026-02-11T17:01:46.625106,fkTblTestingYellowToTblTestingWhiteCViaIntWhiteCCascadeID,trg_fkTblTestingYellowToTblTestingWhiteCViaIntWhiteCCascadeID_upd_valid,CHILD_UPDATE_VALIDATE,FAILURE,Code: 1 | Error: E0211 17:01:46.621250   71747 main.go:60] rpc error: code = Unknown desc = TabletManager.ExecuteFetchAsDba on zone1-3072903978: rpc error: code = Unknown desc = Identifier name 'trg_fkTblTestingYellowToTblTestingWhiteCViaIntWhiteCCascadeID_upd_valid' is too long (errno 1059) (sqlstate 42000) during query: CREATE TRIGGER `trg_fkTblTestingYellowToTblTestingWhiteCViaIntWhiteCCascadeID_upd_valid` BEFORE UPDATE ON `tblTestingYellow`     FOR EACH ROW     BEGIN         IF NOT (NEW.`intWhiteCCascadeID` <=> OLD.`intWhiteCCascadeID`) THEN             IF (SELECT COUNT(*) FROM `tblTestingWhiteC` WHERE `id` = NEW.`intWhiteCCascadeID`) = 0 THEN                 SIGNAL SQLSTATE '45000'                  SET MESSAGE_TEXT = 'FK Violation: fkTblTestingYellowToTblTestingWhiteCViaIntWhiteCCascadeID - Referenced key not found in tblTestingWhiteC';             END IF;         END IF;     END
2026-02-11T17:01:46.732906,fkTblTestingYellowToTblTestingWhiteCViaIntWhiteCCascadeID,trg_fkTblTestingYellowToTblTestingWhiteCViaIntWhiteCCascadeID_del_parent,PARENT_DELETE_RESTRICT,FAILURE,"Code: 1 | Error: E0211 17:01:46.730257   71781 main.go:60] rpc error: code = Unknown desc = TabletManager.ExecuteFetchAsDba on zone1-3072903978: rpc error: code = Unknown desc = Identifier name 'trg_fkTblTestingYellowToTblTestingWhiteCViaIntWhiteCCascadeID_del_parent' is too long (errno 1059) (sqlstate 42000) during query: CREATE TRIGGER `trg_fkTblTestingYellowToTblTestingWhiteCViaIntWhiteCCascadeID_del_parent` BEFORE DELETE ON `tblTestingWhiteC`         FOR EACH ROW         BEGIN             IF (SELECT COUNT(*) FROM `tblTestingYellow` WHERE `intWhiteCCascadeID` = OLD.`id`) > 0 THEN                 SIGNAL SQLSTATE '45000'                  SET MESSAGE_TEXT = 'FK Violation: fkTblTestingYellowToTblTestingWhiteCViaIntWhiteCCascadeID - Cannot delete, children exist in tblTestingYellow';             END IF;         END"
2026-02-11T17:01:46.844400,fkTblTestingYellowToTblTestingWhiteCViaIntWhiteCCascadeID,trg_fkTblTestingYellowToTblTestingWhiteCViaIntWhiteCCascadeID_upd_parent,PARENT_UPDATE_RESTRICT,FAILURE,"Code: 1 | Error: E0211 17:01:46.840953   71807 main.go:60] rpc error: code = Unknown desc = TabletManager.ExecuteFetchAsDba on zone1-3072903978: rpc error: code = Unknown desc = Identifier name 'trg_fkTblTestingYellowToTblTestingWhiteCViaIntWhiteCCascadeID_upd_parent' is too long (errno 1059) (sqlstate 42000) during query: CREATE TRIGGER `trg_fkTblTestingYellowToTblTestingWhiteCViaIntWhiteCCascadeID_upd_parent` BEFORE UPDATE ON `tblTestingWhiteC`     FOR EACH ROW     BEGIN         IF NOT (NEW.`id` <=> OLD.`id`) THEN             IF (SELECT COUNT(*) FROM `tblTestingYellow` WHERE `intWhiteCCascadeID` = OLD.`id`) > 0 THEN                  SIGNAL SQLSTATE '45000'                   SET MESSAGE_TEXT = 'FK Violation: fkTblTestingYellowToTblTestingWhiteCViaIntWhiteCCascadeID - Cannot update key, children exist in tblTestingYellow';             END IF;         END IF;     END"
2026-02-11T17:01:46.952468,fkTblTestingYellowToTblTestingWhiteCViaIntWhiteCRestrictID,trg_fkTblTestingYellowToTblTestingWhiteCViaIntWhiteCRestrictID_ins_valid,CHILD_INSERT_VALIDATE,FAILURE,Code: 1 | Error: E0211 17:01:46.949238   71834 main.go:60] rpc error: code = Unknown desc = TabletManager.ExecuteFetchAsDba on zone1-3072903978: rpc error: code = Unknown desc = Identifier name 'trg_fkTblTestingYellowToTblTestingWhiteCViaIntWhiteCRestrictID_ins_valid' is too long (errno 1059) (sqlstate 42000) during query: CREATE TRIGGER `trg_fkTblTestingYellowToTblTestingWhiteCViaIntWhiteCRestrictID_ins_valid` BEFORE INSERT ON `tblTestingYellow`     FOR EACH ROW     BEGIN         IF (SELECT COUNT(*) FROM `tblTestingWhiteC` WHERE `id` = NEW.`intWhiteCRestrictID`) = 0 THEN             SIGNAL SQLSTATE '45000'              SET MESSAGE_TEXT = 'FK Violation: fkTblTestingYellowToTblTestingWhiteCViaIntWhiteCRestrictID - Referenced key not found in tblTestingWhiteC';         END IF;     END
2026-02-11T17:01:47.071534,fkTblTestingYellowToTblTestingWhiteCViaIntWhiteCRestrictID,trg_fkTblTestingYellowToTblTestingWhiteCViaIntWhiteCRestrictID_upd_valid,CHILD_UPDATE_VALIDATE,FAILURE,Code: 1 | Error: E0211 17:01:47.066945   71845 main.go:60] rpc error: code = Unknown desc = TabletManager.ExecuteFetchAsDba on zone1-3072903978: rpc error: code = Unknown desc = Identifier name 'trg_fkTblTestingYellowToTblTestingWhiteCViaIntWhiteCRestrictID_upd_valid' is too long (errno 1059) (sqlstate 42000) during query: CREATE TRIGGER `trg_fkTblTestingYellowToTblTestingWhiteCViaIntWhiteCRestrictID_upd_valid` BEFORE UPDATE ON `tblTestingYellow`     FOR EACH ROW     BEGIN         IF NOT (NEW.`intWhiteCRestrictID` <=> OLD.`intWhiteCRestrictID`) THEN             IF (SELECT COUNT(*) FROM `tblTestingWhiteC` WHERE `id` = NEW.`intWhiteCRestrictID`) = 0 THEN                 SIGNAL SQLSTATE '45000'                  SET MESSAGE_TEXT = 'FK Violation: fkTblTestingYellowToTblTestingWhiteCViaIntWhiteCRestrictID - Referenced key not found in tblTestingWhiteC';             END IF;         END IF;     END
2026-02-11T17:01:47.188558,fkTblTestingYellowToTblTestingWhiteCViaIntWhiteCRestrictID,trg_fkTblTestingYellowToTblTestingWhiteCViaIntWhiteCRestrictID_del_parent,PARENT_DELETE_RESTRICT,FAILURE,"Code: 1 | Error: E0211 17:01:47.183585   71848 main.go:60] rpc error: code = Unknown desc = TabletManager.ExecuteFetchAsDba on zone1-3072903978: rpc error: code = Unknown desc = Identifier name 'trg_fkTblTestingYellowToTblTestingWhiteCViaIntWhiteCRestrictID_del_parent' is too long (errno 1059) (sqlstate 42000) during query: CREATE TRIGGER `trg_fkTblTestingYellowToTblTestingWhiteCViaIntWhiteCRestrictID_del_parent` BEFORE DELETE ON `tblTestingWhiteC`         FOR EACH ROW         BEGIN             IF (SELECT COUNT(*) FROM `tblTestingYellow` WHERE `intWhiteCRestrictID` = OLD.`id`) > 0 THEN                 SIGNAL SQLSTATE '45000'                  SET MESSAGE_TEXT = 'FK Violation: fkTblTestingYellowToTblTestingWhiteCViaIntWhiteCRestrictID - Cannot delete, children exist in tblTestingYellow';             END IF;         END"
2026-02-11T17:01:47.297673,fkTblTestingYellowToTblTestingWhiteCViaIntWhiteCRestrictID,trg_fkTblTestingYellowToTblTestingWhiteCViaIntWhiteCRestrictID_upd_parent,PARENT_UPDATE_RESTRICT,FAILURE,"Code: 1 | Error: E0211 17:01:47.293968   71849 main.go:60] rpc error: code = Unknown desc = TabletManager.ExecuteFetchAsDba on zone1-3072903978: rpc error: code = Unknown desc = Identifier name 'trg_fkTblTestingYellowToTblTestingWhiteCViaIntWhiteCRestrictID_upd_parent' is too long (errno 1059) (sqlstate 42000) during query: CREATE TRIGGER `trg_fkTblTestingYellowToTblTestingWhiteCViaIntWhiteCRestrictID_upd_parent` BEFORE UPDATE ON `tblTestingWhiteC`     FOR EACH ROW     BEGIN         IF NOT (NEW.`id` <=> OLD.`id`) THEN             IF (SELECT COUNT(*) FROM `tblTestingYellow` WHERE `intWhiteCRestrictID` = OLD.`id`) > 0 THEN                  SIGNAL SQLSTATE '45000'                   SET MESSAGE_TEXT = 'FK Violation: fkTblTestingYellowToTblTestingWhiteCViaIntWhiteCRestrictID - Cannot update key, children exist in tblTestingYellow';             END IF;         END IF;     END"
2026-02-11T17:01:47.411758,fkTblTestingYellowToTblTestingWhiteCViaIntWhiteCSetNullID,trg_fkTblTestingYellowToTblTestingWhiteCViaIntWhiteCSetNullID_ins_valid,CHILD_INSERT_VALIDATE,FAILURE,Code: 1 | Error: E0211 17:01:47.407186   71850 main.go:60] rpc error: code = Unknown desc = TabletManager.ExecuteFetchAsDba on zone1-3072903978: rpc error: code = Unknown desc = Identifier name 'trg_fkTblTestingYellowToTblTestingWhiteCViaIntWhiteCSetNullID_ins_valid' is too long (errno 1059) (sqlstate 42000) during query: CREATE TRIGGER `trg_fkTblTestingYellowToTblTestingWhiteCViaIntWhiteCSetNullID_ins_valid` BEFORE INSERT ON `tblTestingYellow`     FOR EACH ROW     BEGIN         IF (SELECT COUNT(*) FROM `tblTestingWhiteC` WHERE `id` = NEW.`intWhiteCSetNullID`) = 0 THEN             SIGNAL SQLSTATE '45000'              SET MESSAGE_TEXT = 'FK Violation: fkTblTestingYellowToTblTestingWhiteCViaIntWhiteCSetNullID - Referenced key not found in tblTestingWhiteC';         END IF;     END
2026-02-11T17:01:47.550724,fkTblTestingYellowToTblTestingWhiteCViaIntWhiteCSetNullID,trg_fkTblTestingYellowToTblTestingWhiteCViaIntWhiteCSetNullID_upd_valid,CHILD_UPDATE_VALIDATE,FAILURE,Code: 1 | Error: E0211 17:01:47.523429   71851 main.go:60] rpc error: code = Unknown desc = TabletManager.ExecuteFetchAsDba on zone1-3072903978: rpc error: code = Unknown desc = Identifier name 'trg_fkTblTestingYellowToTblTestingWhiteCViaIntWhiteCSetNullID_upd_valid' is too long (errno 1059) (sqlstate 42000) during query: CREATE TRIGGER `trg_fkTblTestingYellowToTblTestingWhiteCViaIntWhiteCSetNullID_upd_valid` BEFORE UPDATE ON `tblTestingYellow`     FOR EACH ROW     BEGIN         IF NOT (NEW.`intWhiteCSetNullID` <=> OLD.`intWhiteCSetNullID`) THEN             IF (SELECT COUNT(*) FROM `tblTestingWhiteC` WHERE `id` = NEW.`intWhiteCSetNullID`) = 0 THEN                 SIGNAL SQLSTATE '45000'                  SET MESSAGE_TEXT = 'FK Violation: fkTblTestingYellowToTblTestingWhiteCViaIntWhiteCSetNullID - Referenced key not found in tblTestingWhiteC';             END IF;         END IF;     END
2026-02-11T17:01:47.673657,fkTblTestingYellowToTblTestingWhiteCViaIntWhiteCSetNullID,trg_fkTblTestingYellowToTblTestingWhiteCViaIntWhiteCSetNullID_del_parent,PARENT_DELETE_RESTRICT,FAILURE,"Code: 1 | Error: E0211 17:01:47.668526   71852 main.go:60] rpc error: code = Unknown desc = TabletManager.ExecuteFetchAsDba on zone1-3072903978: rpc error: code = Unknown desc = Identifier name 'trg_fkTblTestingYellowToTblTestingWhiteCViaIntWhiteCSetNullID_del_parent' is too long (errno 1059) (sqlstate 42000) during query: CREATE TRIGGER `trg_fkTblTestingYellowToTblTestingWhiteCViaIntWhiteCSetNullID_del_parent` BEFORE DELETE ON `tblTestingWhiteC`         FOR EACH ROW         BEGIN             IF (SELECT COUNT(*) FROM `tblTestingYellow` WHERE `intWhiteCSetNullID` = OLD.`id`) > 0 THEN                 SIGNAL SQLSTATE '45000'                  SET MESSAGE_TEXT = 'FK Violation: fkTblTestingYellowToTblTestingWhiteCViaIntWhiteCSetNullID - Cannot delete, children exist in tblTestingYellow';             END IF;         END"
2026-02-11T17:01:47.782050,fkTblTestingYellowToTblTestingWhiteCViaIntWhiteCSetNullID,trg_fkTblTestingYellowToTblTestingWhiteCViaIntWhiteCSetNullID_upd_parent,PARENT_UPDATE_RESTRICT,FAILURE,"Code: 1 | Error: E0211 17:01:47.777800   71853 main.go:60] rpc error: code = Unknown desc = TabletManager.ExecuteFetchAsDba on zone1-3072903978: rpc error: code = Unknown desc = Identifier name 'trg_fkTblTestingYellowToTblTestingWhiteCViaIntWhiteCSetNullID_upd_parent' is too long (errno 1059) (sqlstate 42000) during query: CREATE TRIGGER `trg_fkTblTestingYellowToTblTestingWhiteCViaIntWhiteCSetNullID_upd_parent` BEFORE UPDATE ON `tblTestingWhiteC`     FOR EACH ROW     BEGIN         IF NOT (NEW.`id` <=> OLD.`id`) THEN             IF (SELECT COUNT(*) FROM `tblTestingYellow` WHERE `intWhiteCSetNullID` = OLD.`id`) > 0 THEN                  SIGNAL SQLSTATE '45000'                   SET MESSAGE_TEXT = 'FK Violation: fkTblTestingYellowToTblTestingWhiteCViaIntWhiteCSetNullID - Cannot update key, children exist in tblTestingYellow';             END IF;         END IF;     END"
2026-02-11T17:01:47.903758,fkTblTestTableToTblUserViaIntUserID,trg_fkTblTestTableToTblUserViaIntUserID_ins_valid,CHILD_INSERT_VALIDATE,SUCCESS,Success
2026-02-11T17:01:48.022064,fkTblTestTableToTblUserViaIntUserID,trg_fkTblTestTableToTblUserViaIntUserID_upd_valid,CHILD_UPDATE_VALIDATE,SUCCESS,Success
2026-02-11T17:01:48.144853,fkTblTestTableToTblUserViaIntUserID,trg_fkTblTestTableToTblUserViaIntUserID_del_parent,PARENT_DELETE_CASCADE,SUCCESS,Success
2026-02-11T17:01:48.272611,fkTblTestTableToTblUserViaIntUserID,trg_fkTblTestTableToTblUserViaIntUserID_upd_parent,PARENT_UPDATE_RESTRICT,SUCCESS,Success
2026-02-11T17:01:48.388048,fkTblUicProfileToTblUserViaIntUserID,trg_fkTblUicProfileToTblUserViaIntUserID_ins_valid,CHILD_INSERT_VALIDATE,SUCCESS,Success
2026-02-11T17:01:48.513080,fkTblUicProfileToTblUserViaIntUserID,trg_fkTblUicProfileToTblUserViaIntUserID_upd_valid,CHILD_UPDATE_VALIDATE,SUCCESS,Success
2026-02-11T17:01:48.638046,fkTblUicProfileToTblUserViaIntUserID,trg_fkTblUicProfileToTblUserViaIntUserID_del_parent,PARENT_DELETE_RESTRICT,SUCCESS,Success
2026-02-11T17:01:48.760128,fkTblUicProfileToTblUserViaIntUserID,trg_fkTblUicProfileToTblUserViaIntUserID_upd_parent,PARENT_UPDATE_RESTRICT,SUCCESS,Success
2026-02-11T17:01:48.867146,fkTblUserToTblSSOImplementationViaIntSSOImplementationID,trg_fkTblUserToTblSSOImplementationViaIntSSOImplementationID_ins_valid,CHILD_INSERT_VALIDATE,FAILURE,Code: 1 | Error: E0211 17:01:48.863241   71864 main.go:60] rpc error: code = Unknown desc = TabletManager.ExecuteFetchAsDba on zone1-3072903978: rpc error: code = Unknown desc = Identifier name 'trg_fkTblUserToTblSSOImplementationViaIntSSOImplementationID_ins_valid' is too long (errno 1059) (sqlstate 42000) during query: CREATE TRIGGER `trg_fkTblUserToTblSSOImplementationViaIntSSOImplementationID_ins_valid` BEFORE INSERT ON `tblUser`     FOR EACH ROW     BEGIN         IF (SELECT COUNT(*) FROM `tblSSOImplementation` WHERE `id` = NEW.`intSSOImplementationID`) = 0 THEN             SIGNAL SQLSTATE '45000'              SET MESSAGE_TEXT = 'FK Violation: fkTblUserToTblSSOImplementationViaIntSSOImplementationID - Referenced key not found in tblSSOImplementation';         END IF;     END
2026-02-11T17:01:48.974474,fkTblUserToTblSSOImplementationViaIntSSOImplementationID,trg_fkTblUserToTblSSOImplementationViaIntSSOImplementationID_upd_valid,CHILD_UPDATE_VALIDATE,FAILURE,Code: 1 | Error: E0211 17:01:48.971293   71865 main.go:60] rpc error: code = Unknown desc = TabletManager.ExecuteFetchAsDba on zone1-3072903978: rpc error: code = Unknown desc = Identifier name 'trg_fkTblUserToTblSSOImplementationViaIntSSOImplementationID_upd_valid' is too long (errno 1059) (sqlstate 42000) during query: CREATE TRIGGER `trg_fkTblUserToTblSSOImplementationViaIntSSOImplementationID_upd_valid` BEFORE UPDATE ON `tblUser`     FOR EACH ROW     BEGIN         IF NOT (NEW.`intSSOImplementationID` <=> OLD.`intSSOImplementationID`) THEN             IF (SELECT COUNT(*) FROM `tblSSOImplementation` WHERE `id` = NEW.`intSSOImplementationID`) = 0 THEN                 SIGNAL SQLSTATE '45000'                  SET MESSAGE_TEXT = 'FK Violation: fkTblUserToTblSSOImplementationViaIntSSOImplementationID - Referenced key not found in tblSSOImplementation';             END IF;         END IF;     END
2026-02-11T17:01:49.083137,fkTblUserToTblSSOImplementationViaIntSSOImplementationID,trg_fkTblUserToTblSSOImplementationViaIntSSOImplementationID_del_parent,PARENT_DELETE_RESTRICT,FAILURE,"Code: 1 | Error: E0211 17:01:49.078918   71866 main.go:60] rpc error: code = Unknown desc = TabletManager.ExecuteFetchAsDba on zone1-3072903978: rpc error: code = Unknown desc = Identifier name 'trg_fkTblUserToTblSSOImplementationViaIntSSOImplementationID_del_parent' is too long (errno 1059) (sqlstate 42000) during query: CREATE TRIGGER `trg_fkTblUserToTblSSOImplementationViaIntSSOImplementationID_del_parent` BEFORE DELETE ON `tblSSOImplementation`         FOR EACH ROW         BEGIN             IF (SELECT COUNT(*) FROM `tblUser` WHERE `intSSOImplementationID` = OLD.`id`) > 0 THEN                 SIGNAL SQLSTATE '45000'                  SET MESSAGE_TEXT = 'FK Violation: fkTblUserToTblSSOImplementationViaIntSSOImplementationID - Cannot delete, children exist in tblUser';             END IF;         END"
2026-02-11T17:01:49.198290,fkTblUserToTblSSOImplementationViaIntSSOImplementationID,trg_fkTblUserToTblSSOImplementationViaIntSSOImplementationID_upd_parent,PARENT_UPDATE_RESTRICT,FAILURE,"Code: 1 | Error: E0211 17:01:49.193891   71867 main.go:60] rpc error: code = Unknown desc = TabletManager.ExecuteFetchAsDba on zone1-3072903978: rpc error: code = Unknown desc = Identifier name 'trg_fkTblUserToTblSSOImplementationViaIntSSOImplementationID_upd_parent' is too long (errno 1059) (sqlstate 42000) during query: CREATE TRIGGER `trg_fkTblUserToTblSSOImplementationViaIntSSOImplementationID_upd_parent` BEFORE UPDATE ON `tblSSOImplementation`     FOR EACH ROW     BEGIN         IF NOT (NEW.`id` <=> OLD.`id`) THEN             IF (SELECT COUNT(*) FROM `tblUser` WHERE `intSSOImplementationID` = OLD.`id`) > 0 THEN                  SIGNAL SQLSTATE '45000'                   SET MESSAGE_TEXT = 'FK Violation: fkTblUserToTblSSOImplementationViaIntSSOImplementationID - Cannot update key, children exist in tblUser';             END IF;         END IF;     END"
2026-02-11T17:01:49.310654,fkTblUserAnalyticsPermissionToTblUserViaIntUserID,trg_fkTblUserAnalyticsPermissionToTblUserViaIntUserID_ins_valid,CHILD_INSERT_VALIDATE,SUCCESS,Success
2026-02-11T17:01:49.428138,fkTblUserAnalyticsPermissionToTblUserViaIntUserID,trg_fkTblUserAnalyticsPermissionToTblUserViaIntUserID_upd_valid,CHILD_UPDATE_VALIDATE,SUCCESS,Success
2026-02-11T17:01:49.561701,fkTblUserAnalyticsPermissionToTblUserViaIntUserID,trg_fkTblUserAnalyticsPermissionToTblUserViaIntUserID_del_parent,PARENT_DELETE_CASCADE,SUCCESS,Success
2026-02-11T17:01:49.697486,fkTblUserAnalyticsPermissionToTblUserViaIntUserID,trg_fkTblUserAnalyticsPermissionToTblUserViaIntUserID_upd_parent,PARENT_UPDATE_RESTRICT,SUCCESS,Success
2026-02-11T17:01:49.854533,fkTblUserApiConsumerPermissionToTblApiConsumerViaIntA1679822146,trg_fkTblUserApiConsumerPermissionToTblApiConsumerViaIntA1679822146_ins_valid,CHILD_INSERT_VALIDATE,FAILURE,Code: 1 | Error: E0211 17:01:49.848985   71875 main.go:60] rpc error: code = Unknown desc = TabletManager.ExecuteFetchAsDba on zone1-3072903978: rpc error: code = Unknown desc = Identifier name 'trg_fkTblUserApiConsumerPermissionToTblApiConsumerViaIntA1679822146_ins_valid' is too long (errno 1059) (sqlstate 42000) during query: CREATE TRIGGER `trg_fkTblUserApiConsumerPermissionToTblApiConsumerViaIntA1679822146_ins_valid` BEFORE INSERT ON `tblUserApiConsumerPermission`     FOR EACH ROW     BEGIN         IF (SELECT COUNT(*) FROM `tblApiConsumer` WHERE `id` = NEW.`intApiConsumerID`) = 0 THEN             SIGNAL SQLSTATE '45000'              SET MESSAGE_TEXT = 'FK Violation: fkTblUserApiConsumerPermissionToTblApiConsumerViaIntA1679822146 - Referenced key not found in tblApiConsumer';         END IF;     END
2026-02-11T17:01:49.990404,fkTblUserApiConsumerPermissionToTblApiConsumerViaIntA1679822146,trg_fkTblUserApiConsumerPermissionToTblApiConsumerViaIntA1679822146_upd_valid,CHILD_UPDATE_VALIDATE,FAILURE,Code: 1 | Error: E0211 17:01:49.979063   71876 main.go:60] rpc error: code = Unknown desc = TabletManager.ExecuteFetchAsDba on zone1-3072903978: rpc error: code = Unknown desc = Identifier name 'trg_fkTblUserApiConsumerPermissionToTblApiConsumerViaIntA1679822146_upd_valid' is too long (errno 1059) (sqlstate 42000) during query: CREATE TRIGGER `trg_fkTblUserApiConsumerPermissionToTblApiConsumerViaIntA1679822146_upd_valid` BEFORE UPDATE ON `tblUserApiConsumerPermission`     FOR EACH ROW     BEGIN         IF NOT (NEW.`intApiConsumerID` <=> OLD.`intApiConsumerID`) THEN             IF (SELECT COUNT(*) FROM `tblApiConsumer` WHERE `id` = NEW.`intApiConsumerID`) = 0 THEN                 SIGNAL SQLSTATE '45000'                  SET MESSAGE_TEXT = 'FK Violation: fkTblUserApiConsumerPermissionToTblApiConsumerViaIntA1679822146 - Referenced key not found in tblApiConsumer';             END IF;         END IF;     END
2026-02-11T17:01:50.116357,fkTblUserApiConsumerPermissionToTblApiConsumerViaIntA1679822146,trg_fkTblUserApiConsumerPermissionToTblApiConsumerViaIntA1679822146_del_parent,PARENT_DELETE_CASCADE,FAILURE,Code: 1 | Error: E0211 17:01:50.111609   71877 main.go:60] rpc error: code = Unknown desc = TabletManager.ExecuteFetchAsDba on zone1-3072903978: rpc error: code = Unknown desc = Identifier name 'trg_fkTblUserApiConsumerPermissionToTblApiConsumerViaIntA1679822146_del_parent' is too long (errno 1059) (sqlstate 42000) during query: CREATE TRIGGER `trg_fkTblUserApiConsumerPermissionToTblApiConsumerViaIntA1679822146_del_parent` BEFORE DELETE ON `tblApiConsumer`         FOR EACH ROW         BEGIN             DELETE FROM `tblUserApiConsumerPermission` WHERE `intApiConsumerID` = OLD.`id`;         END
2026-02-11T17:01:50.245013,fkTblUserApiConsumerPermissionToTblApiConsumerViaIntA1679822146,trg_fkTblUserApiConsumerPermissionToTblApiConsumerViaIntA1679822146_upd_parent,PARENT_UPDATE_RESTRICT,FAILURE,"Code: 1 | Error: E0211 17:01:50.239849   71878 main.go:60] rpc error: code = Unknown desc = TabletManager.ExecuteFetchAsDba on zone1-3072903978: rpc error: code = Unknown desc = Identifier name 'trg_fkTblUserApiConsumerPermissionToTblApiConsumerViaIntA1679822146_upd_parent' is too long (errno 1059) (sqlstate 42000) during query: CREATE TRIGGER `trg_fkTblUserApiConsumerPermissionToTblApiConsumerViaIntA1679822146_upd_parent` BEFORE UPDATE ON `tblApiConsumer`     FOR EACH ROW     BEGIN         IF NOT (NEW.`id` <=> OLD.`id`) THEN             IF (SELECT COUNT(*) FROM `tblUserApiConsumerPermission` WHERE `intApiConsumerID` = OLD.`id`) > 0 THEN                  SIGNAL SQLSTATE '45000'                   SET MESSAGE_TEXT = 'FK Violation: fkTblUserApiConsumerPermissionToTblApiConsumerViaIntA1679822146 - Cannot update key, children exist in tblUserApiConsumerPermission';             END IF;         END IF;     END"
2026-02-11T17:01:50.363470,fkTblUserApiConsumerPermissionToTblUserViaIntUserID,trg_fkTblUserApiConsumerPermissionToTblUserViaIntUserID_ins_valid,CHILD_INSERT_VALIDATE,FAILURE,Code: 1 | Error: E0211 17:01:50.358928   71879 main.go:60] rpc error: code = Unknown desc = TabletManager.ExecuteFetchAsDba on zone1-3072903978: rpc error: code = Unknown desc = Identifier name 'trg_fkTblUserApiConsumerPermissionToTblUserViaIntUserID_ins_valid' is too long (errno 1059) (sqlstate 42000) during query: CREATE TRIGGER `trg_fkTblUserApiConsumerPermissionToTblUserViaIntUserID_ins_valid` BEFORE INSERT ON `tblUserApiConsumerPermission`     FOR EACH ROW     BEGIN         IF (SELECT COUNT(*) FROM `tblUser` WHERE `id` = NEW.`intUserID`) = 0 THEN             SIGNAL SQLSTATE '45000'              SET MESSAGE_TEXT = 'FK Violation: fkTblUserApiConsumerPermissionToTblUserViaIntUserID - Referenced key not found in tblUser';         END IF;     END
2026-02-11T17:01:50.479220,fkTblUserApiConsumerPermissionToTblUserViaIntUserID,trg_fkTblUserApiConsumerPermissionToTblUserViaIntUserID_upd_valid,CHILD_UPDATE_VALIDATE,FAILURE,Code: 1 | Error: E0211 17:01:50.473918   71880 main.go:60] rpc error: code = Unknown desc = TabletManager.ExecuteFetchAsDba on zone1-3072903978: rpc error: code = Unknown desc = Identifier name 'trg_fkTblUserApiConsumerPermissionToTblUserViaIntUserID_upd_valid' is too long (errno 1059) (sqlstate 42000) during query: CREATE TRIGGER `trg_fkTblUserApiConsumerPermissionToTblUserViaIntUserID_upd_valid` BEFORE UPDATE ON `tblUserApiConsumerPermission`     FOR EACH ROW     BEGIN         IF NOT (NEW.`intUserID` <=> OLD.`intUserID`) THEN             IF (SELECT COUNT(*) FROM `tblUser` WHERE `id` = NEW.`intUserID`) = 0 THEN                 SIGNAL SQLSTATE '45000'                  SET MESSAGE_TEXT = 'FK Violation: fkTblUserApiConsumerPermissionToTblUserViaIntUserID - Referenced key not found in tblUser';             END IF;         END IF;     END
2026-02-11T17:01:50.597858,fkTblUserApiConsumerPermissionToTblUserViaIntUserID,trg_fkTblUserApiConsumerPermissionToTblUserViaIntUserID_del_parent,PARENT_DELETE_CASCADE,FAILURE,Code: 1 | Error: E0211 17:01:50.592796   71881 main.go:60] rpc error: code = Unknown desc = TabletManager.ExecuteFetchAsDba on zone1-3072903978: rpc error: code = Unknown desc = Identifier name 'trg_fkTblUserApiConsumerPermissionToTblUserViaIntUserID_del_parent' is too long (errno 1059) (sqlstate 42000) during query: CREATE TRIGGER `trg_fkTblUserApiConsumerPermissionToTblUserViaIntUserID_del_parent` BEFORE DELETE ON `tblUser`         FOR EACH ROW         BEGIN             DELETE FROM `tblUserApiConsumerPermission` WHERE `intUserID` = OLD.`id`;         END
2026-02-11T17:01:50.750792,fkTblUserApiConsumerPermissionToTblUserViaIntUserID,trg_fkTblUserApiConsumerPermissionToTblUserViaIntUserID_upd_parent,PARENT_UPDATE_RESTRICT,FAILURE,"Code: 1 | Error: E0211 17:01:50.747427   71882 main.go:60] rpc error: code = Unknown desc = TabletManager.ExecuteFetchAsDba on zone1-3072903978: rpc error: code = Unknown desc = Identifier name 'trg_fkTblUserApiConsumerPermissionToTblUserViaIntUserID_upd_parent' is too long (errno 1059) (sqlstate 42000) during query: CREATE TRIGGER `trg_fkTblUserApiConsumerPermissionToTblUserViaIntUserID_upd_parent` BEFORE UPDATE ON `tblUser`     FOR EACH ROW     BEGIN         IF NOT (NEW.`id` <=> OLD.`id`) THEN             IF (SELECT COUNT(*) FROM `tblUserApiConsumerPermission` WHERE `intUserID` = OLD.`id`) > 0 THEN                  SIGNAL SQLSTATE '45000'                   SET MESSAGE_TEXT = 'FK Violation: fkTblUserApiConsumerPermissionToTblUserViaIntUserID - Cannot update key, children exist in tblUserApiConsumerPermission';             END IF;         END IF;     END"
2026-02-11T17:01:50.862124,fkTblUserCertificationToTblCertificationViaIntCertificationID,trg_fkTblUserCertificationToTblCertificationViaIntCertificationID_ins_valid,CHILD_INSERT_VALIDATE,FAILURE,Code: 1 | Error: E0211 17:01:50.858533   71883 main.go:60] rpc error: code = Unknown desc = TabletManager.ExecuteFetchAsDba on zone1-3072903978: rpc error: code = Unknown desc = Identifier name 'trg_fkTblUserCertificationToTblCertificationViaIntCertificationID_ins_valid' is too long (errno 1059) (sqlstate 42000) during query: CREATE TRIGGER `trg_fkTblUserCertificationToTblCertificationViaIntCertificationID_ins_valid` BEFORE INSERT ON `tblUserCertification`     FOR EACH ROW     BEGIN         IF (SELECT COUNT(*) FROM `tblCertification` WHERE `id` = NEW.`intCertificationID`) = 0 THEN             SIGNAL SQLSTATE '45000'              SET MESSAGE_TEXT = 'FK Violation: fkTblUserCertificationToTblCertificationViaIntCertificationID - Referenced key not found in tblCertification';         END IF;     END
2026-02-11T17:01:50.975823,fkTblUserCertificationToTblCertificationViaIntCertificationID,trg_fkTblUserCertificationToTblCertificationViaIntCertificationID_upd_valid,CHILD_UPDATE_VALIDATE,FAILURE,Code: 1 | Error: E0211 17:01:50.971264   71884 main.go:60] rpc error: code = Unknown desc = TabletManager.ExecuteFetchAsDba on zone1-3072903978: rpc error: code = Unknown desc = Identifier name 'trg_fkTblUserCertificationToTblCertificationViaIntCertificationID_upd_valid' is too long (errno 1059) (sqlstate 42000) during query: CREATE TRIGGER `trg_fkTblUserCertificationToTblCertificationViaIntCertificationID_upd_valid` BEFORE UPDATE ON `tblUserCertification`     FOR EACH ROW     BEGIN         IF NOT (NEW.`intCertificationID` <=> OLD.`intCertificationID`) THEN             IF (SELECT COUNT(*) FROM `tblCertification` WHERE `id` = NEW.`intCertificationID`) = 0 THEN                 SIGNAL SQLSTATE '45000'                  SET MESSAGE_TEXT = 'FK Violation: fkTblUserCertificationToTblCertificationViaIntCertificationID - Referenced key not found in tblCertification';             END IF;         END IF;     END
2026-02-11T17:01:51.090416,fkTblUserCertificationToTblCertificationViaIntCertificationID,trg_fkTblUserCertificationToTblCertificationViaIntCertificationID_del_parent,PARENT_DELETE_RESTRICT,FAILURE,"Code: 1 | Error: E0211 17:01:51.086406   71885 main.go:60] rpc error: code = Unknown desc = TabletManager.ExecuteFetchAsDba on zone1-3072903978: rpc error: code = Unknown desc = Identifier name 'trg_fkTblUserCertificationToTblCertificationViaIntCertificationID_del_parent' is too long (errno 1059) (sqlstate 42000) during query: CREATE TRIGGER `trg_fkTblUserCertificationToTblCertificationViaIntCertificationID_del_parent` BEFORE DELETE ON `tblCertification`         FOR EACH ROW         BEGIN             IF (SELECT COUNT(*) FROM `tblUserCertification` WHERE `intCertificationID` = OLD.`id`) > 0 THEN                 SIGNAL SQLSTATE '45000'                  SET MESSAGE_TEXT = 'FK Violation: fkTblUserCertificationToTblCertificationViaIntCertificationID - Cannot delete, children exist in tblUserCertification';             END IF;         END"
2026-02-11T17:01:51.204137,fkTblUserCertificationToTblCertificationViaIntCertificationID,trg_fkTblUserCertificationToTblCertificationViaIntCertificationID_upd_parent,PARENT_UPDATE_RESTRICT,FAILURE,"Code: 1 | Error: E0211 17:01:51.200159   71886 main.go:60] rpc error: code = Unknown desc = TabletManager.ExecuteFetchAsDba on zone1-3072903978: rpc error: code = Unknown desc = Identifier name 'trg_fkTblUserCertificationToTblCertificationViaIntCertificationID_upd_parent' is too long (errno 1059) (sqlstate 42000) during query: CREATE TRIGGER `trg_fkTblUserCertificationToTblCertificationViaIntCertificationID_upd_parent` BEFORE UPDATE ON `tblCertification`     FOR EACH ROW     BEGIN         IF NOT (NEW.`id` <=> OLD.`id`) THEN             IF (SELECT COUNT(*) FROM `tblUserCertification` WHERE `intCertificationID` = OLD.`id`) > 0 THEN                  SIGNAL SQLSTATE '45000'                   SET MESSAGE_TEXT = 'FK Violation: fkTblUserCertificationToTblCertificationViaIntCertificationID - Cannot update key, children exist in tblUserCertification';             END IF;         END IF;     END"
2026-02-11T17:01:51.313287,fkTblUserCertificationToTblFileContentsViaIntFileContentsID,trg_fkTblUserCertificationToTblFileContentsViaIntFileContentsID_ins_valid,CHILD_INSERT_VALIDATE,FAILURE,Code: 1 | Error: E0211 17:01:51.309512   71887 main.go:60] rpc error: code = Unknown desc = TabletManager.ExecuteFetchAsDba on zone1-3072903978: rpc error: code = Unknown desc = Identifier name 'trg_fkTblUserCertificationToTblFileContentsViaIntFileContentsID_ins_valid' is too long (errno 1059) (sqlstate 42000) during query: CREATE TRIGGER `trg_fkTblUserCertificationToTblFileContentsViaIntFileContentsID_ins_valid` BEFORE INSERT ON `tblUserCertification`     FOR EACH ROW     BEGIN         IF (SELECT COUNT(*) FROM `tblFileContents` WHERE `id` = NEW.`intFileContentsID`) = 0 THEN             SIGNAL SQLSTATE '45000'              SET MESSAGE_TEXT = 'FK Violation: fkTblUserCertificationToTblFileContentsViaIntFileContentsID - Referenced key not found in tblFileContents';         END IF;     END
2026-02-11T17:01:51.463535,fkTblUserCertificationToTblFileContentsViaIntFileContentsID,trg_fkTblUserCertificationToTblFileContentsViaIntFileContentsID_upd_valid,CHILD_UPDATE_VALIDATE,FAILURE,Code: 1 | Error: E0211 17:01:51.459721   71888 main.go:60] rpc error: code = Unknown desc = TabletManager.ExecuteFetchAsDba on zone1-3072903978: rpc error: code = Unknown desc = Identifier name 'trg_fkTblUserCertificationToTblFileContentsViaIntFileContentsID_upd_valid' is too long (errno 1059) (sqlstate 42000) during query: CREATE TRIGGER `trg_fkTblUserCertificationToTblFileContentsViaIntFileContentsID_upd_valid` BEFORE UPDATE ON `tblUserCertification`     FOR EACH ROW     BEGIN         IF NOT (NEW.`intFileContentsID` <=> OLD.`intFileContentsID`) THEN             IF (SELECT COUNT(*) FROM `tblFileContents` WHERE `id` = NEW.`intFileContentsID`) = 0 THEN                 SIGNAL SQLSTATE '45000'                  SET MESSAGE_TEXT = 'FK Violation: fkTblUserCertificationToTblFileContentsViaIntFileContentsID - Referenced key not found in tblFileContents';             END IF;         END IF;     END
2026-02-11T17:01:51.580965,fkTblUserCertificationToTblFileContentsViaIntFileContentsID,trg_fkTblUserCertificationToTblFileContentsViaIntFileContentsID_del_parent,PARENT_DELETE_RESTRICT,FAILURE,"Code: 1 | Error: E0211 17:01:51.577429   71889 main.go:60] rpc error: code = Unknown desc = TabletManager.ExecuteFetchAsDba on zone1-3072903978: rpc error: code = Unknown desc = Identifier name 'trg_fkTblUserCertificationToTblFileContentsViaIntFileContentsID_del_parent' is too long (errno 1059) (sqlstate 42000) during query: CREATE TRIGGER `trg_fkTblUserCertificationToTblFileContentsViaIntFileContentsID_del_parent` BEFORE DELETE ON `tblFileContents`         FOR EACH ROW         BEGIN             IF (SELECT COUNT(*) FROM `tblUserCertification` WHERE `intFileContentsID` = OLD.`id`) > 0 THEN                 SIGNAL SQLSTATE '45000'                  SET MESSAGE_TEXT = 'FK Violation: fkTblUserCertificationToTblFileContentsViaIntFileContentsID - Cannot delete, children exist in tblUserCertification';             END IF;         END"
2026-02-11T17:01:51.698900,fkTblUserCertificationToTblFileContentsViaIntFileContentsID,trg_fkTblUserCertificationToTblFileContentsViaIntFileContentsID_upd_parent,PARENT_UPDATE_RESTRICT,FAILURE,"Code: 1 | Error: E0211 17:01:51.695312   71890 main.go:60] rpc error: code = Unknown desc = TabletManager.ExecuteFetchAsDba on zone1-3072903978: rpc error: code = Unknown desc = Identifier name 'trg_fkTblUserCertificationToTblFileContentsViaIntFileContentsID_upd_parent' is too long (errno 1059) (sqlstate 42000) during query: CREATE TRIGGER `trg_fkTblUserCertificationToTblFileContentsViaIntFileContentsID_upd_parent` BEFORE UPDATE ON `tblFileContents`     FOR EACH ROW     BEGIN         IF NOT (NEW.`id` <=> OLD.`id`) THEN             IF (SELECT COUNT(*) FROM `tblUserCertification` WHERE `intFileContentsID` = OLD.`id`) > 0 THEN                  SIGNAL SQLSTATE '45000'                   SET MESSAGE_TEXT = 'FK Violation: fkTblUserCertificationToTblFileContentsViaIntFileContentsID - Cannot update key, children exist in tblUserCertification';             END IF;         END IF;     END"
2026-02-11T17:01:51.854209,fkTblUserCertificationToTblUserViaIntUserID,trg_fkTblUserCertificationToTblUserViaIntUserID_ins_valid,CHILD_INSERT_VALIDATE,SUCCESS,Success
2026-02-11T17:01:51.977878,fkTblUserCertificationToTblUserViaIntUserID,trg_fkTblUserCertificationToTblUserViaIntUserID_upd_valid,CHILD_UPDATE_VALIDATE,SUCCESS,Success
2026-02-11T17:01:52.121432,fkTblUserCertificationToTblUserViaIntUserID,trg_fkTblUserCertificationToTblUserViaIntUserID_del_parent,PARENT_DELETE_CASCADE,SUCCESS,Success
2026-02-11T17:01:52.258859,fkTblUserCertificationToTblUserViaIntUserID,trg_fkTblUserCertificationToTblUserViaIntUserID_upd_parent,PARENT_UPDATE_RESTRICT,SUCCESS,Success
2026-02-11T17:01:52.373370,fkTblUserClockInOutToTblAssetViaIntFacilityID,trg_fkTblUserClockInOutToTblAssetViaIntFacilityID_ins_valid,CHILD_INSERT_VALIDATE,SUCCESS,Success
2026-02-11T17:01:52.531412,fkTblUserClockInOutToTblAssetViaIntFacilityID,trg_fkTblUserClockInOutToTblAssetViaIntFacilityID_upd_valid,CHILD_UPDATE_VALIDATE,SUCCESS,Success
2026-02-11T17:01:52.717334,fkTblUserClockInOutToTblAssetViaIntFacilityID,trg_fkTblUserClockInOutToTblAssetViaIntFacilityID_del_parent,PARENT_DELETE_CASCADE,SUCCESS,Success
2026-02-11T17:01:52.843937,fkTblUserClockInOutToTblAssetViaIntFacilityID,trg_fkTblUserClockInOutToTblAssetViaIntFacilityID_upd_parent,PARENT_UPDATE_RESTRICT,SUCCESS,Success
2026-02-11T17:01:52.958968,fkTblUserClockInOutToTblUserViaIntUserID,trg_fkTblUserClockInOutToTblUserViaIntUserID_ins_valid,CHILD_INSERT_VALIDATE,SUCCESS,Success
2026-02-11T17:01:53.069892,fkTblUserClockInOutToTblUserViaIntUserID,trg_fkTblUserClockInOutToTblUserViaIntUserID_upd_valid,CHILD_UPDATE_VALIDATE,SUCCESS,Success
2026-02-11T17:01:53.199681,fkTblUserClockInOutToTblUserViaIntUserID,trg_fkTblUserClockInOutToTblUserViaIntUserID_del_parent,PARENT_DELETE_CASCADE,SUCCESS,Success
2026-02-11T17:01:53.330094,fkTblUserClockInOutToTblUserViaIntUserID,trg_fkTblUserClockInOutToTblUserViaIntUserID_upd_parent,PARENT_UPDATE_RESTRICT,SUCCESS,Success
2026-02-11T17:01:53.487730,fkTblUserEpicFeatureNoticeToTblUserViaIntUserID,trg_fkTblUserEpicFeatureNoticeToTblUserViaIntUserID_ins_valid,CHILD_INSERT_VALIDATE,SUCCESS,Success
2026-02-11T17:01:53.605008,fkTblUserEpicFeatureNoticeToTblUserViaIntUserID,trg_fkTblUserEpicFeatureNoticeToTblUserViaIntUserID_upd_valid,CHILD_UPDATE_VALIDATE,SUCCESS,Success
2026-02-11T17:01:53.734336,fkTblUserEpicFeatureNoticeToTblUserViaIntUserID,trg_fkTblUserEpicFeatureNoticeToTblUserViaIntUserID_del_parent,PARENT_DELETE_RESTRICT,SUCCESS,Success
2026-02-11T17:01:53.864183,fkTblUserEpicFeatureNoticeToTblUserViaIntUserID,trg_fkTblUserEpicFeatureNoticeToTblUserViaIntUserID_upd_parent,PARENT_UPDATE_RESTRICT,SUCCESS,Success
2026-02-11T17:01:53.975055,fkTblUserGroupDashboardPersonaToTblUserViaIntUserGroupID,trg_fkTblUserGroupDashboardPersonaToTblUserViaIntUserGroupID_ins_valid,CHILD_INSERT_VALIDATE,FAILURE,Code: 1 | Error: E0211 17:01:53.971675   71909 main.go:60] rpc error: code = Unknown desc = TabletManager.ExecuteFetchAsDba on zone1-3072903978: rpc error: code = Unknown desc = Identifier name 'trg_fkTblUserGroupDashboardPersonaToTblUserViaIntUserGroupID_ins_valid' is too long (errno 1059) (sqlstate 42000) during query: CREATE TRIGGER `trg_fkTblUserGroupDashboardPersonaToTblUserViaIntUserGroupID_ins_valid` BEFORE INSERT ON `tblUserGroupDashboardPersona`     FOR EACH ROW     BEGIN         IF (SELECT COUNT(*) FROM `tblUser` WHERE `id` = NEW.`intUserGroupID`) = 0 THEN             SIGNAL SQLSTATE '45000'              SET MESSAGE_TEXT = 'FK Violation: fkTblUserGroupDashboardPersonaToTblUserViaIntUserGroupID - Referenced key not found in tblUser';         END IF;     END
2026-02-11T17:01:54.089019,fkTblUserGroupDashboardPersonaToTblUserViaIntUserGroupID,trg_fkTblUserGroupDashboardPersonaToTblUserViaIntUserGroupID_upd_valid,CHILD_UPDATE_VALIDATE,FAILURE,Code: 1 | Error: E0211 17:01:54.084693   71910 main.go:60] rpc error: code = Unknown desc = TabletManager.ExecuteFetchAsDba on zone1-3072903978: rpc error: code = Unknown desc = Identifier name 'trg_fkTblUserGroupDashboardPersonaToTblUserViaIntUserGroupID_upd_valid' is too long (errno 1059) (sqlstate 42000) during query: CREATE TRIGGER `trg_fkTblUserGroupDashboardPersonaToTblUserViaIntUserGroupID_upd_valid` BEFORE UPDATE ON `tblUserGroupDashboardPersona`     FOR EACH ROW     BEGIN         IF NOT (NEW.`intUserGroupID` <=> OLD.`intUserGroupID`) THEN             IF (SELECT COUNT(*) FROM `tblUser` WHERE `id` = NEW.`intUserGroupID`) = 0 THEN                 SIGNAL SQLSTATE '45000'                  SET MESSAGE_TEXT = 'FK Violation: fkTblUserGroupDashboardPersonaToTblUserViaIntUserGroupID - Referenced key not found in tblUser';             END IF;         END IF;     END
2026-02-11T17:01:54.199046,fkTblUserGroupDashboardPersonaToTblUserViaIntUserGroupID,trg_fkTblUserGroupDashboardPersonaToTblUserViaIntUserGroupID_del_parent,PARENT_DELETE_CASCADE,FAILURE,Code: 1 | Error: E0211 17:01:54.194946   71911 main.go:60] rpc error: code = Unknown desc = TabletManager.ExecuteFetchAsDba on zone1-3072903978: rpc error: code = Unknown desc = Identifier name 'trg_fkTblUserGroupDashboardPersonaToTblUserViaIntUserGroupID_del_parent' is too long (errno 1059) (sqlstate 42000) during query: CREATE TRIGGER `trg_fkTblUserGroupDashboardPersonaToTblUserViaIntUserGroupID_del_parent` BEFORE DELETE ON `tblUser`         FOR EACH ROW         BEGIN             DELETE FROM `tblUserGroupDashboardPersona` WHERE `intUserGroupID` = OLD.`id`;         END
2026-02-11T17:01:54.316117,fkTblUserGroupDashboardPersonaToTblUserViaIntUserGroupID,trg_fkTblUserGroupDashboardPersonaToTblUserViaIntUserGroupID_upd_parent,PARENT_UPDATE_RESTRICT,FAILURE,"Code: 1 | Error: E0211 17:01:54.311807   71912 main.go:60] rpc error: code = Unknown desc = TabletManager.ExecuteFetchAsDba on zone1-3072903978: rpc error: code = Unknown desc = Identifier name 'trg_fkTblUserGroupDashboardPersonaToTblUserViaIntUserGroupID_upd_parent' is too long (errno 1059) (sqlstate 42000) during query: CREATE TRIGGER `trg_fkTblUserGroupDashboardPersonaToTblUserViaIntUserGroupID_upd_parent` BEFORE UPDATE ON `tblUser`     FOR EACH ROW     BEGIN         IF NOT (NEW.`id` <=> OLD.`id`) THEN             IF (SELECT COUNT(*) FROM `tblUserGroupDashboardPersona` WHERE `intUserGroupID` = OLD.`id`) > 0 THEN                  SIGNAL SQLSTATE '45000'                   SET MESSAGE_TEXT = 'FK Violation: fkTblUserGroupDashboardPersonaToTblUserViaIntUserGroupID - Cannot update key, children exist in tblUserGroupDashboardPersona';             END IF;         END IF;     END"
2026-02-11T17:01:54.439304,fkTblUserMASourceStartToTblUserViaIntUserID,trg_fkTblUserMASourceStartToTblUserViaIntUserID_ins_valid,CHILD_INSERT_VALIDATE,SUCCESS,Success
2026-02-11T17:01:54.559291,fkTblUserMASourceStartToTblUserViaIntUserID,trg_fkTblUserMASourceStartToTblUserViaIntUserID_upd_valid,CHILD_UPDATE_VALIDATE,SUCCESS,Success
2026-02-11T17:01:54.690791,fkTblUserMASourceStartToTblUserViaIntUserID,trg_fkTblUserMASourceStartToTblUserViaIntUserID_del_parent,PARENT_DELETE_RESTRICT,SUCCESS,Success
2026-02-11T17:01:54.818480,fkTblUserMASourceStartToTblUserViaIntUserID,trg_fkTblUserMASourceStartToTblUserViaIntUserID_upd_parent,PARENT_UPDATE_RESTRICT,SUCCESS,Success
2026-02-11T17:01:54.933749,fkTblUserMilestoneToTblUserViaIntUserID,trg_fkTblUserMilestoneToTblUserViaIntUserID_ins_valid,CHILD_INSERT_VALIDATE,SUCCESS,Success
2026-02-11T17:01:55.052887,fkTblUserMilestoneToTblUserViaIntUserID,trg_fkTblUserMilestoneToTblUserViaIntUserID_upd_valid,CHILD_UPDATE_VALIDATE,SUCCESS,Success
2026-02-11T17:01:55.178762,fkTblUserMilestoneToTblUserViaIntUserID,trg_fkTblUserMilestoneToTblUserViaIntUserID_del_parent,PARENT_DELETE_CASCADE,SUCCESS,Success
2026-02-11T17:01:55.310906,fkTblUserMilestoneToTblUserViaIntUserID,trg_fkTblUserMilestoneToTblUserViaIntUserID_upd_parent,PARENT_UPDATE_RESTRICT,SUCCESS,Success
2026-02-11T17:01:55.426811,fkTblUserPermissionToTblUserViaIntUserID,trg_fkTblUserPermissionToTblUserViaIntUserID_ins_valid,CHILD_INSERT_VALIDATE,SUCCESS,Success
2026-02-11T17:01:55.542360,fkTblUserPermissionToTblUserViaIntUserID,trg_fkTblUserPermissionToTblUserViaIntUserID_upd_valid,CHILD_UPDATE_VALIDATE,SUCCESS,Success
2026-02-11T17:01:55.703414,fkTblUserPermissionToTblUserViaIntUserID,trg_fkTblUserPermissionToTblUserViaIntUserID_del_parent,PARENT_DELETE_RESTRICT,SUCCESS,Success
2026-02-11T17:01:55.880999,fkTblUserPermissionToTblUserViaIntUserID,trg_fkTblUserPermissionToTblUserViaIntUserID_upd_parent,PARENT_UPDATE_RESTRICT,SUCCESS,Success
2026-02-11T17:01:56.002167,fkTblUserPurchaseOrderStatusTransitionPermissionToTbl1230136470,trg_fkTblUserPurchaseOrderStatusTransitionPermissionToTbl1230136470_ins_valid,CHILD_INSERT_VALIDATE,FAILURE,Code: 1 | Error: E0211 17:01:55.998569   71927 main.go:60] rpc error: code = Unknown desc = TabletManager.ExecuteFetchAsDba on zone1-3072903978: rpc error: code = Unknown desc = Identifier name 'trg_fkTblUserPurchaseOrderStatusTransitionPermissionToTbl1230136470_ins_valid' is too long (errno 1059) (sqlstate 42000) during query: CREATE TRIGGER `trg_fkTblUserPurchaseOrderStatusTransitionPermissionToTbl1230136470_ins_valid` BEFORE INSERT ON `tblUserPurchaseOrderStatusTransitionPermission`     FOR EACH ROW     BEGIN         IF (SELECT COUNT(*) FROM `tblUser` WHERE `id` = NEW.`intUserID`) = 0 THEN             SIGNAL SQLSTATE '45000'              SET MESSAGE_TEXT = 'FK Violation: fkTblUserPurchaseOrderStatusTransitionPermissionToTbl1230136470 - Referenced key not found in tblUser';         END IF;     END
2026-02-11T17:01:56.120883,fkTblUserPurchaseOrderStatusTransitionPermissionToTbl1230136470,trg_fkTblUserPurchaseOrderStatusTransitionPermissionToTbl1230136470_upd_valid,CHILD_UPDATE_VALIDATE,FAILURE,Code: 1 | Error: E0211 17:01:56.116719   71928 main.go:60] rpc error: code = Unknown desc = TabletManager.ExecuteFetchAsDba on zone1-3072903978: rpc error: code = Unknown desc = Identifier name 'trg_fkTblUserPurchaseOrderStatusTransitionPermissionToTbl1230136470_upd_valid' is too long (errno 1059) (sqlstate 42000) during query: CREATE TRIGGER `trg_fkTblUserPurchaseOrderStatusTransitionPermissionToTbl1230136470_upd_valid` BEFORE UPDATE ON `tblUserPurchaseOrderStatusTransitionPermission`     FOR EACH ROW     BEGIN         IF NOT (NEW.`intUserID` <=> OLD.`intUserID`) THEN             IF (SELECT COUNT(*) FROM `tblUser` WHERE `id` = NEW.`intUserID`) = 0 THEN                 SIGNAL SQLSTATE '45000'                  SET MESSAGE_TEXT = 'FK Violation: fkTblUserPurchaseOrderStatusTransitionPermissionToTbl1230136470 - Referenced key not found in tblUser';             END IF;         END IF;     END
2026-02-11T17:01:56.241302,fkTblUserPurchaseOrderStatusTransitionPermissionToTbl1230136470,trg_fkTblUserPurchaseOrderStatusTransitionPermissionToTbl1230136470_del_parent,PARENT_DELETE_RESTRICT,FAILURE,"Code: 1 | Error: E0211 17:01:56.236941   71929 main.go:60] rpc error: code = Unknown desc = TabletManager.ExecuteFetchAsDba on zone1-3072903978: rpc error: code = Unknown desc = Identifier name 'trg_fkTblUserPurchaseOrderStatusTransitionPermissionToTbl1230136470_del_parent' is too long (errno 1059) (sqlstate 42000) during query: CREATE TRIGGER `trg_fkTblUserPurchaseOrderStatusTransitionPermissionToTbl1230136470_del_parent` BEFORE DELETE ON `tblUser`         FOR EACH ROW         BEGIN             IF (SELECT COUNT(*) FROM `tblUserPurchaseOrderStatusTransitionPermission` WHERE `intUserID` = OLD.`id`) > 0 THEN                 SIGNAL SQLSTATE '45000'                  SET MESSAGE_TEXT = 'FK Violation: fkTblUserPurchaseOrderStatusTransitionPermissionToTbl1230136470 - Cannot delete, children exist in tblUserPurchaseOrderStatusTransitionPermission';             END IF;         END"
2026-02-11T17:01:56.359501,fkTblUserPurchaseOrderStatusTransitionPermissionToTbl1230136470,trg_fkTblUserPurchaseOrderStatusTransitionPermissionToTbl1230136470_upd_parent,PARENT_UPDATE_RESTRICT,FAILURE,"Code: 1 | Error: E0211 17:01:56.354733   71930 main.go:60] rpc error: code = Unknown desc = TabletManager.ExecuteFetchAsDba on zone1-3072903978: rpc error: code = Unknown desc = Identifier name 'trg_fkTblUserPurchaseOrderStatusTransitionPermissionToTbl1230136470_upd_parent' is too long (errno 1059) (sqlstate 42000) during query: CREATE TRIGGER `trg_fkTblUserPurchaseOrderStatusTransitionPermissionToTbl1230136470_upd_parent` BEFORE UPDATE ON `tblUser`     FOR EACH ROW     BEGIN         IF NOT (NEW.`id` <=> OLD.`id`) THEN             IF (SELECT COUNT(*) FROM `tblUserPurchaseOrderStatusTransitionPermission` WHERE `intUserID` = OLD.`id`) > 0 THEN                  SIGNAL SQLSTATE '45000'                   SET MESSAGE_TEXT = 'FK Violation: fkTblUserPurchaseOrderStatusTransitionPermissionToTbl1230136470 - Cannot update key, children exist in tblUserPurchaseOrderStatusTransitionPermission';             END IF;         END IF;     END"
2026-02-11T17:01:56.468017,fkTblUserPurchaseOrderStatusTransitionPermissionToTblP105693494,trg_fkTblUserPurchaseOrderStatusTransitionPermissionToTblP105693494_ins_valid,CHILD_INSERT_VALIDATE,FAILURE,Code: 1 | Error: E0211 17:01:56.464121   71931 main.go:60] rpc error: code = Unknown desc = TabletManager.ExecuteFetchAsDba on zone1-3072903978: rpc error: code = Unknown desc = Identifier name 'trg_fkTblUserPurchaseOrderStatusTransitionPermissionToTblP105693494_ins_valid' is too long (errno 1059) (sqlstate 42000) during query: CREATE TRIGGER `trg_fkTblUserPurchaseOrderStatusTransitionPermissionToTblP105693494_ins_valid` BEFORE INSERT ON `tblUserPurchaseOrderStatusTransitionPermission`     FOR EACH ROW     BEGIN         IF (SELECT COUNT(*) FROM `tblPurchaseOrderStatusTransitionPermission` WHERE `id` = NEW.`intPermissionID`) = 0 THEN             SIGNAL SQLSTATE '45000'              SET MESSAGE_TEXT = 'FK Violation: fkTblUserPurchaseOrderStatusTransitionPermissionToTblP105693494 - Referenced key not found in tblPurchaseOrderStatusTransitionPermission';         END IF;     END
2026-02-11T17:01:56.583463,fkTblUserPurchaseOrderStatusTransitionPermissionToTblP105693494,trg_fkTblUserPurchaseOrderStatusTransitionPermissionToTblP105693494_upd_valid,CHILD_UPDATE_VALIDATE,FAILURE,Code: 1 | Error: E0211 17:01:56.578298   71932 main.go:60] rpc error: code = Unknown desc = TabletManager.ExecuteFetchAsDba on zone1-3072903978: rpc error: code = Unknown desc = Identifier name 'trg_fkTblUserPurchaseOrderStatusTransitionPermissionToTblP105693494_upd_valid' is too long (errno 1059) (sqlstate 42000) during query: CREATE TRIGGER `trg_fkTblUserPurchaseOrderStatusTransitionPermissionToTblP105693494_upd_valid` BEFORE UPDATE ON `tblUserPurchaseOrderStatusTransitionPermission`     FOR EACH ROW     BEGIN         IF NOT (NEW.`intPermissionID` <=> OLD.`intPermissionID`) THEN             IF (SELECT COUNT(*) FROM `tblPurchaseOrderStatusTransitionPermission` WHERE `id` = NEW.`intPermissionID`) = 0 THEN                 SIGNAL SQLSTATE '45000'                  SET MESSAGE_TEXT = 'FK Violation: fkTblUserPurchaseOrderStatusTransitionPermissionToTblP105693494 - Referenced key not found in tblPurchaseOrderStatusTransitionPermission';             END IF;         END IF;     END
2026-02-11T17:01:56.700258,fkTblUserPurchaseOrderStatusTransitionPermissionToTblP105693494,trg_fkTblUserPurchaseOrderStatusTransitionPermissionToTblP105693494_del_parent,PARENT_DELETE_RESTRICT,FAILURE,"Code: 1 | Error: E0211 17:01:56.696071   71933 main.go:60] rpc error: code = Unknown desc = TabletManager.ExecuteFetchAsDba on zone1-3072903978: rpc error: code = Unknown desc = Identifier name 'trg_fkTblUserPurchaseOrderStatusTransitionPermissionToTblP105693494_del_parent' is too long (errno 1059) (sqlstate 42000) during query: CREATE TRIGGER `trg_fkTblUserPurchaseOrderStatusTransitionPermissionToTblP105693494_del_parent` BEFORE DELETE ON `tblPurchaseOrderStatusTransitionPermission`         FOR EACH ROW         BEGIN             IF (SELECT COUNT(*) FROM `tblUserPurchaseOrderStatusTransitionPermission` WHERE `intPermissionID` = OLD.`id`) > 0 THEN                 SIGNAL SQLSTATE '45000'                  SET MESSAGE_TEXT = 'FK Violation: fkTblUserPurchaseOrderStatusTransitionPermissionToTblP105693494 - Cannot delete, children exist in tblUserPurchaseOrderStatusTransitionPermission';             END IF;         END"
2026-02-11T17:01:56.809117,fkTblUserPurchaseOrderStatusTransitionPermissionToTblP105693494,trg_fkTblUserPurchaseOrderStatusTransitionPermissionToTblP105693494_upd_parent,PARENT_UPDATE_RESTRICT,FAILURE,"Code: 1 | Error: E0211 17:01:56.805233   71934 main.go:60] rpc error: code = Unknown desc = TabletManager.ExecuteFetchAsDba on zone1-3072903978: rpc error: code = Unknown desc = Identifier name 'trg_fkTblUserPurchaseOrderStatusTransitionPermissionToTblP105693494_upd_parent' is too long (errno 1059) (sqlstate 42000) during query: CREATE TRIGGER `trg_fkTblUserPurchaseOrderStatusTransitionPermissionToTblP105693494_upd_parent` BEFORE UPDATE ON `tblPurchaseOrderStatusTransitionPermission`     FOR EACH ROW     BEGIN         IF NOT (NEW.`id` <=> OLD.`id`) THEN             IF (SELECT COUNT(*) FROM `tblUserPurchaseOrderStatusTransitionPermission` WHERE `intPermissionID` = OLD.`id`) > 0 THEN                  SIGNAL SQLSTATE '45000'                   SET MESSAGE_TEXT = 'FK Violation: fkTblUserPurchaseOrderStatusTransitionPermissionToTblP105693494 - Cannot update key, children exist in tblUserPurchaseOrderStatusTransitionPermission';             END IF;         END IF;     END"
2026-02-11T17:01:56.922421,fkTblUserReportsToUserToTblUserViaIntReportsToID,trg_fkTblUserReportsToUserToTblUserViaIntReportsToID_ins_valid,CHILD_INSERT_VALIDATE,SUCCESS,Success
2026-02-11T17:01:57.033039,fkTblUserReportsToUserToTblUserViaIntReportsToID,trg_fkTblUserReportsToUserToTblUserViaIntReportsToID_upd_valid,CHILD_UPDATE_VALIDATE,SUCCESS,Success
2026-02-11T17:01:57.160066,fkTblUserReportsToUserToTblUserViaIntReportsToID,trg_fkTblUserReportsToUserToTblUserViaIntReportsToID_del_parent,PARENT_DELETE_RESTRICT,SUCCESS,Success
2026-02-11T17:01:57.281728,fkTblUserReportsToUserToTblUserViaIntReportsToID,trg_fkTblUserReportsToUserToTblUserViaIntReportsToID_upd_parent,PARENT_UPDATE_RESTRICT,SUCCESS,Success
2026-02-11T17:01:57.436911,fkTblUserReportsToUserToTblUserViaIntUserID,trg_fkTblUserReportsToUserToTblUserViaIntUserID_ins_valid,CHILD_INSERT_VALIDATE,SUCCESS,Success
2026-02-11T17:01:57.553966,fkTblUserReportsToUserToTblUserViaIntUserID,trg_fkTblUserReportsToUserToTblUserViaIntUserID_upd_valid,CHILD_UPDATE_VALIDATE,SUCCESS,Success
2026-02-11T17:01:57.713531,fkTblUserReportsToUserToTblUserViaIntUserID,trg_fkTblUserReportsToUserToTblUserViaIntUserID_del_parent,PARENT_DELETE_RESTRICT,SUCCESS,Success
2026-02-11T17:01:57.842574,fkTblUserReportsToUserToTblUserViaIntUserID,trg_fkTblUserReportsToUserToTblUserViaIntUserID_upd_parent,PARENT_UPDATE_RESTRICT,SUCCESS,Success
2026-02-11T17:01:57.958789,fkTblUserRoleToTblUserViaIntUserID,trg_fkTblUserRoleToTblUserViaIntUserID_ins_valid,CHILD_INSERT_VALIDATE,SUCCESS,Success
2026-02-11T17:01:58.114910,fkTblUserRoleToTblUserViaIntUserID,trg_fkTblUserRoleToTblUserViaIntUserID_upd_valid,CHILD_UPDATE_VALIDATE,SUCCESS,Success
2026-02-11T17:01:58.304440,fkTblUserRoleToTblUserViaIntUserID,trg_fkTblUserRoleToTblUserViaIntUserID_del_parent,PARENT_DELETE_RESTRICT,SUCCESS,Success
2026-02-11T17:01:58.488987,fkTblUserRoleToTblUserViaIntUserID,trg_fkTblUserRoleToTblUserViaIntUserID_upd_parent,PARENT_UPDATE_RESTRICT,SUCCESS,Success
2026-02-11T17:01:58.645502,fkTblUserSettingToTblUserViaIntUserID,trg_fkTblUserSettingToTblUserViaIntUserID_ins_valid,CHILD_INSERT_VALIDATE,SUCCESS,Success
2026-02-11T17:01:58.753221,fkTblUserSettingToTblUserViaIntUserID,trg_fkTblUserSettingToTblUserViaIntUserID_upd_valid,CHILD_UPDATE_VALIDATE,SUCCESS,Success
2026-02-11T17:01:58.873371,fkTblUserSettingToTblUserViaIntUserID,trg_fkTblUserSettingToTblUserViaIntUserID_del_parent,PARENT_DELETE_CASCADE,SUCCESS,Success
2026-02-11T17:01:59.038507,fkTblUserSettingToTblUserViaIntUserID,trg_fkTblUserSettingToTblUserViaIntUserID_upd_parent,PARENT_UPDATE_RESTRICT,SUCCESS,Success
2026-02-11T17:01:59.153866,fkTblUserSystemPropertyToTblUserViaIntUserID,trg_fkTblUserSystemPropertyToTblUserViaIntUserID_ins_valid,CHILD_INSERT_VALIDATE,SUCCESS,Success
2026-02-11T17:01:59.313856,fkTblUserSystemPropertyToTblUserViaIntUserID,trg_fkTblUserSystemPropertyToTblUserViaIntUserID_upd_valid,CHILD_UPDATE_VALIDATE,SUCCESS,Success
2026-02-11T17:01:59.450362,fkTblUserSystemPropertyToTblUserViaIntUserID,trg_fkTblUserSystemPropertyToTblUserViaIntUserID_del_parent,PARENT_DELETE_CASCADE,SUCCESS,Success
2026-02-11T17:01:59.619286,fkTblUserSystemPropertyToTblUserViaIntUserID,trg_fkTblUserSystemPropertyToTblUserViaIntUserID_upd_parent,PARENT_UPDATE_RESTRICT,SUCCESS,Success
2026-02-11T17:01:59.780576,fkTblUserSystemPropertyLogToTblUserViaIntUserID,trg_fkTblUserSystemPropertyLogToTblUserViaIntUserID_ins_valid,CHILD_INSERT_VALIDATE,SUCCESS,Success
2026-02-11T17:01:59.896538,fkTblUserSystemPropertyLogToTblUserViaIntUserID,trg_fkTblUserSystemPropertyLogToTblUserViaIntUserID_upd_valid,CHILD_UPDATE_VALIDATE,SUCCESS,Success
2026-02-11T17:02:00.021096,fkTblUserSystemPropertyLogToTblUserViaIntUserID,trg_fkTblUserSystemPropertyLogToTblUserViaIntUserID_del_parent,PARENT_DELETE_CASCADE,SUCCESS,Success
2026-02-11T17:02:00.155590,fkTblUserSystemPropertyLogToTblUserViaIntUserID,trg_fkTblUserSystemPropertyLogToTblUserViaIntUserID_upd_parent,PARENT_UPDATE_RESTRICT,SUCCESS,Success
2026-02-11T17:02:00.271794,fkTblV6ApiApplicationUserMappingToTblUserViaIntUserID,trg_fkTblV6ApiApplicationUserMappingToTblUserViaIntUserID_ins_valid,CHILD_INSERT_VALIDATE,FAILURE,Code: 1 | Error: E0211 17:02:00.268263   72093 main.go:60] rpc error: code = Unknown desc = TabletManager.ExecuteFetchAsDba on zone1-3072903978: rpc error: code = Unknown desc = Identifier name 'trg_fkTblV6ApiApplicationUserMappingToTblUserViaIntUserID_ins_valid' is too long (errno 1059) (sqlstate 42000) during query: CREATE TRIGGER `trg_fkTblV6ApiApplicationUserMappingToTblUserViaIntUserID_ins_valid` BEFORE INSERT ON `tblV6ApiApplicationUserMapping`     FOR EACH ROW     BEGIN         IF (SELECT COUNT(*) FROM `tblUser` WHERE `id` = NEW.`intUserID`) = 0 THEN             SIGNAL SQLSTATE '45000'              SET MESSAGE_TEXT = 'FK Violation: fkTblV6ApiApplicationUserMappingToTblUserViaIntUserID - Referenced key not found in tblUser';         END IF;     END
2026-02-11T17:02:00.430181,fkTblV6ApiApplicationUserMappingToTblUserViaIntUserID,trg_fkTblV6ApiApplicationUserMappingToTblUserViaIntUserID_upd_valid,CHILD_UPDATE_VALIDATE,FAILURE,Code: 1 | Error: E0211 17:02:00.424395   72094 main.go:60] rpc error: code = Unknown desc = TabletManager.ExecuteFetchAsDba on zone1-3072903978: rpc error: code = Unknown desc = Identifier name 'trg_fkTblV6ApiApplicationUserMappingToTblUserViaIntUserID_upd_valid' is too long (errno 1059) (sqlstate 42000) during query: CREATE TRIGGER `trg_fkTblV6ApiApplicationUserMappingToTblUserViaIntUserID_upd_valid` BEFORE UPDATE ON `tblV6ApiApplicationUserMapping`     FOR EACH ROW     BEGIN         IF NOT (NEW.`intUserID` <=> OLD.`intUserID`) THEN             IF (SELECT COUNT(*) FROM `tblUser` WHERE `id` = NEW.`intUserID`) = 0 THEN                 SIGNAL SQLSTATE '45000'                  SET MESSAGE_TEXT = 'FK Violation: fkTblV6ApiApplicationUserMappingToTblUserViaIntUserID - Referenced key not found in tblUser';             END IF;         END IF;     END
2026-02-11T17:02:00.560483,fkTblV6ApiApplicationUserMappingToTblUserViaIntUserID,trg_fkTblV6ApiApplicationUserMappingToTblUserViaIntUserID_del_parent,PARENT_DELETE_CASCADE,FAILURE,Code: 1 | Error: E0211 17:02:00.555712   72095 main.go:60] rpc error: code = Unknown desc = TabletManager.ExecuteFetchAsDba on zone1-3072903978: rpc error: code = Unknown desc = Identifier name 'trg_fkTblV6ApiApplicationUserMappingToTblUserViaIntUserID_del_parent' is too long (errno 1059) (sqlstate 42000) during query: CREATE TRIGGER `trg_fkTblV6ApiApplicationUserMappingToTblUserViaIntUserID_del_parent` BEFORE DELETE ON `tblUser`         FOR EACH ROW         BEGIN             DELETE FROM `tblV6ApiApplicationUserMapping` WHERE `intUserID` = OLD.`id`;         END
2026-02-11T17:02:00.717267,fkTblV6ApiApplicationUserMappingToTblUserViaIntUserID,trg_fkTblV6ApiApplicationUserMappingToTblUserViaIntUserID_upd_parent,PARENT_UPDATE_RESTRICT,FAILURE,"Code: 1 | Error: E0211 17:02:00.713386   72096 main.go:60] rpc error: code = Unknown desc = TabletManager.ExecuteFetchAsDba on zone1-3072903978: rpc error: code = Unknown desc = Identifier name 'trg_fkTblV6ApiApplicationUserMappingToTblUserViaIntUserID_upd_parent' is too long (errno 1059) (sqlstate 42000) during query: CREATE TRIGGER `trg_fkTblV6ApiApplicationUserMappingToTblUserViaIntUserID_upd_parent` BEFORE UPDATE ON `tblUser`     FOR EACH ROW     BEGIN         IF NOT (NEW.`id` <=> OLD.`id`) THEN             IF (SELECT COUNT(*) FROM `tblV6ApiApplicationUserMapping` WHERE `intUserID` = OLD.`id`) > 0 THEN                  SIGNAL SQLSTATE '45000'                   SET MESSAGE_TEXT = 'FK Violation: fkTblV6ApiApplicationUserMappingToTblUserViaIntUserID - Cannot update key, children exist in tblV6ApiApplicationUserMapping';             END IF;         END IF;     END"
2026-02-11T17:02:00.830145,fkTblV6UserDeletionTrackingToTblUserViaIntUserID,trg_fkTblV6UserDeletionTrackingToTblUserViaIntUserID_ins_valid,CHILD_INSERT_VALIDATE,SUCCESS,Success
2026-02-11T17:02:00.941960,fkTblV6UserDeletionTrackingToTblUserViaIntUserID,trg_fkTblV6UserDeletionTrackingToTblUserViaIntUserID_upd_valid,CHILD_UPDATE_VALIDATE,SUCCESS,Success
2026-02-11T17:02:01.074177,fkTblV6UserDeletionTrackingToTblUserViaIntUserID,trg_fkTblV6UserDeletionTrackingToTblUserViaIntUserID_del_parent,PARENT_DELETE_CASCADE,SUCCESS,Success
2026-02-11T17:02:01.203935,fkTblV6UserDeletionTrackingToTblUserViaIntUserID,trg_fkTblV6UserDeletionTrackingToTblUserViaIntUserID_upd_parent,PARENT_UPDATE_RESTRICT,SUCCESS,Success
2026-02-11T17:02:01.321918,fkTblWarrantyToTblAssetViaIntAssetID,trg_fkTblWarrantyToTblAssetViaIntAssetID_ins_valid,CHILD_INSERT_VALIDATE,SUCCESS,Success
2026-02-11T17:02:01.436716,fkTblWarrantyToTblAssetViaIntAssetID,trg_fkTblWarrantyToTblAssetViaIntAssetID_upd_valid,CHILD_UPDATE_VALIDATE,SUCCESS,Success
2026-02-11T17:02:01.559349,fkTblWarrantyToTblAssetViaIntAssetID,trg_fkTblWarrantyToTblAssetViaIntAssetID_del_parent,PARENT_DELETE_CASCADE,SUCCESS,Success
2026-02-11T17:02:01.742187,fkTblWarrantyToTblAssetViaIntAssetID,trg_fkTblWarrantyToTblAssetViaIntAssetID_upd_parent,PARENT_UPDATE_RESTRICT,SUCCESS,Success
2026-02-11T17:02:01.867491,fkTblWarrantyToTblBusinessViaIntProvider,trg_fkTblWarrantyToTblBusinessViaIntProvider_ins_valid,CHILD_INSERT_VALIDATE,SUCCESS,Success
2026-02-11T17:02:01.988450,fkTblWarrantyToTblBusinessViaIntProvider,trg_fkTblWarrantyToTblBusinessViaIntProvider_upd_valid,CHILD_UPDATE_VALIDATE,SUCCESS,Success
2026-02-11T17:02:02.111204,fkTblWarrantyToTblBusinessViaIntProvider,trg_fkTblWarrantyToTblBusinessViaIntProvider_del_parent,PARENT_DELETE_RESTRICT,SUCCESS,Success
2026-02-11T17:02:02.237528,fkTblWarrantyToTblBusinessViaIntProvider,trg_fkTblWarrantyToTblBusinessViaIntProvider_upd_parent,PARENT_UPDATE_RESTRICT,SUCCESS,Success
2026-02-11T17:02:02.350496,fkTblWarrantyToTblMeterReadingUnitViaIntMeterReadingUnitsID,trg_fkTblWarrantyToTblMeterReadingUnitViaIntMeterReadingUnitsID_ins_valid,CHILD_INSERT_VALIDATE,FAILURE,Code: 1 | Error: E0211 17:02:02.346192   72109 main.go:60] rpc error: code = Unknown desc = TabletManager.ExecuteFetchAsDba on zone1-3072903978: rpc error: code = Unknown desc = Identifier name 'trg_fkTblWarrantyToTblMeterReadingUnitViaIntMeterReadingUnitsID_ins_valid' is too long (errno 1059) (sqlstate 42000) during query: CREATE TRIGGER `trg_fkTblWarrantyToTblMeterReadingUnitViaIntMeterReadingUnitsID_ins_valid` BEFORE INSERT ON `tblWarranty`     FOR EACH ROW     BEGIN         IF (SELECT COUNT(*) FROM `tblMeterReadingUnit` WHERE `id` = NEW.`intMeterReadingUnitsID`) = 0 THEN             SIGNAL SQLSTATE '45000'              SET MESSAGE_TEXT = 'FK Violation: fkTblWarrantyToTblMeterReadingUnitViaIntMeterReadingUnitsID - Referenced key not found in tblMeterReadingUnit';         END IF;     END
2026-02-11T17:02:02.470892,fkTblWarrantyToTblMeterReadingUnitViaIntMeterReadingUnitsID,trg_fkTblWarrantyToTblMeterReadingUnitViaIntMeterReadingUnitsID_upd_valid,CHILD_UPDATE_VALIDATE,FAILURE,Code: 1 | Error: E0211 17:02:02.460447   72110 main.go:60] rpc error: code = Unknown desc = TabletManager.ExecuteFetchAsDba on zone1-3072903978: rpc error: code = Unknown desc = Identifier name 'trg_fkTblWarrantyToTblMeterReadingUnitViaIntMeterReadingUnitsID_upd_valid' is too long (errno 1059) (sqlstate 42000) during query: CREATE TRIGGER `trg_fkTblWarrantyToTblMeterReadingUnitViaIntMeterReadingUnitsID_upd_valid` BEFORE UPDATE ON `tblWarranty`     FOR EACH ROW     BEGIN         IF NOT (NEW.`intMeterReadingUnitsID` <=> OLD.`intMeterReadingUnitsID`) THEN             IF (SELECT COUNT(*) FROM `tblMeterReadingUnit` WHERE `id` = NEW.`intMeterReadingUnitsID`) = 0 THEN                 SIGNAL SQLSTATE '45000'                  SET MESSAGE_TEXT = 'FK Violation: fkTblWarrantyToTblMeterReadingUnitViaIntMeterReadingUnitsID - Referenced key not found in tblMeterReadingUnit';             END IF;         END IF;     END
2026-02-11T17:02:02.587901,fkTblWarrantyToTblMeterReadingUnitViaIntMeterReadingUnitsID,trg_fkTblWarrantyToTblMeterReadingUnitViaIntMeterReadingUnitsID_del_parent,PARENT_DELETE_RESTRICT,FAILURE,"Code: 1 | Error: E0211 17:02:02.583456   72111 main.go:60] rpc error: code = Unknown desc = TabletManager.ExecuteFetchAsDba on zone1-3072903978: rpc error: code = Unknown desc = Identifier name 'trg_fkTblWarrantyToTblMeterReadingUnitViaIntMeterReadingUnitsID_del_parent' is too long (errno 1059) (sqlstate 42000) during query: CREATE TRIGGER `trg_fkTblWarrantyToTblMeterReadingUnitViaIntMeterReadingUnitsID_del_parent` BEFORE DELETE ON `tblMeterReadingUnit`         FOR EACH ROW         BEGIN             IF (SELECT COUNT(*) FROM `tblWarranty` WHERE `intMeterReadingUnitsID` = OLD.`id`) > 0 THEN                 SIGNAL SQLSTATE '45000'                  SET MESSAGE_TEXT = 'FK Violation: fkTblWarrantyToTblMeterReadingUnitViaIntMeterReadingUnitsID - Cannot delete, children exist in tblWarranty';             END IF;         END"
2026-02-11T17:02:02.698619,fkTblWarrantyToTblMeterReadingUnitViaIntMeterReadingUnitsID,trg_fkTblWarrantyToTblMeterReadingUnitViaIntMeterReadingUnitsID_upd_parent,PARENT_UPDATE_RESTRICT,FAILURE,"Code: 1 | Error: E0211 17:02:02.693844   72112 main.go:60] rpc error: code = Unknown desc = TabletManager.ExecuteFetchAsDba on zone1-3072903978: rpc error: code = Unknown desc = Identifier name 'trg_fkTblWarrantyToTblMeterReadingUnitViaIntMeterReadingUnitsID_upd_parent' is too long (errno 1059) (sqlstate 42000) during query: CREATE TRIGGER `trg_fkTblWarrantyToTblMeterReadingUnitViaIntMeterReadingUnitsID_upd_parent` BEFORE UPDATE ON `tblMeterReadingUnit`     FOR EACH ROW     BEGIN         IF NOT (NEW.`id` <=> OLD.`id`) THEN             IF (SELECT COUNT(*) FROM `tblWarranty` WHERE `intMeterReadingUnitsID` = OLD.`id`) > 0 THEN                  SIGNAL SQLSTATE '45000'                   SET MESSAGE_TEXT = 'FK Violation: fkTblWarrantyToTblMeterReadingUnitViaIntMeterReadingUnitsID - Cannot update key, children exist in tblWarranty';             END IF;         END IF;     END"
2026-02-11T17:02:02.825428,fkTblWorkflowToTblUserViaIntCreatedByUserID,trg_fkTblWorkflowToTblUserViaIntCreatedByUserID_ins_valid,CHILD_INSERT_VALIDATE,SUCCESS,Success
2026-02-11T17:02:02.941291,fkTblWorkflowToTblUserViaIntCreatedByUserID,trg_fkTblWorkflowToTblUserViaIntCreatedByUserID_upd_valid,CHILD_UPDATE_VALIDATE,SUCCESS,Success
2026-02-11T17:02:03.066904,fkTblWorkflowToTblUserViaIntCreatedByUserID,trg_fkTblWorkflowToTblUserViaIntCreatedByUserID_del_parent,PARENT_DELETE_RESTRICT,SUCCESS,Success
2026-02-11T17:02:03.192170,fkTblWorkflowToTblUserViaIntCreatedByUserID,trg_fkTblWorkflowToTblUserViaIntCreatedByUserID_upd_parent,PARENT_UPDATE_RESTRICT,SUCCESS,Success
2026-02-11T17:02:03.307120,fkTblWorkflowActivityToTblIntegrationActionViaIntInte1606361302,trg_fkTblWorkflowActivityToTblIntegrationActionViaIntInte1606361302_ins_valid,CHILD_INSERT_VALIDATE,FAILURE,Code: 1 | Error: E0211 17:02:03.303652   72117 main.go:60] rpc error: code = Unknown desc = TabletManager.ExecuteFetchAsDba on zone1-3072903978: rpc error: code = Unknown desc = Identifier name 'trg_fkTblWorkflowActivityToTblIntegrationActionViaIntInte1606361302_ins_valid' is too long (errno 1059) (sqlstate 42000) during query: CREATE TRIGGER `trg_fkTblWorkflowActivityToTblIntegrationActionViaIntInte1606361302_ins_valid` BEFORE INSERT ON `tblWorkflowActivity`     FOR EACH ROW     BEGIN         IF (SELECT COUNT(*) FROM `tblIntegrationAction` WHERE `id` = NEW.`intIntegrationActionID`) = 0 THEN             SIGNAL SQLSTATE '45000'              SET MESSAGE_TEXT = 'FK Violation: fkTblWorkflowActivityToTblIntegrationActionViaIntInte1606361302 - Referenced key not found in tblIntegrationAction';         END IF;     END
2026-02-11T17:02:03.423790,fkTblWorkflowActivityToTblIntegrationActionViaIntInte1606361302,trg_fkTblWorkflowActivityToTblIntegrationActionViaIntInte1606361302_upd_valid,CHILD_UPDATE_VALIDATE,FAILURE,Code: 1 | Error: E0211 17:02:03.419302   72118 main.go:60] rpc error: code = Unknown desc = TabletManager.ExecuteFetchAsDba on zone1-3072903978: rpc error: code = Unknown desc = Identifier name 'trg_fkTblWorkflowActivityToTblIntegrationActionViaIntInte1606361302_upd_valid' is too long (errno 1059) (sqlstate 42000) during query: CREATE TRIGGER `trg_fkTblWorkflowActivityToTblIntegrationActionViaIntInte1606361302_upd_valid` BEFORE UPDATE ON `tblWorkflowActivity`     FOR EACH ROW     BEGIN         IF NOT (NEW.`intIntegrationActionID` <=> OLD.`intIntegrationActionID`) THEN             IF (SELECT COUNT(*) FROM `tblIntegrationAction` WHERE `id` = NEW.`intIntegrationActionID`) = 0 THEN                 SIGNAL SQLSTATE '45000'                  SET MESSAGE_TEXT = 'FK Violation: fkTblWorkflowActivityToTblIntegrationActionViaIntInte1606361302 - Referenced key not found in tblIntegrationAction';             END IF;         END IF;     END
2026-02-11T17:02:03.540451,fkTblWorkflowActivityToTblIntegrationActionViaIntInte1606361302,trg_fkTblWorkflowActivityToTblIntegrationActionViaIntInte1606361302_del_parent,PARENT_DELETE_RESTRICT,FAILURE,"Code: 1 | Error: E0211 17:02:03.536068   72119 main.go:60] rpc error: code = Unknown desc = TabletManager.ExecuteFetchAsDba on zone1-3072903978: rpc error: code = Unknown desc = Identifier name 'trg_fkTblWorkflowActivityToTblIntegrationActionViaIntInte1606361302_del_parent' is too long (errno 1059) (sqlstate 42000) during query: CREATE TRIGGER `trg_fkTblWorkflowActivityToTblIntegrationActionViaIntInte1606361302_del_parent` BEFORE DELETE ON `tblIntegrationAction`         FOR EACH ROW         BEGIN             IF (SELECT COUNT(*) FROM `tblWorkflowActivity` WHERE `intIntegrationActionID` = OLD.`id`) > 0 THEN                 SIGNAL SQLSTATE '45000'                  SET MESSAGE_TEXT = 'FK Violation: fkTblWorkflowActivityToTblIntegrationActionViaIntInte1606361302 - Cannot delete, children exist in tblWorkflowActivity';             END IF;         END"
2026-02-11T17:02:03.659192,fkTblWorkflowActivityToTblIntegrationActionViaIntInte1606361302,trg_fkTblWorkflowActivityToTblIntegrationActionViaIntInte1606361302_upd_parent,PARENT_UPDATE_RESTRICT,FAILURE,"Code: 1 | Error: E0211 17:02:03.655640   72120 main.go:60] rpc error: code = Unknown desc = TabletManager.ExecuteFetchAsDba on zone1-3072903978: rpc error: code = Unknown desc = Identifier name 'trg_fkTblWorkflowActivityToTblIntegrationActionViaIntInte1606361302_upd_parent' is too long (errno 1059) (sqlstate 42000) during query: CREATE TRIGGER `trg_fkTblWorkflowActivityToTblIntegrationActionViaIntInte1606361302_upd_parent` BEFORE UPDATE ON `tblIntegrationAction`     FOR EACH ROW     BEGIN         IF NOT (NEW.`id` <=> OLD.`id`) THEN             IF (SELECT COUNT(*) FROM `tblWorkflowActivity` WHERE `intIntegrationActionID` = OLD.`id`) > 0 THEN                  SIGNAL SQLSTATE '45000'                   SET MESSAGE_TEXT = 'FK Violation: fkTblWorkflowActivityToTblIntegrationActionViaIntInte1606361302 - Cannot update key, children exist in tblWorkflowActivity';             END IF;         END IF;     END"
2026-02-11T17:02:03.776503,fkTblWorkflowActivityToTblIntegrationViaIntIntegrationID,trg_fkTblWorkflowActivityToTblIntegrationViaIntIntegrationID_ins_valid,CHILD_INSERT_VALIDATE,FAILURE,Code: 1 | Error: E0211 17:02:03.766353   72123 main.go:60] rpc error: code = Unknown desc = TabletManager.ExecuteFetchAsDba on zone1-3072903978: rpc error: code = Unknown desc = Identifier name 'trg_fkTblWorkflowActivityToTblIntegrationViaIntIntegrationID_ins_valid' is too long (errno 1059) (sqlstate 42000) during query: CREATE TRIGGER `trg_fkTblWorkflowActivityToTblIntegrationViaIntIntegrationID_ins_valid` BEFORE INSERT ON `tblWorkflowActivity`     FOR EACH ROW     BEGIN         IF (SELECT COUNT(*) FROM `tblIntegration` WHERE `id` = NEW.`intIntegrationID`) = 0 THEN             SIGNAL SQLSTATE '45000'              SET MESSAGE_TEXT = 'FK Violation: fkTblWorkflowActivityToTblIntegrationViaIntIntegrationID - Referenced key not found in tblIntegration';         END IF;     END
2026-02-11T17:02:03.897512,fkTblWorkflowActivityToTblIntegrationViaIntIntegrationID,trg_fkTblWorkflowActivityToTblIntegrationViaIntIntegrationID_upd_valid,CHILD_UPDATE_VALIDATE,FAILURE,Code: 1 | Error: E0211 17:02:03.893330   72124 main.go:60] rpc error: code = Unknown desc = TabletManager.ExecuteFetchAsDba on zone1-3072903978: rpc error: code = Unknown desc = Identifier name 'trg_fkTblWorkflowActivityToTblIntegrationViaIntIntegrationID_upd_valid' is too long (errno 1059) (sqlstate 42000) during query: CREATE TRIGGER `trg_fkTblWorkflowActivityToTblIntegrationViaIntIntegrationID_upd_valid` BEFORE UPDATE ON `tblWorkflowActivity`     FOR EACH ROW     BEGIN         IF NOT (NEW.`intIntegrationID` <=> OLD.`intIntegrationID`) THEN             IF (SELECT COUNT(*) FROM `tblIntegration` WHERE `id` = NEW.`intIntegrationID`) = 0 THEN                 SIGNAL SQLSTATE '45000'                  SET MESSAGE_TEXT = 'FK Violation: fkTblWorkflowActivityToTblIntegrationViaIntIntegrationID - Referenced key not found in tblIntegration';             END IF;         END IF;     END
2026-02-11T17:02:04.014676,fkTblWorkflowActivityToTblIntegrationViaIntIntegrationID,trg_fkTblWorkflowActivityToTblIntegrationViaIntIntegrationID_del_parent,PARENT_DELETE_RESTRICT,FAILURE,"Code: 1 | Error: E0211 17:02:04.010959   72125 main.go:60] rpc error: code = Unknown desc = TabletManager.ExecuteFetchAsDba on zone1-3072903978: rpc error: code = Unknown desc = Identifier name 'trg_fkTblWorkflowActivityToTblIntegrationViaIntIntegrationID_del_parent' is too long (errno 1059) (sqlstate 42000) during query: CREATE TRIGGER `trg_fkTblWorkflowActivityToTblIntegrationViaIntIntegrationID_del_parent` BEFORE DELETE ON `tblIntegration`         FOR EACH ROW         BEGIN             IF (SELECT COUNT(*) FROM `tblWorkflowActivity` WHERE `intIntegrationID` = OLD.`id`) > 0 THEN                 SIGNAL SQLSTATE '45000'                  SET MESSAGE_TEXT = 'FK Violation: fkTblWorkflowActivityToTblIntegrationViaIntIntegrationID - Cannot delete, children exist in tblWorkflowActivity';             END IF;         END"
2026-02-11T17:02:04.128478,fkTblWorkflowActivityToTblIntegrationViaIntIntegrationID,trg_fkTblWorkflowActivityToTblIntegrationViaIntIntegrationID_upd_parent,PARENT_UPDATE_RESTRICT,FAILURE,"Code: 1 | Error: E0211 17:02:04.124819   72126 main.go:60] rpc error: code = Unknown desc = TabletManager.ExecuteFetchAsDba on zone1-3072903978: rpc error: code = Unknown desc = Identifier name 'trg_fkTblWorkflowActivityToTblIntegrationViaIntIntegrationID_upd_parent' is too long (errno 1059) (sqlstate 42000) during query: CREATE TRIGGER `trg_fkTblWorkflowActivityToTblIntegrationViaIntIntegrationID_upd_parent` BEFORE UPDATE ON `tblIntegration`     FOR EACH ROW     BEGIN         IF NOT (NEW.`id` <=> OLD.`id`) THEN             IF (SELECT COUNT(*) FROM `tblWorkflowActivity` WHERE `intIntegrationID` = OLD.`id`) > 0 THEN                  SIGNAL SQLSTATE '45000'                   SET MESSAGE_TEXT = 'FK Violation: fkTblWorkflowActivityToTblIntegrationViaIntIntegrationID - Cannot update key, children exist in tblWorkflowActivity';             END IF;         END IF;     END"
2026-02-11T17:02:04.242716,fkTblWorkflowActivityToTblUserViaIntCreatedByUserID,trg_fkTblWorkflowActivityToTblUserViaIntCreatedByUserID_ins_valid,CHILD_INSERT_VALIDATE,FAILURE,Code: 1 | Error: E0211 17:02:04.237955   72127 main.go:60] rpc error: code = Unknown desc = TabletManager.ExecuteFetchAsDba on zone1-3072903978: rpc error: code = Unknown desc = Identifier name 'trg_fkTblWorkflowActivityToTblUserViaIntCreatedByUserID_ins_valid' is too long (errno 1059) (sqlstate 42000) during query: CREATE TRIGGER `trg_fkTblWorkflowActivityToTblUserViaIntCreatedByUserID_ins_valid` BEFORE INSERT ON `tblWorkflowActivity`     FOR EACH ROW     BEGIN         IF (SELECT COUNT(*) FROM `tblUser` WHERE `id` = NEW.`intCreatedByUserID`) = 0 THEN             SIGNAL SQLSTATE '45000'              SET MESSAGE_TEXT = 'FK Violation: fkTblWorkflowActivityToTblUserViaIntCreatedByUserID - Referenced key not found in tblUser';         END IF;     END
2026-02-11T17:02:04.365515,fkTblWorkflowActivityToTblUserViaIntCreatedByUserID,trg_fkTblWorkflowActivityToTblUserViaIntCreatedByUserID_upd_valid,CHILD_UPDATE_VALIDATE,FAILURE,Code: 1 | Error: E0211 17:02:04.361145   72128 main.go:60] rpc error: code = Unknown desc = TabletManager.ExecuteFetchAsDba on zone1-3072903978: rpc error: code = Unknown desc = Identifier name 'trg_fkTblWorkflowActivityToTblUserViaIntCreatedByUserID_upd_valid' is too long (errno 1059) (sqlstate 42000) during query: CREATE TRIGGER `trg_fkTblWorkflowActivityToTblUserViaIntCreatedByUserID_upd_valid` BEFORE UPDATE ON `tblWorkflowActivity`     FOR EACH ROW     BEGIN         IF NOT (NEW.`intCreatedByUserID` <=> OLD.`intCreatedByUserID`) THEN             IF (SELECT COUNT(*) FROM `tblUser` WHERE `id` = NEW.`intCreatedByUserID`) = 0 THEN                 SIGNAL SQLSTATE '45000'                  SET MESSAGE_TEXT = 'FK Violation: fkTblWorkflowActivityToTblUserViaIntCreatedByUserID - Referenced key not found in tblUser';             END IF;         END IF;     END
2026-02-11T17:02:04.479859,fkTblWorkflowActivityToTblUserViaIntCreatedByUserID,trg_fkTblWorkflowActivityToTblUserViaIntCreatedByUserID_del_parent,PARENT_DELETE_RESTRICT,FAILURE,"Code: 1 | Error: E0211 17:02:04.475989   72129 main.go:60] rpc error: code = Unknown desc = TabletManager.ExecuteFetchAsDba on zone1-3072903978: rpc error: code = Unknown desc = Identifier name 'trg_fkTblWorkflowActivityToTblUserViaIntCreatedByUserID_del_parent' is too long (errno 1059) (sqlstate 42000) during query: CREATE TRIGGER `trg_fkTblWorkflowActivityToTblUserViaIntCreatedByUserID_del_parent` BEFORE DELETE ON `tblUser`         FOR EACH ROW         BEGIN             IF (SELECT COUNT(*) FROM `tblWorkflowActivity` WHERE `intCreatedByUserID` = OLD.`id`) > 0 THEN                 SIGNAL SQLSTATE '45000'                  SET MESSAGE_TEXT = 'FK Violation: fkTblWorkflowActivityToTblUserViaIntCreatedByUserID - Cannot delete, children exist in tblWorkflowActivity';             END IF;         END"
2026-02-11T17:02:04.603051,fkTblWorkflowActivityToTblUserViaIntCreatedByUserID,trg_fkTblWorkflowActivityToTblUserViaIntCreatedByUserID_upd_parent,PARENT_UPDATE_RESTRICT,FAILURE,"Code: 1 | Error: E0211 17:02:04.597486   72130 main.go:60] rpc error: code = Unknown desc = TabletManager.ExecuteFetchAsDba on zone1-3072903978: rpc error: code = Unknown desc = Identifier name 'trg_fkTblWorkflowActivityToTblUserViaIntCreatedByUserID_upd_parent' is too long (errno 1059) (sqlstate 42000) during query: CREATE TRIGGER `trg_fkTblWorkflowActivityToTblUserViaIntCreatedByUserID_upd_parent` BEFORE UPDATE ON `tblUser`     FOR EACH ROW     BEGIN         IF NOT (NEW.`id` <=> OLD.`id`) THEN             IF (SELECT COUNT(*) FROM `tblWorkflowActivity` WHERE `intCreatedByUserID` = OLD.`id`) > 0 THEN                  SIGNAL SQLSTATE '45000'                   SET MESSAGE_TEXT = 'FK Violation: fkTblWorkflowActivityToTblUserViaIntCreatedByUserID - Cannot update key, children exist in tblWorkflowActivity';             END IF;         END IF;     END"
2026-02-11T17:02:04.725583,fkTblWorkflowActivityToTblWorkflowActivityViaIntParentWo5804382,trg_fkTblWorkflowActivityToTblWorkflowActivityViaIntParentWo5804382_ins_valid,CHILD_INSERT_VALIDATE,FAILURE,Code: 1 | Error: E0211 17:02:04.720440   72131 main.go:60] rpc error: code = Unknown desc = TabletManager.ExecuteFetchAsDba on zone1-3072903978: rpc error: code = Unknown desc = Identifier name 'trg_fkTblWorkflowActivityToTblWorkflowActivityViaIntParentWo5804382_ins_valid' is too long (errno 1059) (sqlstate 42000) during query: CREATE TRIGGER `trg_fkTblWorkflowActivityToTblWorkflowActivityViaIntParentWo5804382_ins_valid` BEFORE INSERT ON `tblWorkflowActivity`     FOR EACH ROW     BEGIN         IF (SELECT COUNT(*) FROM `tblWorkflowActivity` WHERE `id` = NEW.`intParentWorkflowActivityID`) = 0 THEN             SIGNAL SQLSTATE '45000'              SET MESSAGE_TEXT = 'FK Violation: fkTblWorkflowActivityToTblWorkflowActivityViaIntParentWo5804382 - Referenced key not found in tblWorkflowActivity';         END IF;     END
2026-02-11T17:02:04.839445,fkTblWorkflowActivityToTblWorkflowActivityViaIntParentWo5804382,trg_fkTblWorkflowActivityToTblWorkflowActivityViaIntParentWo5804382_upd_valid,CHILD_UPDATE_VALIDATE,FAILURE,Code: 1 | Error: E0211 17:02:04.834324   72132 main.go:60] rpc error: code = Unknown desc = TabletManager.ExecuteFetchAsDba on zone1-3072903978: rpc error: code = Unknown desc = Identifier name 'trg_fkTblWorkflowActivityToTblWorkflowActivityViaIntParentWo5804382_upd_valid' is too long (errno 1059) (sqlstate 42000) during query: CREATE TRIGGER `trg_fkTblWorkflowActivityToTblWorkflowActivityViaIntParentWo5804382_upd_valid` BEFORE UPDATE ON `tblWorkflowActivity`     FOR EACH ROW     BEGIN         IF NOT (NEW.`intParentWorkflowActivityID` <=> OLD.`intParentWorkflowActivityID`) THEN             IF (SELECT COUNT(*) FROM `tblWorkflowActivity` WHERE `id` = NEW.`intParentWorkflowActivityID`) = 0 THEN                 SIGNAL SQLSTATE '45000'                  SET MESSAGE_TEXT = 'FK Violation: fkTblWorkflowActivityToTblWorkflowActivityViaIntParentWo5804382 - Referenced key not found in tblWorkflowActivity';             END IF;         END IF;     END
2026-02-11T17:02:04.955966,fkTblWorkflowActivityToTblWorkflowActivityViaIntParentWo5804382,trg_fkTblWorkflowActivityToTblWorkflowActivityViaIntParentWo5804382_del_parent,PARENT_DELETE_RESTRICT,FAILURE,"Code: 1 | Error: E0211 17:02:04.951828   72133 main.go:60] rpc error: code = Unknown desc = TabletManager.ExecuteFetchAsDba on zone1-3072903978: rpc error: code = Unknown desc = Identifier name 'trg_fkTblWorkflowActivityToTblWorkflowActivityViaIntParentWo5804382_del_parent' is too long (errno 1059) (sqlstate 42000) during query: CREATE TRIGGER `trg_fkTblWorkflowActivityToTblWorkflowActivityViaIntParentWo5804382_del_parent` BEFORE DELETE ON `tblWorkflowActivity`         FOR EACH ROW         BEGIN             IF (SELECT COUNT(*) FROM `tblWorkflowActivity` WHERE `intParentWorkflowActivityID` = OLD.`id`) > 0 THEN                 SIGNAL SQLSTATE '45000'                  SET MESSAGE_TEXT = 'FK Violation: fkTblWorkflowActivityToTblWorkflowActivityViaIntParentWo5804382 - Cannot delete, children exist in tblWorkflowActivity';             END IF;         END"
2026-02-11T17:02:05.075342,fkTblWorkflowActivityToTblWorkflowActivityViaIntParentWo5804382,trg_fkTblWorkflowActivityToTblWorkflowActivityViaIntParentWo5804382_upd_parent,PARENT_UPDATE_RESTRICT,FAILURE,"Code: 1 | Error: E0211 17:02:05.070855   72134 main.go:60] rpc error: code = Unknown desc = TabletManager.ExecuteFetchAsDba on zone1-3072903978: rpc error: code = Unknown desc = Identifier name 'trg_fkTblWorkflowActivityToTblWorkflowActivityViaIntParentWo5804382_upd_parent' is too long (errno 1059) (sqlstate 42000) during query: CREATE TRIGGER `trg_fkTblWorkflowActivityToTblWorkflowActivityViaIntParentWo5804382_upd_parent` BEFORE UPDATE ON `tblWorkflowActivity`     FOR EACH ROW     BEGIN         IF NOT (NEW.`id` <=> OLD.`id`) THEN             IF (SELECT COUNT(*) FROM `tblWorkflowActivity` WHERE `intParentWorkflowActivityID` = OLD.`id`) > 0 THEN                  SIGNAL SQLSTATE '45000'                   SET MESSAGE_TEXT = 'FK Violation: fkTblWorkflowActivityToTblWorkflowActivityViaIntParentWo5804382 - Cannot update key, children exist in tblWorkflowActivity';             END IF;         END IF;     END"
2026-02-11T17:02:05.193544,fkTblWorkflowActivityToTblWorkflowViaIntParentWorkflowID,trg_fkTblWorkflowActivityToTblWorkflowViaIntParentWorkflowID_ins_valid,CHILD_INSERT_VALIDATE,FAILURE,Code: 1 | Error: E0211 17:02:05.188921   72135 main.go:60] rpc error: code = Unknown desc = TabletManager.ExecuteFetchAsDba on zone1-3072903978: rpc error: code = Unknown desc = Identifier name 'trg_fkTblWorkflowActivityToTblWorkflowViaIntParentWorkflowID_ins_valid' is too long (errno 1059) (sqlstate 42000) during query: CREATE TRIGGER `trg_fkTblWorkflowActivityToTblWorkflowViaIntParentWorkflowID_ins_valid` BEFORE INSERT ON `tblWorkflowActivity`     FOR EACH ROW     BEGIN         IF (SELECT COUNT(*) FROM `tblWorkflow` WHERE `id` = NEW.`intParentWorkflowID`) = 0 THEN             SIGNAL SQLSTATE '45000'              SET MESSAGE_TEXT = 'FK Violation: fkTblWorkflowActivityToTblWorkflowViaIntParentWorkflowID - Referenced key not found in tblWorkflow';         END IF;     END
2026-02-11T17:02:05.306544,fkTblWorkflowActivityToTblWorkflowViaIntParentWorkflowID,trg_fkTblWorkflowActivityToTblWorkflowViaIntParentWorkflowID_upd_valid,CHILD_UPDATE_VALIDATE,FAILURE,Code: 1 | Error: E0211 17:02:05.301377   72136 main.go:60] rpc error: code = Unknown desc = TabletManager.ExecuteFetchAsDba on zone1-3072903978: rpc error: code = Unknown desc = Identifier name 'trg_fkTblWorkflowActivityToTblWorkflowViaIntParentWorkflowID_upd_valid' is too long (errno 1059) (sqlstate 42000) during query: CREATE TRIGGER `trg_fkTblWorkflowActivityToTblWorkflowViaIntParentWorkflowID_upd_valid` BEFORE UPDATE ON `tblWorkflowActivity`     FOR EACH ROW     BEGIN         IF NOT (NEW.`intParentWorkflowID` <=> OLD.`intParentWorkflowID`) THEN             IF (SELECT COUNT(*) FROM `tblWorkflow` WHERE `id` = NEW.`intParentWorkflowID`) = 0 THEN                 SIGNAL SQLSTATE '45000'                  SET MESSAGE_TEXT = 'FK Violation: fkTblWorkflowActivityToTblWorkflowViaIntParentWorkflowID - Referenced key not found in tblWorkflow';             END IF;         END IF;     END
2026-02-11T17:02:05.427246,fkTblWorkflowActivityToTblWorkflowViaIntParentWorkflowID,trg_fkTblWorkflowActivityToTblWorkflowViaIntParentWorkflowID_del_parent,PARENT_DELETE_RESTRICT,FAILURE,"Code: 1 | Error: E0211 17:02:05.423216   72137 main.go:60] rpc error: code = Unknown desc = TabletManager.ExecuteFetchAsDba on zone1-3072903978: rpc error: code = Unknown desc = Identifier name 'trg_fkTblWorkflowActivityToTblWorkflowViaIntParentWorkflowID_del_parent' is too long (errno 1059) (sqlstate 42000) during query: CREATE TRIGGER `trg_fkTblWorkflowActivityToTblWorkflowViaIntParentWorkflowID_del_parent` BEFORE DELETE ON `tblWorkflow`         FOR EACH ROW         BEGIN             IF (SELECT COUNT(*) FROM `tblWorkflowActivity` WHERE `intParentWorkflowID` = OLD.`id`) > 0 THEN                 SIGNAL SQLSTATE '45000'                  SET MESSAGE_TEXT = 'FK Violation: fkTblWorkflowActivityToTblWorkflowViaIntParentWorkflowID - Cannot delete, children exist in tblWorkflowActivity';             END IF;         END"
2026-02-11T17:02:05.550609,fkTblWorkflowActivityToTblWorkflowViaIntParentWorkflowID,trg_fkTblWorkflowActivityToTblWorkflowViaIntParentWorkflowID_upd_parent,PARENT_UPDATE_RESTRICT,FAILURE,"Code: 1 | Error: E0211 17:02:05.544878   72138 main.go:60] rpc error: code = Unknown desc = TabletManager.ExecuteFetchAsDba on zone1-3072903978: rpc error: code = Unknown desc = Identifier name 'trg_fkTblWorkflowActivityToTblWorkflowViaIntParentWorkflowID_upd_parent' is too long (errno 1059) (sqlstate 42000) during query: CREATE TRIGGER `trg_fkTblWorkflowActivityToTblWorkflowViaIntParentWorkflowID_upd_parent` BEFORE UPDATE ON `tblWorkflow`     FOR EACH ROW     BEGIN         IF NOT (NEW.`id` <=> OLD.`id`) THEN             IF (SELECT COUNT(*) FROM `tblWorkflowActivity` WHERE `intParentWorkflowID` = OLD.`id`) > 0 THEN                  SIGNAL SQLSTATE '45000'                   SET MESSAGE_TEXT = 'FK Violation: fkTblWorkflowActivityToTblWorkflowViaIntParentWorkflowID - Cannot update key, children exist in tblWorkflowActivity';             END IF;         END IF;     END"
2026-02-11T17:02:05.666347,fkTblWorkflowCommentToTblPurchaseOrderLogViaIntPkPoLogId,trg_fkTblWorkflowCommentToTblPurchaseOrderLogViaIntPkPoLogId_ins_valid,CHILD_INSERT_VALIDATE,FAILURE,Code: 1 | Error: E0211 17:02:05.662144   72139 main.go:60] rpc error: code = Unknown desc = TabletManager.ExecuteFetchAsDba on zone1-3072903978: rpc error: code = Unknown desc = Identifier name 'trg_fkTblWorkflowCommentToTblPurchaseOrderLogViaIntPkPoLogId_ins_valid' is too long (errno 1059) (sqlstate 42000) during query: CREATE TRIGGER `trg_fkTblWorkflowCommentToTblPurchaseOrderLogViaIntPkPoLogId_ins_valid` BEFORE INSERT ON `tblWorkflowComment`     FOR EACH ROW     BEGIN         IF (SELECT COUNT(*) FROM `tblPurchaseOrderLog` WHERE `id` = NEW.`intPkPoLogId`) = 0 THEN             SIGNAL SQLSTATE '45000'              SET MESSAGE_TEXT = 'FK Violation: fkTblWorkflowCommentToTblPurchaseOrderLogViaIntPkPoLogId - Referenced key not found in tblPurchaseOrderLog';         END IF;     END
2026-02-11T17:02:05.814072,fkTblWorkflowCommentToTblPurchaseOrderLogViaIntPkPoLogId,trg_fkTblWorkflowCommentToTblPurchaseOrderLogViaIntPkPoLogId_upd_valid,CHILD_UPDATE_VALIDATE,FAILURE,Code: 1 | Error: E0211 17:02:05.811112   72140 main.go:60] rpc error: code = Unknown desc = TabletManager.ExecuteFetchAsDba on zone1-3072903978: rpc error: code = Unknown desc = Identifier name 'trg_fkTblWorkflowCommentToTblPurchaseOrderLogViaIntPkPoLogId_upd_valid' is too long (errno 1059) (sqlstate 42000) during query: CREATE TRIGGER `trg_fkTblWorkflowCommentToTblPurchaseOrderLogViaIntPkPoLogId_upd_valid` BEFORE UPDATE ON `tblWorkflowComment`     FOR EACH ROW     BEGIN         IF NOT (NEW.`intPkPoLogId` <=> OLD.`intPkPoLogId`) THEN             IF (SELECT COUNT(*) FROM `tblPurchaseOrderLog` WHERE `id` = NEW.`intPkPoLogId`) = 0 THEN                 SIGNAL SQLSTATE '45000'                  SET MESSAGE_TEXT = 'FK Violation: fkTblWorkflowCommentToTblPurchaseOrderLogViaIntPkPoLogId - Referenced key not found in tblPurchaseOrderLog';             END IF;         END IF;     END
2026-02-11T17:02:05.925814,fkTblWorkflowCommentToTblPurchaseOrderLogViaIntPkPoLogId,trg_fkTblWorkflowCommentToTblPurchaseOrderLogViaIntPkPoLogId_del_parent,PARENT_DELETE_RESTRICT,FAILURE,"Code: 1 | Error: E0211 17:02:05.921640   72141 main.go:60] rpc error: code = Unknown desc = TabletManager.ExecuteFetchAsDba on zone1-3072903978: rpc error: code = Unknown desc = Identifier name 'trg_fkTblWorkflowCommentToTblPurchaseOrderLogViaIntPkPoLogId_del_parent' is too long (errno 1059) (sqlstate 42000) during query: CREATE TRIGGER `trg_fkTblWorkflowCommentToTblPurchaseOrderLogViaIntPkPoLogId_del_parent` BEFORE DELETE ON `tblPurchaseOrderLog`         FOR EACH ROW         BEGIN             IF (SELECT COUNT(*) FROM `tblWorkflowComment` WHERE `intPkPoLogId` = OLD.`id`) > 0 THEN                 SIGNAL SQLSTATE '45000'                  SET MESSAGE_TEXT = 'FK Violation: fkTblWorkflowCommentToTblPurchaseOrderLogViaIntPkPoLogId - Cannot delete, children exist in tblWorkflowComment';             END IF;         END"
2026-02-11T17:02:06.034162,fkTblWorkflowCommentToTblPurchaseOrderLogViaIntPkPoLogId,trg_fkTblWorkflowCommentToTblPurchaseOrderLogViaIntPkPoLogId_upd_parent,PARENT_UPDATE_RESTRICT,FAILURE,"Code: 1 | Error: E0211 17:02:06.030690   72142 main.go:60] rpc error: code = Unknown desc = TabletManager.ExecuteFetchAsDba on zone1-3072903978: rpc error: code = Unknown desc = Identifier name 'trg_fkTblWorkflowCommentToTblPurchaseOrderLogViaIntPkPoLogId_upd_parent' is too long (errno 1059) (sqlstate 42000) during query: CREATE TRIGGER `trg_fkTblWorkflowCommentToTblPurchaseOrderLogViaIntPkPoLogId_upd_parent` BEFORE UPDATE ON `tblPurchaseOrderLog`     FOR EACH ROW     BEGIN         IF NOT (NEW.`id` <=> OLD.`id`) THEN             IF (SELECT COUNT(*) FROM `tblWorkflowComment` WHERE `intPkPoLogId` = OLD.`id`) > 0 THEN                  SIGNAL SQLSTATE '45000'                   SET MESSAGE_TEXT = 'FK Violation: fkTblWorkflowCommentToTblPurchaseOrderLogViaIntPkPoLogId - Cannot update key, children exist in tblWorkflowComment';             END IF;         END IF;     END"
2026-02-11T17:02:06.143667,fkTblWorkflowCommentToTblPurchaseOrderViaIntPkPurchaseOrderId,trg_fkTblWorkflowCommentToTblPurchaseOrderViaIntPkPurchaseOrderId_ins_valid,CHILD_INSERT_VALIDATE,FAILURE,Code: 1 | Error: E0211 17:02:06.138505   72143 main.go:60] rpc error: code = Unknown desc = TabletManager.ExecuteFetchAsDba on zone1-3072903978: rpc error: code = Unknown desc = Identifier name 'trg_fkTblWorkflowCommentToTblPurchaseOrderViaIntPkPurchaseOrderId_ins_valid' is too long (errno 1059) (sqlstate 42000) during query: CREATE TRIGGER `trg_fkTblWorkflowCommentToTblPurchaseOrderViaIntPkPurchaseOrderId_ins_valid` BEFORE INSERT ON `tblWorkflowComment`     FOR EACH ROW     BEGIN         IF (SELECT COUNT(*) FROM `tblPurchaseOrder` WHERE `id` = NEW.`intPkPurchaseOrderId`) = 0 THEN             SIGNAL SQLSTATE '45000'              SET MESSAGE_TEXT = 'FK Violation: fkTblWorkflowCommentToTblPurchaseOrderViaIntPkPurchaseOrderId - Referenced key not found in tblPurchaseOrder';         END IF;     END
2026-02-11T17:02:06.255702,fkTblWorkflowCommentToTblPurchaseOrderViaIntPkPurchaseOrderId,trg_fkTblWorkflowCommentToTblPurchaseOrderViaIntPkPurchaseOrderId_upd_valid,CHILD_UPDATE_VALIDATE,FAILURE,Code: 1 | Error: E0211 17:02:06.250945   72144 main.go:60] rpc error: code = Unknown desc = TabletManager.ExecuteFetchAsDba on zone1-3072903978: rpc error: code = Unknown desc = Identifier name 'trg_fkTblWorkflowCommentToTblPurchaseOrderViaIntPkPurchaseOrderId_upd_valid' is too long (errno 1059) (sqlstate 42000) during query: CREATE TRIGGER `trg_fkTblWorkflowCommentToTblPurchaseOrderViaIntPkPurchaseOrderId_upd_valid` BEFORE UPDATE ON `tblWorkflowComment`     FOR EACH ROW     BEGIN         IF NOT (NEW.`intPkPurchaseOrderId` <=> OLD.`intPkPurchaseOrderId`) THEN             IF (SELECT COUNT(*) FROM `tblPurchaseOrder` WHERE `id` = NEW.`intPkPurchaseOrderId`) = 0 THEN                 SIGNAL SQLSTATE '45000'                  SET MESSAGE_TEXT = 'FK Violation: fkTblWorkflowCommentToTblPurchaseOrderViaIntPkPurchaseOrderId - Referenced key not found in tblPurchaseOrder';             END IF;         END IF;     END
2026-02-11T17:02:06.366944,fkTblWorkflowCommentToTblPurchaseOrderViaIntPkPurchaseOrderId,trg_fkTblWorkflowCommentToTblPurchaseOrderViaIntPkPurchaseOrderId_del_parent,PARENT_DELETE_RESTRICT,FAILURE,"Code: 1 | Error: E0211 17:02:06.363300   72145 main.go:60] rpc error: code = Unknown desc = TabletManager.ExecuteFetchAsDba on zone1-3072903978: rpc error: code = Unknown desc = Identifier name 'trg_fkTblWorkflowCommentToTblPurchaseOrderViaIntPkPurchaseOrderId_del_parent' is too long (errno 1059) (sqlstate 42000) during query: CREATE TRIGGER `trg_fkTblWorkflowCommentToTblPurchaseOrderViaIntPkPurchaseOrderId_del_parent` BEFORE DELETE ON `tblPurchaseOrder`         FOR EACH ROW         BEGIN             IF (SELECT COUNT(*) FROM `tblWorkflowComment` WHERE `intPkPurchaseOrderId` = OLD.`id`) > 0 THEN                 SIGNAL SQLSTATE '45000'                  SET MESSAGE_TEXT = 'FK Violation: fkTblWorkflowCommentToTblPurchaseOrderViaIntPkPurchaseOrderId - Cannot delete, children exist in tblWorkflowComment';             END IF;         END"
2026-02-11T17:02:06.475479,fkTblWorkflowCommentToTblPurchaseOrderViaIntPkPurchaseOrderId,trg_fkTblWorkflowCommentToTblPurchaseOrderViaIntPkPurchaseOrderId_upd_parent,PARENT_UPDATE_RESTRICT,FAILURE,"Code: 1 | Error: E0211 17:02:06.471816   72146 main.go:60] rpc error: code = Unknown desc = TabletManager.ExecuteFetchAsDba on zone1-3072903978: rpc error: code = Unknown desc = Identifier name 'trg_fkTblWorkflowCommentToTblPurchaseOrderViaIntPkPurchaseOrderId_upd_parent' is too long (errno 1059) (sqlstate 42000) during query: CREATE TRIGGER `trg_fkTblWorkflowCommentToTblPurchaseOrderViaIntPkPurchaseOrderId_upd_parent` BEFORE UPDATE ON `tblPurchaseOrder`     FOR EACH ROW     BEGIN         IF NOT (NEW.`id` <=> OLD.`id`) THEN             IF (SELECT COUNT(*) FROM `tblWorkflowComment` WHERE `intPkPurchaseOrderId` = OLD.`id`) > 0 THEN                  SIGNAL SQLSTATE '45000'                   SET MESSAGE_TEXT = 'FK Violation: fkTblWorkflowCommentToTblPurchaseOrderViaIntPkPurchaseOrderId - Cannot update key, children exist in tblWorkflowComment';             END IF;         END IF;     END"
2026-02-11T17:02:06.597916,fkTblWorkflowCommentToTblUserViaIntCommentedByUser,trg_fkTblWorkflowCommentToTblUserViaIntCommentedByUser_ins_valid,CHILD_INSERT_VALIDATE,SUCCESS,Success
2026-02-11T17:02:06.716810,fkTblWorkflowCommentToTblUserViaIntCommentedByUser,trg_fkTblWorkflowCommentToTblUserViaIntCommentedByUser_upd_valid,CHILD_UPDATE_VALIDATE,SUCCESS,Success
2026-02-11T17:02:06.833581,fkTblWorkflowCommentToTblUserViaIntCommentedByUser,trg_fkTblWorkflowCommentToTblUserViaIntCommentedByUser_del_parent,PARENT_DELETE_RESTRICT,FAILURE,"Code: 1 | Error: E0211 17:02:06.829934   72149 main.go:60] rpc error: code = Unknown desc = TabletManager.ExecuteFetchAsDba on zone1-3072903978: rpc error: code = Unknown desc = Identifier name 'trg_fkTblWorkflowCommentToTblUserViaIntCommentedByUser_del_parent' is too long (errno 1059) (sqlstate 42000) during query: CREATE TRIGGER `trg_fkTblWorkflowCommentToTblUserViaIntCommentedByUser_del_parent` BEFORE DELETE ON `tblUser`         FOR EACH ROW         BEGIN             IF (SELECT COUNT(*) FROM `tblWorkflowComment` WHERE `intCommentedByUser` = OLD.`id`) > 0 THEN                 SIGNAL SQLSTATE '45000'                  SET MESSAGE_TEXT = 'FK Violation: fkTblWorkflowCommentToTblUserViaIntCommentedByUser - Cannot delete, children exist in tblWorkflowComment';             END IF;         END"
2026-02-11T17:02:06.943358,fkTblWorkflowCommentToTblUserViaIntCommentedByUser,trg_fkTblWorkflowCommentToTblUserViaIntCommentedByUser_upd_parent,PARENT_UPDATE_RESTRICT,FAILURE,"Code: 1 | Error: E0211 17:02:06.939429   72150 main.go:60] rpc error: code = Unknown desc = TabletManager.ExecuteFetchAsDba on zone1-3072903978: rpc error: code = Unknown desc = Identifier name 'trg_fkTblWorkflowCommentToTblUserViaIntCommentedByUser_upd_parent' is too long (errno 1059) (sqlstate 42000) during query: CREATE TRIGGER `trg_fkTblWorkflowCommentToTblUserViaIntCommentedByUser_upd_parent` BEFORE UPDATE ON `tblUser`     FOR EACH ROW     BEGIN         IF NOT (NEW.`id` <=> OLD.`id`) THEN             IF (SELECT COUNT(*) FROM `tblWorkflowComment` WHERE `intCommentedByUser` = OLD.`id`) > 0 THEN                  SIGNAL SQLSTATE '45000'                   SET MESSAGE_TEXT = 'FK Violation: fkTblWorkflowCommentToTblUserViaIntCommentedByUser - Cannot update key, children exist in tblWorkflowComment';             END IF;         END IF;     END"
2026-02-11T17:02:07.058989,fkTblWorkflowExecutionToTblWorkflowViaIntWorkflowID,trg_fkTblWorkflowExecutionToTblWorkflowViaIntWorkflowID_ins_valid,CHILD_INSERT_VALIDATE,FAILURE,Code: 1 | Error: E0211 17:02:07.055004   72151 main.go:60] rpc error: code = Unknown desc = TabletManager.ExecuteFetchAsDba on zone1-3072903978: rpc error: code = Unknown desc = Identifier name 'trg_fkTblWorkflowExecutionToTblWorkflowViaIntWorkflowID_ins_valid' is too long (errno 1059) (sqlstate 42000) during query: CREATE TRIGGER `trg_fkTblWorkflowExecutionToTblWorkflowViaIntWorkflowID_ins_valid` BEFORE INSERT ON `tblWorkflowExecution`     FOR EACH ROW     BEGIN         IF (SELECT COUNT(*) FROM `tblWorkflow` WHERE `id` = NEW.`intWorkflowID`) = 0 THEN             SIGNAL SQLSTATE '45000'              SET MESSAGE_TEXT = 'FK Violation: fkTblWorkflowExecutionToTblWorkflowViaIntWorkflowID - Referenced key not found in tblWorkflow';         END IF;     END
2026-02-11T17:02:07.173859,fkTblWorkflowExecutionToTblWorkflowViaIntWorkflowID,trg_fkTblWorkflowExecutionToTblWorkflowViaIntWorkflowID_upd_valid,CHILD_UPDATE_VALIDATE,FAILURE,Code: 1 | Error: E0211 17:02:07.169028   72152 main.go:60] rpc error: code = Unknown desc = TabletManager.ExecuteFetchAsDba on zone1-3072903978: rpc error: code = Unknown desc = Identifier name 'trg_fkTblWorkflowExecutionToTblWorkflowViaIntWorkflowID_upd_valid' is too long (errno 1059) (sqlstate 42000) during query: CREATE TRIGGER `trg_fkTblWorkflowExecutionToTblWorkflowViaIntWorkflowID_upd_valid` BEFORE UPDATE ON `tblWorkflowExecution`     FOR EACH ROW     BEGIN         IF NOT (NEW.`intWorkflowID` <=> OLD.`intWorkflowID`) THEN             IF (SELECT COUNT(*) FROM `tblWorkflow` WHERE `id` = NEW.`intWorkflowID`) = 0 THEN                 SIGNAL SQLSTATE '45000'                  SET MESSAGE_TEXT = 'FK Violation: fkTblWorkflowExecutionToTblWorkflowViaIntWorkflowID - Referenced key not found in tblWorkflow';             END IF;         END IF;     END
2026-02-11T17:02:07.325271,fkTblWorkflowExecutionToTblWorkflowViaIntWorkflowID,trg_fkTblWorkflowExecutionToTblWorkflowViaIntWorkflowID_del_parent,PARENT_DELETE_RESTRICT,FAILURE,"Code: 1 | Error: E0211 17:02:07.321069   72153 main.go:60] rpc error: code = Unknown desc = TabletManager.ExecuteFetchAsDba on zone1-3072903978: rpc error: code = Unknown desc = Identifier name 'trg_fkTblWorkflowExecutionToTblWorkflowViaIntWorkflowID_del_parent' is too long (errno 1059) (sqlstate 42000) during query: CREATE TRIGGER `trg_fkTblWorkflowExecutionToTblWorkflowViaIntWorkflowID_del_parent` BEFORE DELETE ON `tblWorkflow`         FOR EACH ROW         BEGIN             IF (SELECT COUNT(*) FROM `tblWorkflowExecution` WHERE `intWorkflowID` = OLD.`id`) > 0 THEN                 SIGNAL SQLSTATE '45000'                  SET MESSAGE_TEXT = 'FK Violation: fkTblWorkflowExecutionToTblWorkflowViaIntWorkflowID - Cannot delete, children exist in tblWorkflowExecution';             END IF;         END"
2026-02-11T17:02:07.445818,fkTblWorkflowExecutionToTblWorkflowViaIntWorkflowID,trg_fkTblWorkflowExecutionToTblWorkflowViaIntWorkflowID_upd_parent,PARENT_UPDATE_RESTRICT,FAILURE,"Code: 1 | Error: E0211 17:02:07.441986   72154 main.go:60] rpc error: code = Unknown desc = TabletManager.ExecuteFetchAsDba on zone1-3072903978: rpc error: code = Unknown desc = Identifier name 'trg_fkTblWorkflowExecutionToTblWorkflowViaIntWorkflowID_upd_parent' is too long (errno 1059) (sqlstate 42000) during query: CREATE TRIGGER `trg_fkTblWorkflowExecutionToTblWorkflowViaIntWorkflowID_upd_parent` BEFORE UPDATE ON `tblWorkflow`     FOR EACH ROW     BEGIN         IF NOT (NEW.`id` <=> OLD.`id`) THEN             IF (SELECT COUNT(*) FROM `tblWorkflowExecution` WHERE `intWorkflowID` = OLD.`id`) > 0 THEN                  SIGNAL SQLSTATE '45000'                   SET MESSAGE_TEXT = 'FK Violation: fkTblWorkflowExecutionToTblWorkflowViaIntWorkflowID - Cannot update key, children exist in tblWorkflowExecution';             END IF;         END IF;     END"
2026-02-11T17:02:07.562263,fkTblWorkOrderToTblAccountViaIntAccountID,trg_fkTblWorkOrderToTblAccountViaIntAccountID_ins_valid,CHILD_INSERT_VALIDATE,SUCCESS,Success
2026-02-11T17:02:07.719249,fkTblWorkOrderToTblAccountViaIntAccountID,trg_fkTblWorkOrderToTblAccountViaIntAccountID_upd_valid,CHILD_UPDATE_VALIDATE,SUCCESS,Success
2026-02-11T17:02:07.829609,fkTblWorkOrderToTblAccountViaIntAccountID,trg_fkTblWorkOrderToTblAccountViaIntAccountID_del_parent,PARENT_DELETE_RESTRICT,SUCCESS,Success
2026-02-11T17:02:07.943415,fkTblWorkOrderToTblAccountViaIntAccountID,trg_fkTblWorkOrderToTblAccountViaIntAccountID_upd_parent,PARENT_UPDATE_RESTRICT,SUCCESS,Success
2026-02-11T17:02:08.113760,fkTblWorkOrderToTblAssetViaIntSiteID,trg_fkTblWorkOrderToTblAssetViaIntSiteID_ins_valid,CHILD_INSERT_VALIDATE,SUCCESS,Success
2026-02-11T17:02:08.234691,fkTblWorkOrderToTblAssetViaIntSiteID,trg_fkTblWorkOrderToTblAssetViaIntSiteID_upd_valid,CHILD_UPDATE_VALIDATE,SUCCESS,Success
2026-02-11T17:02:08.357143,fkTblWorkOrderToTblAssetViaIntSiteID,trg_fkTblWorkOrderToTblAssetViaIntSiteID_del_parent,PARENT_DELETE_RESTRICT,SUCCESS,Success
2026-02-11T17:02:08.477641,fkTblWorkOrderToTblAssetViaIntSiteID,trg_fkTblWorkOrderToTblAssetViaIntSiteID_upd_parent,PARENT_UPDATE_RESTRICT,SUCCESS,Success
2026-02-11T17:02:08.632054,fkTblWorkOrderToTblChargeDepartmentViaIntChargeDepartmentID,trg_fkTblWorkOrderToTblChargeDepartmentViaIntChargeDepartmentID_ins_valid,CHILD_INSERT_VALIDATE,FAILURE,Code: 1 | Error: E0211 17:02:08.629125   72292 main.go:60] rpc error: code = Unknown desc = TabletManager.ExecuteFetchAsDba on zone1-3072903978: rpc error: code = Unknown desc = Identifier name 'trg_fkTblWorkOrderToTblChargeDepartmentViaIntChargeDepartmentID_ins_valid' is too long (errno 1059) (sqlstate 42000) during query: CREATE TRIGGER `trg_fkTblWorkOrderToTblChargeDepartmentViaIntChargeDepartmentID_ins_valid` BEFORE INSERT ON `tblWorkOrder`     FOR EACH ROW     BEGIN         IF (SELECT COUNT(*) FROM `tblChargeDepartment` WHERE `id` = NEW.`intChargeDepartmentID`) = 0 THEN             SIGNAL SQLSTATE '45000'              SET MESSAGE_TEXT = 'FK Violation: fkTblWorkOrderToTblChargeDepartmentViaIntChargeDepartmentID - Referenced key not found in tblChargeDepartment';         END IF;     END
2026-02-11T17:02:08.739987,fkTblWorkOrderToTblChargeDepartmentViaIntChargeDepartmentID,trg_fkTblWorkOrderToTblChargeDepartmentViaIntChargeDepartmentID_upd_valid,CHILD_UPDATE_VALIDATE,FAILURE,Code: 1 | Error: E0211 17:02:08.736130   72295 main.go:60] rpc error: code = Unknown desc = TabletManager.ExecuteFetchAsDba on zone1-3072903978: rpc error: code = Unknown desc = Identifier name 'trg_fkTblWorkOrderToTblChargeDepartmentViaIntChargeDepartmentID_upd_valid' is too long (errno 1059) (sqlstate 42000) during query: CREATE TRIGGER `trg_fkTblWorkOrderToTblChargeDepartmentViaIntChargeDepartmentID_upd_valid` BEFORE UPDATE ON `tblWorkOrder`     FOR EACH ROW     BEGIN         IF NOT (NEW.`intChargeDepartmentID` <=> OLD.`intChargeDepartmentID`) THEN             IF (SELECT COUNT(*) FROM `tblChargeDepartment` WHERE `id` = NEW.`intChargeDepartmentID`) = 0 THEN                 SIGNAL SQLSTATE '45000'                  SET MESSAGE_TEXT = 'FK Violation: fkTblWorkOrderToTblChargeDepartmentViaIntChargeDepartmentID - Referenced key not found in tblChargeDepartment';             END IF;         END IF;     END
2026-02-11T17:02:08.848736,fkTblWorkOrderToTblChargeDepartmentViaIntChargeDepartmentID,trg_fkTblWorkOrderToTblChargeDepartmentViaIntChargeDepartmentID_del_parent,PARENT_DELETE_RESTRICT,FAILURE,"Code: 1 | Error: E0211 17:02:08.844864   72296 main.go:60] rpc error: code = Unknown desc = TabletManager.ExecuteFetchAsDba on zone1-3072903978: rpc error: code = Unknown desc = Identifier name 'trg_fkTblWorkOrderToTblChargeDepartmentViaIntChargeDepartmentID_del_parent' is too long (errno 1059) (sqlstate 42000) during query: CREATE TRIGGER `trg_fkTblWorkOrderToTblChargeDepartmentViaIntChargeDepartmentID_del_parent` BEFORE DELETE ON `tblChargeDepartment`         FOR EACH ROW         BEGIN             IF (SELECT COUNT(*) FROM `tblWorkOrder` WHERE `intChargeDepartmentID` = OLD.`id`) > 0 THEN                 SIGNAL SQLSTATE '45000'                  SET MESSAGE_TEXT = 'FK Violation: fkTblWorkOrderToTblChargeDepartmentViaIntChargeDepartmentID - Cannot delete, children exist in tblWorkOrder';             END IF;         END"
2026-02-11T17:02:08.965696,fkTblWorkOrderToTblChargeDepartmentViaIntChargeDepartmentID,trg_fkTblWorkOrderToTblChargeDepartmentViaIntChargeDepartmentID_upd_parent,PARENT_UPDATE_RESTRICT,FAILURE,"Code: 1 | Error: E0211 17:02:08.961979   72297 main.go:60] rpc error: code = Unknown desc = TabletManager.ExecuteFetchAsDba on zone1-3072903978: rpc error: code = Unknown desc = Identifier name 'trg_fkTblWorkOrderToTblChargeDepartmentViaIntChargeDepartmentID_upd_parent' is too long (errno 1059) (sqlstate 42000) during query: CREATE TRIGGER `trg_fkTblWorkOrderToTblChargeDepartmentViaIntChargeDepartmentID_upd_parent` BEFORE UPDATE ON `tblChargeDepartment`     FOR EACH ROW     BEGIN         IF NOT (NEW.`id` <=> OLD.`id`) THEN             IF (SELECT COUNT(*) FROM `tblWorkOrder` WHERE `intChargeDepartmentID` = OLD.`id`) > 0 THEN                  SIGNAL SQLSTATE '45000'                   SET MESSAGE_TEXT = 'FK Violation: fkTblWorkOrderToTblChargeDepartmentViaIntChargeDepartmentID - Cannot update key, children exist in tblWorkOrder';             END IF;         END IF;     END"
2026-02-11T17:02:09.092802,fkTblWorkOrderToTblProjectViaIntProjectID,trg_fkTblWorkOrderToTblProjectViaIntProjectID_ins_valid,CHILD_INSERT_VALIDATE,SUCCESS,Success
2026-02-11T17:02:09.227051,fkTblWorkOrderToTblProjectViaIntProjectID,trg_fkTblWorkOrderToTblProjectViaIntProjectID_upd_valid,CHILD_UPDATE_VALIDATE,SUCCESS,Success
2026-02-11T17:02:09.356705,fkTblWorkOrderToTblProjectViaIntProjectID,trg_fkTblWorkOrderToTblProjectViaIntProjectID_del_parent,PARENT_DELETE_RESTRICT,SUCCESS,Success
2026-02-11T17:02:09.514422,fkTblWorkOrderToTblProjectViaIntProjectID,trg_fkTblWorkOrderToTblProjectViaIntProjectID_upd_parent,PARENT_UPDATE_RESTRICT,SUCCESS,Success
2026-02-11T17:02:09.640561,fkTblWorkOrderToTblRCAActionViaIntRCAActionID,trg_fkTblWorkOrderToTblRCAActionViaIntRCAActionID_ins_valid,CHILD_INSERT_VALIDATE,SUCCESS,Success
2026-02-11T17:02:09.798127,fkTblWorkOrderToTblRCAActionViaIntRCAActionID,trg_fkTblWorkOrderToTblRCAActionViaIntRCAActionID_upd_valid,CHILD_UPDATE_VALIDATE,SUCCESS,Success
2026-02-11T17:02:09.904725,fkTblWorkOrderToTblRCAActionViaIntRCAActionID,trg_fkTblWorkOrderToTblRCAActionViaIntRCAActionID_del_parent,PARENT_DELETE_RESTRICT,SUCCESS,Success
2026-02-11T17:02:10.055190,fkTblWorkOrderToTblRCAActionViaIntRCAActionID,trg_fkTblWorkOrderToTblRCAActionViaIntRCAActionID_upd_parent,PARENT_UPDATE_RESTRICT,SUCCESS,Success
2026-02-11T17:02:10.179866,fkTblWorkOrderToTblRCACauseViaIntRCACauseID,trg_fkTblWorkOrderToTblRCACauseViaIntRCACauseID_ins_valid,CHILD_INSERT_VALIDATE,SUCCESS,Success
2026-02-11T17:02:10.349264,fkTblWorkOrderToTblRCACauseViaIntRCACauseID,trg_fkTblWorkOrderToTblRCACauseViaIntRCACauseID_upd_valid,CHILD_UPDATE_VALIDATE,SUCCESS,Success
2026-02-11T17:02:10.485648,fkTblWorkOrderToTblRCACauseViaIntRCACauseID,trg_fkTblWorkOrderToTblRCACauseViaIntRCACauseID_del_parent,PARENT_DELETE_RESTRICT,SUCCESS,Success
2026-02-11T17:02:10.636024,fkTblWorkOrderToTblRCACauseViaIntRCACauseID,trg_fkTblWorkOrderToTblRCACauseViaIntRCACauseID_upd_parent,PARENT_UPDATE_RESTRICT,SUCCESS,Success
2026-02-11T17:02:10.765337,fkTblWorkOrderToTblRCAProblemViaIntRCAProblemID,trg_fkTblWorkOrderToTblRCAProblemViaIntRCAProblemID_ins_valid,CHILD_INSERT_VALIDATE,SUCCESS,Success
2026-02-11T17:02:10.886128,fkTblWorkOrderToTblRCAProblemViaIntRCAProblemID,trg_fkTblWorkOrderToTblRCAProblemViaIntRCAProblemID_upd_valid,CHILD_UPDATE_VALIDATE,SUCCESS,Success
2026-02-11T17:02:10.997198,fkTblWorkOrderToTblRCAProblemViaIntRCAProblemID,trg_fkTblWorkOrderToTblRCAProblemViaIntRCAProblemID_del_parent,PARENT_DELETE_RESTRICT,SUCCESS,Success
2026-02-11T17:02:11.110514,fkTblWorkOrderToTblRCAProblemViaIntRCAProblemID,trg_fkTblWorkOrderToTblRCAProblemViaIntRCAProblemID_upd_parent,PARENT_UPDATE_RESTRICT,SUCCESS,Success
2026-02-11T17:02:11.223470,fkTblWorkOrderToTblScheduledMaintenanceViaIntSchedule1469603623,trg_fkTblWorkOrderToTblScheduledMaintenanceViaIntSchedule1469603623_ins_valid,CHILD_INSERT_VALIDATE,FAILURE,Code: 1 | Error: E0211 17:02:11.219189   72333 main.go:60] rpc error: code = Unknown desc = TabletManager.ExecuteFetchAsDba on zone1-3072903978: rpc error: code = Unknown desc = Identifier name 'trg_fkTblWorkOrderToTblScheduledMaintenanceViaIntSchedule1469603623_ins_valid' is too long (errno 1059) (sqlstate 42000) during query: CREATE TRIGGER `trg_fkTblWorkOrderToTblScheduledMaintenanceViaIntSchedule1469603623_ins_valid` BEFORE INSERT ON `tblWorkOrder`     FOR EACH ROW     BEGIN         IF (SELECT COUNT(*) FROM `tblScheduledMaintenance` WHERE `id` = NEW.`intScheduledMaintenanceID`) = 0 THEN             SIGNAL SQLSTATE '45000'              SET MESSAGE_TEXT = 'FK Violation: fkTblWorkOrderToTblScheduledMaintenanceViaIntSchedule1469603623 - Referenced key not found in tblScheduledMaintenance';         END IF;     END
2026-02-11T17:02:11.336850,fkTblWorkOrderToTblScheduledMaintenanceViaIntSchedule1469603623,trg_fkTblWorkOrderToTblScheduledMaintenanceViaIntSchedule1469603623_upd_valid,CHILD_UPDATE_VALIDATE,FAILURE,Code: 1 | Error: E0211 17:02:11.332636   72334 main.go:60] rpc error: code = Unknown desc = TabletManager.ExecuteFetchAsDba on zone1-3072903978: rpc error: code = Unknown desc = Identifier name 'trg_fkTblWorkOrderToTblScheduledMaintenanceViaIntSchedule1469603623_upd_valid' is too long (errno 1059) (sqlstate 42000) during query: CREATE TRIGGER `trg_fkTblWorkOrderToTblScheduledMaintenanceViaIntSchedule1469603623_upd_valid` BEFORE UPDATE ON `tblWorkOrder`     FOR EACH ROW     BEGIN         IF NOT (NEW.`intScheduledMaintenanceID` <=> OLD.`intScheduledMaintenanceID`) THEN             IF (SELECT COUNT(*) FROM `tblScheduledMaintenance` WHERE `id` = NEW.`intScheduledMaintenanceID`) = 0 THEN                 SIGNAL SQLSTATE '45000'                  SET MESSAGE_TEXT = 'FK Violation: fkTblWorkOrderToTblScheduledMaintenanceViaIntSchedule1469603623 - Referenced key not found in tblScheduledMaintenance';             END IF;         END IF;     END
2026-02-11T17:02:11.451877,fkTblWorkOrderToTblScheduledMaintenanceViaIntSchedule1469603623,trg_fkTblWorkOrderToTblScheduledMaintenanceViaIntSchedule1469603623_del_parent,PARENT_DELETE_CASCADE,FAILURE,Code: 1 | Error: E0211 17:02:11.448193   72335 main.go:60] rpc error: code = Unknown desc = TabletManager.ExecuteFetchAsDba on zone1-3072903978: rpc error: code = Unknown desc = Identifier name 'trg_fkTblWorkOrderToTblScheduledMaintenanceViaIntSchedule1469603623_del_parent' is too long (errno 1059) (sqlstate 42000) during query: CREATE TRIGGER `trg_fkTblWorkOrderToTblScheduledMaintenanceViaIntSchedule1469603623_del_parent` BEFORE DELETE ON `tblScheduledMaintenance`         FOR EACH ROW         BEGIN             DELETE FROM `tblWorkOrder` WHERE `intScheduledMaintenanceID` = OLD.`id`;         END
2026-02-11T17:02:11.562748,fkTblWorkOrderToTblScheduledMaintenanceViaIntSchedule1469603623,trg_fkTblWorkOrderToTblScheduledMaintenanceViaIntSchedule1469603623_upd_parent,PARENT_UPDATE_RESTRICT,FAILURE,"Code: 1 | Error: E0211 17:02:11.559116   72336 main.go:60] rpc error: code = Unknown desc = TabletManager.ExecuteFetchAsDba on zone1-3072903978: rpc error: code = Unknown desc = Identifier name 'trg_fkTblWorkOrderToTblScheduledMaintenanceViaIntSchedule1469603623_upd_parent' is too long (errno 1059) (sqlstate 42000) during query: CREATE TRIGGER `trg_fkTblWorkOrderToTblScheduledMaintenanceViaIntSchedule1469603623_upd_parent` BEFORE UPDATE ON `tblScheduledMaintenance`     FOR EACH ROW     BEGIN         IF NOT (NEW.`id` <=> OLD.`id`) THEN             IF (SELECT COUNT(*) FROM `tblWorkOrder` WHERE `intScheduledMaintenanceID` = OLD.`id`) > 0 THEN                  SIGNAL SQLSTATE '45000'                   SET MESSAGE_TEXT = 'FK Violation: fkTblWorkOrderToTblScheduledMaintenanceViaIntSchedule1469603623 - Cannot update key, children exist in tblWorkOrder';             END IF;         END IF;     END"
2026-02-11T17:02:11.684821,fkTblWorkOrderToTblUserViaIntCompletedByUserID,trg_fkTblWorkOrderToTblUserViaIntCompletedByUserID_ins_valid,CHILD_INSERT_VALIDATE,SUCCESS,Success
2026-02-11T17:02:11.801804,fkTblWorkOrderToTblUserViaIntCompletedByUserID,trg_fkTblWorkOrderToTblUserViaIntCompletedByUserID_upd_valid,CHILD_UPDATE_VALIDATE,SUCCESS,Success
2026-02-11T17:02:11.931540,fkTblWorkOrderToTblUserViaIntCompletedByUserID,trg_fkTblWorkOrderToTblUserViaIntCompletedByUserID_del_parent,PARENT_DELETE_RESTRICT,SUCCESS,Success
2026-02-11T17:02:12.062080,fkTblWorkOrderToTblUserViaIntCompletedByUserID,trg_fkTblWorkOrderToTblUserViaIntCompletedByUserID_upd_parent,PARENT_UPDATE_RESTRICT,SUCCESS,Success
2026-02-11T17:02:12.184417,fkTblWorkOrderToTblUserViaIntLastModifiedByUserID,trg_fkTblWorkOrderToTblUserViaIntLastModifiedByUserID_ins_valid,CHILD_INSERT_VALIDATE,SUCCESS,Success
2026-02-11T17:02:12.300211,fkTblWorkOrderToTblUserViaIntLastModifiedByUserID,trg_fkTblWorkOrderToTblUserViaIntLastModifiedByUserID_upd_valid,CHILD_UPDATE_VALIDATE,SUCCESS,Success
2026-02-11T17:02:12.423661,fkTblWorkOrderToTblUserViaIntLastModifiedByUserID,trg_fkTblWorkOrderToTblUserViaIntLastModifiedByUserID_del_parent,PARENT_DELETE_RESTRICT,SUCCESS,Success
2026-02-11T17:02:12.551436,fkTblWorkOrderToTblUserViaIntLastModifiedByUserID,trg_fkTblWorkOrderToTblUserViaIntLastModifiedByUserID_upd_parent,PARENT_UPDATE_RESTRICT,SUCCESS,Success
2026-02-11T17:02:12.671976,fkTblWorkOrderToTblUserViaIntRequestedByUserID,trg_fkTblWorkOrderToTblUserViaIntRequestedByUserID_ins_valid,CHILD_INSERT_VALIDATE,SUCCESS,Success
2026-02-11T17:02:12.792392,fkTblWorkOrderToTblUserViaIntRequestedByUserID,trg_fkTblWorkOrderToTblUserViaIntRequestedByUserID_upd_valid,CHILD_UPDATE_VALIDATE,SUCCESS,Success
2026-02-11T17:02:12.925118,fkTblWorkOrderToTblUserViaIntRequestedByUserID,trg_fkTblWorkOrderToTblUserViaIntRequestedByUserID_del_parent,PARENT_DELETE_RESTRICT,SUCCESS,Success
2026-02-11T17:02:13.054237,fkTblWorkOrderToTblUserViaIntRequestedByUserID,trg_fkTblWorkOrderToTblUserViaIntRequestedByUserID_upd_parent,PARENT_UPDATE_RESTRICT,SUCCESS,Success
2026-02-11T17:02:13.174709,fkTblWorkOrderToTblUserViaIntSignedByUserID,trg_fkTblWorkOrderToTblUserViaIntSignedByUserID_ins_valid,CHILD_INSERT_VALIDATE,SUCCESS,Success
2026-02-11T17:02:13.296464,fkTblWorkOrderToTblUserViaIntSignedByUserID,trg_fkTblWorkOrderToTblUserViaIntSignedByUserID_upd_valid,CHILD_UPDATE_VALIDATE,SUCCESS,Success
2026-02-11T17:02:13.431391,fkTblWorkOrderToTblUserViaIntSignedByUserID,trg_fkTblWorkOrderToTblUserViaIntSignedByUserID_del_parent,PARENT_DELETE_RESTRICT,SUCCESS,Success
2026-02-11T17:02:13.560648,fkTblWorkOrderToTblUserViaIntSignedByUserID,trg_fkTblWorkOrderToTblUserViaIntSignedByUserID_upd_parent,PARENT_UPDATE_RESTRICT,SUCCESS,Success
2026-02-11T17:02:13.668041,fkTblWorkOrderLogToTblAssetViaIntAssetID,trg_fkTblWorkOrderLogToTblAssetViaIntAssetID_ins_valid,CHILD_INSERT_VALIDATE,SUCCESS,Success
2026-02-11T17:02:13.818890,fkTblWorkOrderLogToTblAssetViaIntAssetID,trg_fkTblWorkOrderLogToTblAssetViaIntAssetID_upd_valid,CHILD_UPDATE_VALIDATE,SUCCESS,Success
2026-02-11T17:02:13.947812,fkTblWorkOrderLogToTblAssetViaIntAssetID,trg_fkTblWorkOrderLogToTblAssetViaIntAssetID_del_parent,PARENT_DELETE_RESTRICT,SUCCESS,Success
2026-02-11T17:02:14.072096,fkTblWorkOrderLogToTblAssetViaIntAssetID,trg_fkTblWorkOrderLogToTblAssetViaIntAssetID_upd_parent,PARENT_UPDATE_RESTRICT,SUCCESS,Success
2026-02-11T17:02:14.185845,fkTblWorkOrderLogToTblMaintenanceTypeViaIntMaintenanceTypeID,trg_fkTblWorkOrderLogToTblMaintenanceTypeViaIntMaintenanceTypeID_ins_valid,CHILD_INSERT_VALIDATE,FAILURE,Code: 1 | Error: E0211 17:02:14.181895   72363 main.go:60] rpc error: code = Unknown desc = TabletManager.ExecuteFetchAsDba on zone1-3072903978: rpc error: code = Unknown desc = Identifier name 'trg_fkTblWorkOrderLogToTblMaintenanceTypeViaIntMaintenanceTypeID_ins_valid' is too long (errno 1059) (sqlstate 42000) during query: CREATE TRIGGER `trg_fkTblWorkOrderLogToTblMaintenanceTypeViaIntMaintenanceTypeID_ins_valid` BEFORE INSERT ON `tblWorkOrderLog`     FOR EACH ROW     BEGIN         IF (SELECT COUNT(*) FROM `tblMaintenanceType` WHERE `id` = NEW.`intMaintenanceTypeID`) = 0 THEN             SIGNAL SQLSTATE '45000'              SET MESSAGE_TEXT = 'FK Violation: fkTblWorkOrderLogToTblMaintenanceTypeViaIntMaintenanceTypeID - Referenced key not found in tblMaintenanceType';         END IF;     END
2026-02-11T17:02:14.303723,fkTblWorkOrderLogToTblMaintenanceTypeViaIntMaintenanceTypeID,trg_fkTblWorkOrderLogToTblMaintenanceTypeViaIntMaintenanceTypeID_upd_valid,CHILD_UPDATE_VALIDATE,FAILURE,Code: 1 | Error: E0211 17:02:14.298220   72364 main.go:60] rpc error: code = Unknown desc = TabletManager.ExecuteFetchAsDba on zone1-3072903978: rpc error: code = Unknown desc = Identifier name 'trg_fkTblWorkOrderLogToTblMaintenanceTypeViaIntMaintenanceTypeID_upd_valid' is too long (errno 1059) (sqlstate 42000) during query: CREATE TRIGGER `trg_fkTblWorkOrderLogToTblMaintenanceTypeViaIntMaintenanceTypeID_upd_valid` BEFORE UPDATE ON `tblWorkOrderLog`     FOR EACH ROW     BEGIN         IF NOT (NEW.`intMaintenanceTypeID` <=> OLD.`intMaintenanceTypeID`) THEN             IF (SELECT COUNT(*) FROM `tblMaintenanceType` WHERE `id` = NEW.`intMaintenanceTypeID`) = 0 THEN                 SIGNAL SQLSTATE '45000'                  SET MESSAGE_TEXT = 'FK Violation: fkTblWorkOrderLogToTblMaintenanceTypeViaIntMaintenanceTypeID - Referenced key not found in tblMaintenanceType';             END IF;         END IF;     END
2026-02-11T17:02:14.425629,fkTblWorkOrderLogToTblMaintenanceTypeViaIntMaintenanceTypeID,trg_fkTblWorkOrderLogToTblMaintenanceTypeViaIntMaintenanceTypeID_del_parent,PARENT_DELETE_RESTRICT,FAILURE,"Code: 1 | Error: E0211 17:02:14.421310   72365 main.go:60] rpc error: code = Unknown desc = TabletManager.ExecuteFetchAsDba on zone1-3072903978: rpc error: code = Unknown desc = Identifier name 'trg_fkTblWorkOrderLogToTblMaintenanceTypeViaIntMaintenanceTypeID_del_parent' is too long (errno 1059) (sqlstate 42000) during query: CREATE TRIGGER `trg_fkTblWorkOrderLogToTblMaintenanceTypeViaIntMaintenanceTypeID_del_parent` BEFORE DELETE ON `tblMaintenanceType`         FOR EACH ROW         BEGIN             IF (SELECT COUNT(*) FROM `tblWorkOrderLog` WHERE `intMaintenanceTypeID` = OLD.`id`) > 0 THEN                 SIGNAL SQLSTATE '45000'                  SET MESSAGE_TEXT = 'FK Violation: fkTblWorkOrderLogToTblMaintenanceTypeViaIntMaintenanceTypeID - Cannot delete, children exist in tblWorkOrderLog';             END IF;         END"
2026-02-11T17:02:14.549212,fkTblWorkOrderLogToTblMaintenanceTypeViaIntMaintenanceTypeID,trg_fkTblWorkOrderLogToTblMaintenanceTypeViaIntMaintenanceTypeID_upd_parent,PARENT_UPDATE_RESTRICT,FAILURE,"Code: 1 | Error: E0211 17:02:14.543814   72366 main.go:60] rpc error: code = Unknown desc = TabletManager.ExecuteFetchAsDba on zone1-3072903978: rpc error: code = Unknown desc = Identifier name 'trg_fkTblWorkOrderLogToTblMaintenanceTypeViaIntMaintenanceTypeID_upd_parent' is too long (errno 1059) (sqlstate 42000) during query: CREATE TRIGGER `trg_fkTblWorkOrderLogToTblMaintenanceTypeViaIntMaintenanceTypeID_upd_parent` BEFORE UPDATE ON `tblMaintenanceType`     FOR EACH ROW     BEGIN         IF NOT (NEW.`id` <=> OLD.`id`) THEN             IF (SELECT COUNT(*) FROM `tblWorkOrderLog` WHERE `intMaintenanceTypeID` = OLD.`id`) > 0 THEN                  SIGNAL SQLSTATE '45000'                   SET MESSAGE_TEXT = 'FK Violation: fkTblWorkOrderLogToTblMaintenanceTypeViaIntMaintenanceTypeID - Cannot update key, children exist in tblWorkOrderLog';             END IF;         END IF;     END"
2026-02-11T17:02:14.670314,fkTblWorkOrderLogToTblStockViaIntStockID,trg_fkTblWorkOrderLogToTblStockViaIntStockID_ins_valid,CHILD_INSERT_VALIDATE,SUCCESS,Success
2026-02-11T17:02:14.828266,fkTblWorkOrderLogToTblStockViaIntStockID,trg_fkTblWorkOrderLogToTblStockViaIntStockID_upd_valid,CHILD_UPDATE_VALIDATE,SUCCESS,Success
2026-02-11T17:02:14.997837,fkTblWorkOrderLogToTblStockViaIntStockID,trg_fkTblWorkOrderLogToTblStockViaIntStockID_del_parent,PARENT_DELETE_CASCADE,SUCCESS,Success
2026-02-11T17:02:15.125404,fkTblWorkOrderLogToTblStockViaIntStockID,trg_fkTblWorkOrderLogToTblStockViaIntStockID_upd_parent,PARENT_UPDATE_RESTRICT,SUCCESS,Success
2026-02-11T17:02:15.250146,fkTblWorkOrderLogToTblUserViaIntUserID,trg_fkTblWorkOrderLogToTblUserViaIntUserID_ins_valid,CHILD_INSERT_VALIDATE,SUCCESS,Success
2026-02-11T17:02:15.379779,fkTblWorkOrderLogToTblUserViaIntUserID,trg_fkTblWorkOrderLogToTblUserViaIntUserID_upd_valid,CHILD_UPDATE_VALIDATE,SUCCESS,Success
2026-02-11T17:02:15.511817,fkTblWorkOrderLogToTblUserViaIntUserID,trg_fkTblWorkOrderLogToTblUserViaIntUserID_del_parent,PARENT_DELETE_RESTRICT,SUCCESS,Success
2026-02-11T17:02:15.646980,fkTblWorkOrderLogToTblUserViaIntUserID,trg_fkTblWorkOrderLogToTblUserViaIntUserID_upd_parent,PARENT_UPDATE_RESTRICT,SUCCESS,Success
2026-02-11T17:02:15.766795,fkTblWorkOrderLogToTblWorkOrderViaIntWorkOrderID,trg_fkTblWorkOrderLogToTblWorkOrderViaIntWorkOrderID_ins_valid,CHILD_INSERT_VALIDATE,SUCCESS,Success
2026-02-11T17:02:15.921274,fkTblWorkOrderLogToTblWorkOrderViaIntWorkOrderID,trg_fkTblWorkOrderLogToTblWorkOrderViaIntWorkOrderID_upd_valid,CHILD_UPDATE_VALIDATE,SUCCESS,Success
2026-02-11T17:02:16.050450,fkTblWorkOrderLogToTblWorkOrderViaIntWorkOrderID,trg_fkTblWorkOrderLogToTblWorkOrderViaIntWorkOrderID_del_parent,PARENT_DELETE_CASCADE,SUCCESS,Success
2026-02-11T17:02:16.177157,fkTblWorkOrderLogToTblWorkOrderViaIntWorkOrderID,trg_fkTblWorkOrderLogToTblWorkOrderViaIntWorkOrderID_upd_parent,PARENT_UPDATE_RESTRICT,SUCCESS,Success
2026-02-11T17:02:16.295608,fkTblWorkOrderStatusTransitionToTblUserViaIntUserID,trg_fkTblWorkOrderStatusTransitionToTblUserViaIntUserID_ins_valid,CHILD_INSERT_VALIDATE,FAILURE,Code: 1 | Error: E0211 17:02:16.290979   72379 main.go:60] rpc error: code = Unknown desc = TabletManager.ExecuteFetchAsDba on zone1-3072903978: rpc error: code = Unknown desc = Identifier name 'trg_fkTblWorkOrderStatusTransitionToTblUserViaIntUserID_ins_valid' is too long (errno 1059) (sqlstate 42000) during query: CREATE TRIGGER `trg_fkTblWorkOrderStatusTransitionToTblUserViaIntUserID_ins_valid` BEFORE INSERT ON `tblWorkOrderStatusTransition`     FOR EACH ROW     BEGIN         IF (SELECT COUNT(*) FROM `tblUser` WHERE `id` = NEW.`intUserID`) = 0 THEN             SIGNAL SQLSTATE '45000'              SET MESSAGE_TEXT = 'FK Violation: fkTblWorkOrderStatusTransitionToTblUserViaIntUserID - Referenced key not found in tblUser';         END IF;     END
2026-02-11T17:02:16.444847,fkTblWorkOrderStatusTransitionToTblUserViaIntUserID,trg_fkTblWorkOrderStatusTransitionToTblUserViaIntUserID_upd_valid,CHILD_UPDATE_VALIDATE,FAILURE,Code: 1 | Error: E0211 17:02:16.440521   72380 main.go:60] rpc error: code = Unknown desc = TabletManager.ExecuteFetchAsDba on zone1-3072903978: rpc error: code = Unknown desc = Identifier name 'trg_fkTblWorkOrderStatusTransitionToTblUserViaIntUserID_upd_valid' is too long (errno 1059) (sqlstate 42000) during query: CREATE TRIGGER `trg_fkTblWorkOrderStatusTransitionToTblUserViaIntUserID_upd_valid` BEFORE UPDATE ON `tblWorkOrderStatusTransition`     FOR EACH ROW     BEGIN         IF NOT (NEW.`intUserID` <=> OLD.`intUserID`) THEN             IF (SELECT COUNT(*) FROM `tblUser` WHERE `id` = NEW.`intUserID`) = 0 THEN                 SIGNAL SQLSTATE '45000'                  SET MESSAGE_TEXT = 'FK Violation: fkTblWorkOrderStatusTransitionToTblUserViaIntUserID - Referenced key not found in tblUser';             END IF;         END IF;     END
2026-02-11T17:02:16.580901,fkTblWorkOrderStatusTransitionToTblUserViaIntUserID,trg_fkTblWorkOrderStatusTransitionToTblUserViaIntUserID_del_parent,PARENT_DELETE_RESTRICT,FAILURE,"Code: 1 | Error: E0211 17:02:16.574662   72381 main.go:60] rpc error: code = Unknown desc = TabletManager.ExecuteFetchAsDba on zone1-3072903978: rpc error: code = Unknown desc = Identifier name 'trg_fkTblWorkOrderStatusTransitionToTblUserViaIntUserID_del_parent' is too long (errno 1059) (sqlstate 42000) during query: CREATE TRIGGER `trg_fkTblWorkOrderStatusTransitionToTblUserViaIntUserID_del_parent` BEFORE DELETE ON `tblUser`         FOR EACH ROW         BEGIN             IF (SELECT COUNT(*) FROM `tblWorkOrderStatusTransition` WHERE `intUserID` = OLD.`id`) > 0 THEN                 SIGNAL SQLSTATE '45000'                  SET MESSAGE_TEXT = 'FK Violation: fkTblWorkOrderStatusTransitionToTblUserViaIntUserID - Cannot delete, children exist in tblWorkOrderStatusTransition';             END IF;         END"
2026-02-11T17:02:16.709421,fkTblWorkOrderStatusTransitionToTblUserViaIntUserID,trg_fkTblWorkOrderStatusTransitionToTblUserViaIntUserID_upd_parent,PARENT_UPDATE_RESTRICT,FAILURE,"Code: 1 | Error: E0211 17:02:16.703952   72382 main.go:60] rpc error: code = Unknown desc = TabletManager.ExecuteFetchAsDba on zone1-3072903978: rpc error: code = Unknown desc = Identifier name 'trg_fkTblWorkOrderStatusTransitionToTblUserViaIntUserID_upd_parent' is too long (errno 1059) (sqlstate 42000) during query: CREATE TRIGGER `trg_fkTblWorkOrderStatusTransitionToTblUserViaIntUserID_upd_parent` BEFORE UPDATE ON `tblUser`     FOR EACH ROW     BEGIN         IF NOT (NEW.`id` <=> OLD.`id`) THEN             IF (SELECT COUNT(*) FROM `tblWorkOrderStatusTransition` WHERE `intUserID` = OLD.`id`) > 0 THEN                  SIGNAL SQLSTATE '45000'                   SET MESSAGE_TEXT = 'FK Violation: fkTblWorkOrderStatusTransitionToTblUserViaIntUserID - Cannot update key, children exist in tblWorkOrderStatusTransition';             END IF;         END IF;     END"
2026-02-11T17:02:16.819779,fkTblWorkOrderStatusTransitionToTblWorkOrderStatusVia1218096616,trg_fkTblWorkOrderStatusTransitionToTblWorkOrderStatusVia1218096616_ins_valid,CHILD_INSERT_VALIDATE,FAILURE,Code: 1 | Error: E0211 17:02:16.816014   72383 main.go:60] rpc error: code = Unknown desc = TabletManager.ExecuteFetchAsDba on zone1-3072903978: rpc error: code = Unknown desc = Identifier name 'trg_fkTblWorkOrderStatusTransitionToTblWorkOrderStatusVia1218096616_ins_valid' is too long (errno 1059) (sqlstate 42000) during query: CREATE TRIGGER `trg_fkTblWorkOrderStatusTransitionToTblWorkOrderStatusVia1218096616_ins_valid` BEFORE INSERT ON `tblWorkOrderStatusTransition`     FOR EACH ROW     BEGIN         IF (SELECT COUNT(*) FROM `tblWorkOrderStatus` WHERE `id` = NEW.`intFromWorkOrderStatusID`) = 0 THEN             SIGNAL SQLSTATE '45000'              SET MESSAGE_TEXT = 'FK Violation: fkTblWorkOrderStatusTransitionToTblWorkOrderStatusVia1218096616 - Referenced key not found in tblWorkOrderStatus';         END IF;     END
2026-02-11T17:02:16.944132,fkTblWorkOrderStatusTransitionToTblWorkOrderStatusVia1218096616,trg_fkTblWorkOrderStatusTransitionToTblWorkOrderStatusVia1218096616_upd_valid,CHILD_UPDATE_VALIDATE,FAILURE,Code: 1 | Error: E0211 17:02:16.925507   72384 main.go:60] rpc error: code = Unknown desc = TabletManager.ExecuteFetchAsDba on zone1-3072903978: rpc error: code = Unknown desc = Identifier name 'trg_fkTblWorkOrderStatusTransitionToTblWorkOrderStatusVia1218096616_upd_valid' is too long (errno 1059) (sqlstate 42000) during query: CREATE TRIGGER `trg_fkTblWorkOrderStatusTransitionToTblWorkOrderStatusVia1218096616_upd_valid` BEFORE UPDATE ON `tblWorkOrderStatusTransition`     FOR EACH ROW     BEGIN         IF NOT (NEW.`intFromWorkOrderStatusID` <=> OLD.`intFromWorkOrderStatusID`) THEN             IF (SELECT COUNT(*) FROM `tblWorkOrderStatus` WHERE `id` = NEW.`intFromWorkOrderStatusID`) = 0 THEN                 SIGNAL SQLSTATE '45000'                  SET MESSAGE_TEXT = 'FK Violation: fkTblWorkOrderStatusTransitionToTblWorkOrderStatusVia1218096616 - Referenced key not found in tblWorkOrderStatus';             END IF;         END IF;     END
2026-02-11T17:02:17.066227,fkTblWorkOrderStatusTransitionToTblWorkOrderStatusVia1218096616,trg_fkTblWorkOrderStatusTransitionToTblWorkOrderStatusVia1218096616_del_parent,PARENT_DELETE_RESTRICT,FAILURE,"Code: 1 | Error: E0211 17:02:17.060934   72385 main.go:60] rpc error: code = Unknown desc = TabletManager.ExecuteFetchAsDba on zone1-3072903978: rpc error: code = Unknown desc = Identifier name 'trg_fkTblWorkOrderStatusTransitionToTblWorkOrderStatusVia1218096616_del_parent' is too long (errno 1059) (sqlstate 42000) during query: CREATE TRIGGER `trg_fkTblWorkOrderStatusTransitionToTblWorkOrderStatusVia1218096616_del_parent` BEFORE DELETE ON `tblWorkOrderStatus`         FOR EACH ROW         BEGIN             IF (SELECT COUNT(*) FROM `tblWorkOrderStatusTransition` WHERE `intFromWorkOrderStatusID` = OLD.`id`) > 0 THEN                 SIGNAL SQLSTATE '45000'                  SET MESSAGE_TEXT = 'FK Violation: fkTblWorkOrderStatusTransitionToTblWorkOrderStatusVia1218096616 - Cannot delete, children exist in tblWorkOrderStatusTransition';             END IF;         END"
2026-02-11T17:02:17.189305,fkTblWorkOrderStatusTransitionToTblWorkOrderStatusVia1218096616,trg_fkTblWorkOrderStatusTransitionToTblWorkOrderStatusVia1218096616_upd_parent,PARENT_UPDATE_RESTRICT,FAILURE,"Code: 1 | Error: E0211 17:02:17.183471   72386 main.go:60] rpc error: code = Unknown desc = TabletManager.ExecuteFetchAsDba on zone1-3072903978: rpc error: code = Unknown desc = Identifier name 'trg_fkTblWorkOrderStatusTransitionToTblWorkOrderStatusVia1218096616_upd_parent' is too long (errno 1059) (sqlstate 42000) during query: CREATE TRIGGER `trg_fkTblWorkOrderStatusTransitionToTblWorkOrderStatusVia1218096616_upd_parent` BEFORE UPDATE ON `tblWorkOrderStatus`     FOR EACH ROW     BEGIN         IF NOT (NEW.`id` <=> OLD.`id`) THEN             IF (SELECT COUNT(*) FROM `tblWorkOrderStatusTransition` WHERE `intFromWorkOrderStatusID` = OLD.`id`) > 0 THEN                  SIGNAL SQLSTATE '45000'                   SET MESSAGE_TEXT = 'FK Violation: fkTblWorkOrderStatusTransitionToTblWorkOrderStatusVia1218096616 - Cannot update key, children exist in tblWorkOrderStatusTransition';             END IF;         END IF;     END"
2026-02-11T17:02:17.315552,fkTblWorkOrderStatusTransitionToTblWorkOrderStatusVia1530727113,trg_fkTblWorkOrderStatusTransitionToTblWorkOrderStatusVia1530727113_ins_valid,CHILD_INSERT_VALIDATE,FAILURE,Code: 1 | Error: E0211 17:02:17.309661   72387 main.go:60] rpc error: code = Unknown desc = TabletManager.ExecuteFetchAsDba on zone1-3072903978: rpc error: code = Unknown desc = Identifier name 'trg_fkTblWorkOrderStatusTransitionToTblWorkOrderStatusVia1530727113_ins_valid' is too long (errno 1059) (sqlstate 42000) during query: CREATE TRIGGER `trg_fkTblWorkOrderStatusTransitionToTblWorkOrderStatusVia1530727113_ins_valid` BEFORE INSERT ON `tblWorkOrderStatusTransition`     FOR EACH ROW     BEGIN         IF (SELECT COUNT(*) FROM `tblWorkOrderStatus` WHERE `id` = NEW.`intToWorkOrderStatusID`) = 0 THEN             SIGNAL SQLSTATE '45000'              SET MESSAGE_TEXT = 'FK Violation: fkTblWorkOrderStatusTransitionToTblWorkOrderStatusVia1530727113 - Referenced key not found in tblWorkOrderStatus';         END IF;     END
2026-02-11T17:02:17.467157,fkTblWorkOrderStatusTransitionToTblWorkOrderStatusVia1530727113,trg_fkTblWorkOrderStatusTransitionToTblWorkOrderStatusVia1530727113_upd_valid,CHILD_UPDATE_VALIDATE,FAILURE,Code: 1 | Error: E0211 17:02:17.463122   72388 main.go:60] rpc error: code = Unknown desc = TabletManager.ExecuteFetchAsDba on zone1-3072903978: rpc error: code = Unknown desc = Identifier name 'trg_fkTblWorkOrderStatusTransitionToTblWorkOrderStatusVia1530727113_upd_valid' is too long (errno 1059) (sqlstate 42000) during query: CREATE TRIGGER `trg_fkTblWorkOrderStatusTransitionToTblWorkOrderStatusVia1530727113_upd_valid` BEFORE UPDATE ON `tblWorkOrderStatusTransition`     FOR EACH ROW     BEGIN         IF NOT (NEW.`intToWorkOrderStatusID` <=> OLD.`intToWorkOrderStatusID`) THEN             IF (SELECT COUNT(*) FROM `tblWorkOrderStatus` WHERE `id` = NEW.`intToWorkOrderStatusID`) = 0 THEN                 SIGNAL SQLSTATE '45000'                  SET MESSAGE_TEXT = 'FK Violation: fkTblWorkOrderStatusTransitionToTblWorkOrderStatusVia1530727113 - Referenced key not found in tblWorkOrderStatus';             END IF;         END IF;     END
2026-02-11T17:02:17.624079,fkTblWorkOrderStatusTransitionToTblWorkOrderStatusVia1530727113,trg_fkTblWorkOrderStatusTransitionToTblWorkOrderStatusVia1530727113_del_parent,PARENT_DELETE_RESTRICT,FAILURE,"Code: 1 | Error: E0211 17:02:17.618361   72389 main.go:60] rpc error: code = Unknown desc = TabletManager.ExecuteFetchAsDba on zone1-3072903978: rpc error: code = Unknown desc = Identifier name 'trg_fkTblWorkOrderStatusTransitionToTblWorkOrderStatusVia1530727113_del_parent' is too long (errno 1059) (sqlstate 42000) during query: CREATE TRIGGER `trg_fkTblWorkOrderStatusTransitionToTblWorkOrderStatusVia1530727113_del_parent` BEFORE DELETE ON `tblWorkOrderStatus`         FOR EACH ROW         BEGIN             IF (SELECT COUNT(*) FROM `tblWorkOrderStatusTransition` WHERE `intToWorkOrderStatusID` = OLD.`id`) > 0 THEN                 SIGNAL SQLSTATE '45000'                  SET MESSAGE_TEXT = 'FK Violation: fkTblWorkOrderStatusTransitionToTblWorkOrderStatusVia1530727113 - Cannot delete, children exist in tblWorkOrderStatusTransition';             END IF;         END"
2026-02-11T17:02:17.763257,fkTblWorkOrderStatusTransitionToTblWorkOrderStatusVia1530727113,trg_fkTblWorkOrderStatusTransitionToTblWorkOrderStatusVia1530727113_upd_parent,PARENT_UPDATE_RESTRICT,FAILURE,"Code: 1 | Error: E0211 17:02:17.758757   72390 main.go:60] rpc error: code = Unknown desc = TabletManager.ExecuteFetchAsDba on zone1-3072903978: rpc error: code = Unknown desc = Identifier name 'trg_fkTblWorkOrderStatusTransitionToTblWorkOrderStatusVia1530727113_upd_parent' is too long (errno 1059) (sqlstate 42000) during query: CREATE TRIGGER `trg_fkTblWorkOrderStatusTransitionToTblWorkOrderStatusVia1530727113_upd_parent` BEFORE UPDATE ON `tblWorkOrderStatus`     FOR EACH ROW     BEGIN         IF NOT (NEW.`id` <=> OLD.`id`) THEN             IF (SELECT COUNT(*) FROM `tblWorkOrderStatusTransition` WHERE `intToWorkOrderStatusID` = OLD.`id`) > 0 THEN                  SIGNAL SQLSTATE '45000'                   SET MESSAGE_TEXT = 'FK Violation: fkTblWorkOrderStatusTransitionToTblWorkOrderStatusVia1530727113 - Cannot update key, children exist in tblWorkOrderStatusTransition';             END IF;         END IF;     END"
2026-02-11T17:02:17.876943,fkTblWorkOrderStatusTransitionToTblWorkOrderViaIntWorkOrderID,trg_fkTblWorkOrderStatusTransitionToTblWorkOrderViaIntWorkOrderID_ins_valid,CHILD_INSERT_VALIDATE,FAILURE,Code: 1 | Error: E0211 17:02:17.873736   72391 main.go:60] rpc error: code = Unknown desc = TabletManager.ExecuteFetchAsDba on zone1-3072903978: rpc error: code = Unknown desc = Identifier name 'trg_fkTblWorkOrderStatusTransitionToTblWorkOrderViaIntWorkOrderID_ins_valid' is too long (errno 1059) (sqlstate 42000) during query: CREATE TRIGGER `trg_fkTblWorkOrderStatusTransitionToTblWorkOrderViaIntWorkOrderID_ins_valid` BEFORE INSERT ON `tblWorkOrderStatusTransition`     FOR EACH ROW     BEGIN         IF (SELECT COUNT(*) FROM `tblWorkOrder` WHERE `id` = NEW.`intWorkOrderID`) = 0 THEN             SIGNAL SQLSTATE '45000'              SET MESSAGE_TEXT = 'FK Violation: fkTblWorkOrderStatusTransitionToTblWorkOrderViaIntWorkOrderID - Referenced key not found in tblWorkOrder';         END IF;     END
2026-02-11T17:02:17.985337,fkTblWorkOrderStatusTransitionToTblWorkOrderViaIntWorkOrderID,trg_fkTblWorkOrderStatusTransitionToTblWorkOrderViaIntWorkOrderID_upd_valid,CHILD_UPDATE_VALIDATE,FAILURE,Code: 1 | Error: E0211 17:02:17.981442   72392 main.go:60] rpc error: code = Unknown desc = TabletManager.ExecuteFetchAsDba on zone1-3072903978: rpc error: code = Unknown desc = Identifier name 'trg_fkTblWorkOrderStatusTransitionToTblWorkOrderViaIntWorkOrderID_upd_valid' is too long (errno 1059) (sqlstate 42000) during query: CREATE TRIGGER `trg_fkTblWorkOrderStatusTransitionToTblWorkOrderViaIntWorkOrderID_upd_valid` BEFORE UPDATE ON `tblWorkOrderStatusTransition`     FOR EACH ROW     BEGIN         IF NOT (NEW.`intWorkOrderID` <=> OLD.`intWorkOrderID`) THEN             IF (SELECT COUNT(*) FROM `tblWorkOrder` WHERE `id` = NEW.`intWorkOrderID`) = 0 THEN                 SIGNAL SQLSTATE '45000'                  SET MESSAGE_TEXT = 'FK Violation: fkTblWorkOrderStatusTransitionToTblWorkOrderViaIntWorkOrderID - Referenced key not found in tblWorkOrder';             END IF;         END IF;     END
2026-02-11T17:02:18.136088,fkTblWorkOrderStatusTransitionToTblWorkOrderViaIntWorkOrderID,trg_fkTblWorkOrderStatusTransitionToTblWorkOrderViaIntWorkOrderID_del_parent,PARENT_DELETE_CASCADE,FAILURE,Code: 1 | Error: E0211 17:02:18.130849   72393 main.go:60] rpc error: code = Unknown desc = TabletManager.ExecuteFetchAsDba on zone1-3072903978: rpc error: code = Unknown desc = Identifier name 'trg_fkTblWorkOrderStatusTransitionToTblWorkOrderViaIntWorkOrderID_del_parent' is too long (errno 1059) (sqlstate 42000) during query: CREATE TRIGGER `trg_fkTblWorkOrderStatusTransitionToTblWorkOrderViaIntWorkOrderID_del_parent` BEFORE DELETE ON `tblWorkOrder`         FOR EACH ROW         BEGIN             DELETE FROM `tblWorkOrderStatusTransition` WHERE `intWorkOrderID` = OLD.`id`;         END
2026-02-11T17:02:18.254158,fkTblWorkOrderStatusTransitionToTblWorkOrderViaIntWorkOrderID,trg_fkTblWorkOrderStatusTransitionToTblWorkOrderViaIntWorkOrderID_upd_parent,PARENT_UPDATE_RESTRICT,FAILURE,"Code: 1 | Error: E0211 17:02:18.249843   72394 main.go:60] rpc error: code = Unknown desc = TabletManager.ExecuteFetchAsDba on zone1-3072903978: rpc error: code = Unknown desc = Identifier name 'trg_fkTblWorkOrderStatusTransitionToTblWorkOrderViaIntWorkOrderID_upd_parent' is too long (errno 1059) (sqlstate 42000) during query: CREATE TRIGGER `trg_fkTblWorkOrderStatusTransitionToTblWorkOrderViaIntWorkOrderID_upd_parent` BEFORE UPDATE ON `tblWorkOrder`     FOR EACH ROW     BEGIN         IF NOT (NEW.`id` <=> OLD.`id`) THEN             IF (SELECT COUNT(*) FROM `tblWorkOrderStatusTransition` WHERE `intWorkOrderID` = OLD.`id`) > 0 THEN                  SIGNAL SQLSTATE '45000'                   SET MESSAGE_TEXT = 'FK Violation: fkTblWorkOrderStatusTransitionToTblWorkOrderViaIntWorkOrderID - Cannot update key, children exist in tblWorkOrderStatusTransition';             END IF;         END IF;     END"
2026-02-11T17:02:18.407420,fkTblWorkOrderTaskToTblTaskGroupViaIntTaskGroupControlID,trg_fkTblWorkOrderTaskToTblTaskGroupViaIntTaskGroupControlID_ins_valid,CHILD_INSERT_VALIDATE,FAILURE,Code: 1 | Error: E0211 17:02:18.403383   72395 main.go:60] rpc error: code = Unknown desc = TabletManager.ExecuteFetchAsDba on zone1-3072903978: rpc error: code = Unknown desc = Identifier name 'trg_fkTblWorkOrderTaskToTblTaskGroupViaIntTaskGroupControlID_ins_valid' is too long (errno 1059) (sqlstate 42000) during query: CREATE TRIGGER `trg_fkTblWorkOrderTaskToTblTaskGroupViaIntTaskGroupControlID_ins_valid` BEFORE INSERT ON `tblWorkOrderTask`     FOR EACH ROW     BEGIN         IF (SELECT COUNT(*) FROM `tblTaskGroup` WHERE `id` = NEW.`intTaskGroupControlID`) = 0 THEN             SIGNAL SQLSTATE '45000'              SET MESSAGE_TEXT = 'FK Violation: fkTblWorkOrderTaskToTblTaskGroupViaIntTaskGroupControlID - Referenced key not found in tblTaskGroup';         END IF;     END
2026-02-11T17:02:18.551621,fkTblWorkOrderTaskToTblTaskGroupViaIntTaskGroupControlID,trg_fkTblWorkOrderTaskToTblTaskGroupViaIntTaskGroupControlID_upd_valid,CHILD_UPDATE_VALIDATE,FAILURE,Code: 1 | Error: E0211 17:02:18.547983   72423 main.go:60] rpc error: code = Unknown desc = TabletManager.ExecuteFetchAsDba on zone1-3072903978: rpc error: code = Unknown desc = Identifier name 'trg_fkTblWorkOrderTaskToTblTaskGroupViaIntTaskGroupControlID_upd_valid' is too long (errno 1059) (sqlstate 42000) during query: CREATE TRIGGER `trg_fkTblWorkOrderTaskToTblTaskGroupViaIntTaskGroupControlID_upd_valid` BEFORE UPDATE ON `tblWorkOrderTask`     FOR EACH ROW     BEGIN         IF NOT (NEW.`intTaskGroupControlID` <=> OLD.`intTaskGroupControlID`) THEN             IF (SELECT COUNT(*) FROM `tblTaskGroup` WHERE `id` = NEW.`intTaskGroupControlID`) = 0 THEN                 SIGNAL SQLSTATE '45000'                  SET MESSAGE_TEXT = 'FK Violation: fkTblWorkOrderTaskToTblTaskGroupViaIntTaskGroupControlID - Referenced key not found in tblTaskGroup';             END IF;         END IF;     END
2026-02-11T17:02:18.704246,fkTblWorkOrderTaskToTblTaskGroupViaIntTaskGroupControlID,trg_fkTblWorkOrderTaskToTblTaskGroupViaIntTaskGroupControlID_del_parent,PARENT_DELETE_RESTRICT,FAILURE,"Code: 1 | Error: E0211 17:02:18.701066   72454 main.go:60] rpc error: code = Unknown desc = TabletManager.ExecuteFetchAsDba on zone1-3072903978: rpc error: code = Unknown desc = Identifier name 'trg_fkTblWorkOrderTaskToTblTaskGroupViaIntTaskGroupControlID_del_parent' is too long (errno 1059) (sqlstate 42000) during query: CREATE TRIGGER `trg_fkTblWorkOrderTaskToTblTaskGroupViaIntTaskGroupControlID_del_parent` BEFORE DELETE ON `tblTaskGroup`         FOR EACH ROW         BEGIN             IF (SELECT COUNT(*) FROM `tblWorkOrderTask` WHERE `intTaskGroupControlID` = OLD.`id`) > 0 THEN                 SIGNAL SQLSTATE '45000'                  SET MESSAGE_TEXT = 'FK Violation: fkTblWorkOrderTaskToTblTaskGroupViaIntTaskGroupControlID - Cannot delete, children exist in tblWorkOrderTask';             END IF;         END"
2026-02-11T17:02:18.813377,fkTblWorkOrderTaskToTblTaskGroupViaIntTaskGroupControlID,trg_fkTblWorkOrderTaskToTblTaskGroupViaIntTaskGroupControlID_upd_parent,PARENT_UPDATE_RESTRICT,FAILURE,"Code: 1 | Error: E0211 17:02:18.810180   72499 main.go:60] rpc error: code = Unknown desc = TabletManager.ExecuteFetchAsDba on zone1-3072903978: rpc error: code = Unknown desc = Identifier name 'trg_fkTblWorkOrderTaskToTblTaskGroupViaIntTaskGroupControlID_upd_parent' is too long (errno 1059) (sqlstate 42000) during query: CREATE TRIGGER `trg_fkTblWorkOrderTaskToTblTaskGroupViaIntTaskGroupControlID_upd_parent` BEFORE UPDATE ON `tblTaskGroup`     FOR EACH ROW     BEGIN         IF NOT (NEW.`id` <=> OLD.`id`) THEN             IF (SELECT COUNT(*) FROM `tblWorkOrderTask` WHERE `intTaskGroupControlID` = OLD.`id`) > 0 THEN                  SIGNAL SQLSTATE '45000'                   SET MESSAGE_TEXT = 'FK Violation: fkTblWorkOrderTaskToTblTaskGroupViaIntTaskGroupControlID - Cannot update key, children exist in tblWorkOrderTask';             END IF;         END IF;     END"
2026-02-11T17:02:18.960428,fkTblWorkOrderTaskToTblTaskResultValueViaIntTaskResultValueID,trg_fkTblWorkOrderTaskToTblTaskResultValueViaIntTaskResultValueID_ins_valid,CHILD_INSERT_VALIDATE,FAILURE,Code: 1 | Error: E0211 17:02:18.956876   72515 main.go:60] rpc error: code = Unknown desc = TabletManager.ExecuteFetchAsDba on zone1-3072903978: rpc error: code = Unknown desc = Identifier name 'trg_fkTblWorkOrderTaskToTblTaskResultValueViaIntTaskResultValueID_ins_valid' is too long (errno 1059) (sqlstate 42000) during query: CREATE TRIGGER `trg_fkTblWorkOrderTaskToTblTaskResultValueViaIntTaskResultValueID_ins_valid` BEFORE INSERT ON `tblWorkOrderTask`     FOR EACH ROW     BEGIN         IF (SELECT COUNT(*) FROM `tblTaskResultValue` WHERE `id` = NEW.`intTaskResultValueID`) = 0 THEN             SIGNAL SQLSTATE '45000'              SET MESSAGE_TEXT = 'FK Violation: fkTblWorkOrderTaskToTblTaskResultValueViaIntTaskResultValueID - Referenced key not found in tblTaskResultValue';         END IF;     END
2026-02-11T17:02:19.079202,fkTblWorkOrderTaskToTblTaskResultValueViaIntTaskResultValueID,trg_fkTblWorkOrderTaskToTblTaskResultValueViaIntTaskResultValueID_upd_valid,CHILD_UPDATE_VALIDATE,FAILURE,Code: 1 | Error: E0211 17:02:19.074750   72529 main.go:60] rpc error: code = Unknown desc = TabletManager.ExecuteFetchAsDba on zone1-3072903978: rpc error: code = Unknown desc = Identifier name 'trg_fkTblWorkOrderTaskToTblTaskResultValueViaIntTaskResultValueID_upd_valid' is too long (errno 1059) (sqlstate 42000) during query: CREATE TRIGGER `trg_fkTblWorkOrderTaskToTblTaskResultValueViaIntTaskResultValueID_upd_valid` BEFORE UPDATE ON `tblWorkOrderTask`     FOR EACH ROW     BEGIN         IF NOT (NEW.`intTaskResultValueID` <=> OLD.`intTaskResultValueID`) THEN             IF (SELECT COUNT(*) FROM `tblTaskResultValue` WHERE `id` = NEW.`intTaskResultValueID`) = 0 THEN                 SIGNAL SQLSTATE '45000'                  SET MESSAGE_TEXT = 'FK Violation: fkTblWorkOrderTaskToTblTaskResultValueViaIntTaskResultValueID - Referenced key not found in tblTaskResultValue';             END IF;         END IF;     END
2026-02-11T17:02:19.198080,fkTblWorkOrderTaskToTblTaskResultValueViaIntTaskResultValueID,trg_fkTblWorkOrderTaskToTblTaskResultValueViaIntTaskResultValueID_del_parent,PARENT_DELETE_RESTRICT,FAILURE,"Code: 1 | Error: E0211 17:02:19.193406   72532 main.go:60] rpc error: code = Unknown desc = TabletManager.ExecuteFetchAsDba on zone1-3072903978: rpc error: code = Unknown desc = Identifier name 'trg_fkTblWorkOrderTaskToTblTaskResultValueViaIntTaskResultValueID_del_parent' is too long (errno 1059) (sqlstate 42000) during query: CREATE TRIGGER `trg_fkTblWorkOrderTaskToTblTaskResultValueViaIntTaskResultValueID_del_parent` BEFORE DELETE ON `tblTaskResultValue`         FOR EACH ROW         BEGIN             IF (SELECT COUNT(*) FROM `tblWorkOrderTask` WHERE `intTaskResultValueID` = OLD.`id`) > 0 THEN                 SIGNAL SQLSTATE '45000'                  SET MESSAGE_TEXT = 'FK Violation: fkTblWorkOrderTaskToTblTaskResultValueViaIntTaskResultValueID - Cannot delete, children exist in tblWorkOrderTask';             END IF;         END"
2026-02-11T17:02:19.322036,fkTblWorkOrderTaskToTblTaskResultValueViaIntTaskResultValueID,trg_fkTblWorkOrderTaskToTblTaskResultValueViaIntTaskResultValueID_upd_parent,PARENT_UPDATE_RESTRICT,FAILURE,"Code: 1 | Error: E0211 17:02:19.317036   72533 main.go:60] rpc error: code = Unknown desc = TabletManager.ExecuteFetchAsDba on zone1-3072903978: rpc error: code = Unknown desc = Identifier name 'trg_fkTblWorkOrderTaskToTblTaskResultValueViaIntTaskResultValueID_upd_parent' is too long (errno 1059) (sqlstate 42000) during query: CREATE TRIGGER `trg_fkTblWorkOrderTaskToTblTaskResultValueViaIntTaskResultValueID_upd_parent` BEFORE UPDATE ON `tblTaskResultValue`     FOR EACH ROW     BEGIN         IF NOT (NEW.`id` <=> OLD.`id`) THEN             IF (SELECT COUNT(*) FROM `tblWorkOrderTask` WHERE `intTaskResultValueID` = OLD.`id`) > 0 THEN                  SIGNAL SQLSTATE '45000'                   SET MESSAGE_TEXT = 'FK Violation: fkTblWorkOrderTaskToTblTaskResultValueViaIntTaskResultValueID - Cannot update key, children exist in tblWorkOrderTask';             END IF;         END IF;     END"
2026-02-11T17:02:19.441537,fkTblWorkOrderTaskAdditionalPropertiesToTblWorkOrderTa906842214,trg_fkTblWorkOrderTaskAdditionalPropertiesToTblWorkOrderTa906842214_ins_valid,CHILD_INSERT_VALIDATE,FAILURE,Code: 1 | Error: E0211 17:02:19.437192   72534 main.go:60] rpc error: code = Unknown desc = TabletManager.ExecuteFetchAsDba on zone1-3072903978: rpc error: code = Unknown desc = Identifier name 'trg_fkTblWorkOrderTaskAdditionalPropertiesToTblWorkOrderTa906842214_ins_valid' is too long (errno 1059) (sqlstate 42000) during query: CREATE TRIGGER `trg_fkTblWorkOrderTaskAdditionalPropertiesToTblWorkOrderTa906842214_ins_valid` BEFORE INSERT ON `tblWorkOrderTaskAdditionalProperties`     FOR EACH ROW     BEGIN         IF (SELECT COUNT(*) FROM `tblWorkOrderTask` WHERE `id` = NEW.`intWorkOrderTaskID`) = 0 THEN             SIGNAL SQLSTATE '45000'              SET MESSAGE_TEXT = 'FK Violation: fkTblWorkOrderTaskAdditionalPropertiesToTblWorkOrderTa906842214 - Referenced key not found in tblWorkOrderTask';         END IF;     END
2026-02-11T17:02:19.564345,fkTblWorkOrderTaskAdditionalPropertiesToTblWorkOrderTa906842214,trg_fkTblWorkOrderTaskAdditionalPropertiesToTblWorkOrderTa906842214_upd_valid,CHILD_UPDATE_VALIDATE,FAILURE,Code: 1 | Error: E0211 17:02:19.559473   72536 main.go:60] rpc error: code = Unknown desc = TabletManager.ExecuteFetchAsDba on zone1-3072903978: rpc error: code = Unknown desc = Identifier name 'trg_fkTblWorkOrderTaskAdditionalPropertiesToTblWorkOrderTa906842214_upd_valid' is too long (errno 1059) (sqlstate 42000) during query: CREATE TRIGGER `trg_fkTblWorkOrderTaskAdditionalPropertiesToTblWorkOrderTa906842214_upd_valid` BEFORE UPDATE ON `tblWorkOrderTaskAdditionalProperties`     FOR EACH ROW     BEGIN         IF NOT (NEW.`intWorkOrderTaskID` <=> OLD.`intWorkOrderTaskID`) THEN             IF (SELECT COUNT(*) FROM `tblWorkOrderTask` WHERE `id` = NEW.`intWorkOrderTaskID`) = 0 THEN                 SIGNAL SQLSTATE '45000'                  SET MESSAGE_TEXT = 'FK Violation: fkTblWorkOrderTaskAdditionalPropertiesToTblWorkOrderTa906842214 - Referenced key not found in tblWorkOrderTask';             END IF;         END IF;     END
2026-02-11T17:02:19.718124,fkTblWorkOrderTaskAdditionalPropertiesToTblWorkOrderTa906842214,trg_fkTblWorkOrderTaskAdditionalPropertiesToTblWorkOrderTa906842214_del_parent,PARENT_DELETE_CASCADE,FAILURE,Code: 1 | Error: E0211 17:02:19.714240   72538 main.go:60] rpc error: code = Unknown desc = TabletManager.ExecuteFetchAsDba on zone1-3072903978: rpc error: code = Unknown desc = Identifier name 'trg_fkTblWorkOrderTaskAdditionalPropertiesToTblWorkOrderTa906842214_del_parent' is too long (errno 1059) (sqlstate 42000) during query: CREATE TRIGGER `trg_fkTblWorkOrderTaskAdditionalPropertiesToTblWorkOrderTa906842214_del_parent` BEFORE DELETE ON `tblWorkOrderTask`         FOR EACH ROW         BEGIN             DELETE FROM `tblWorkOrderTaskAdditionalProperties` WHERE `intWorkOrderTaskID` = OLD.`id`;         END
2026-02-11T17:02:19.826492,fkTblWorkOrderTaskAdditionalPropertiesToTblWorkOrderTa906842214,trg_fkTblWorkOrderTaskAdditionalPropertiesToTblWorkOrderTa906842214_upd_parent,PARENT_UPDATE_RESTRICT,FAILURE,"Code: 1 | Error: E0211 17:02:19.823176   72541 main.go:60] rpc error: code = Unknown desc = TabletManager.ExecuteFetchAsDba on zone1-3072903978: rpc error: code = Unknown desc = Identifier name 'trg_fkTblWorkOrderTaskAdditionalPropertiesToTblWorkOrderTa906842214_upd_parent' is too long (errno 1059) (sqlstate 42000) during query: CREATE TRIGGER `trg_fkTblWorkOrderTaskAdditionalPropertiesToTblWorkOrderTa906842214_upd_parent` BEFORE UPDATE ON `tblWorkOrderTask`     FOR EACH ROW     BEGIN         IF NOT (NEW.`id` <=> OLD.`id`) THEN             IF (SELECT COUNT(*) FROM `tblWorkOrderTaskAdditionalProperties` WHERE `intWorkOrderTaskID` = OLD.`id`) > 0 THEN                  SIGNAL SQLSTATE '45000'                   SET MESSAGE_TEXT = 'FK Violation: fkTblWorkOrderTaskAdditionalPropertiesToTblWorkOrderTa906842214 - Cannot update key, children exist in tblWorkOrderTaskAdditionalProperties';             END IF;         END IF;     END"
2026-02-11T17:02:19.942792,fkTblWorkOrderTaskUserToTblUserViaIntUserID,trg_fkTblWorkOrderTaskUserToTblUserViaIntUserID_ins_valid,CHILD_INSERT_VALIDATE,SUCCESS,Success
2026-02-11T17:02:20.101213,fkTblWorkOrderTaskUserToTblUserViaIntUserID,trg_fkTblWorkOrderTaskUserToTblUserViaIntUserID_upd_valid,CHILD_UPDATE_VALIDATE,SUCCESS,Success
2026-02-11T17:02:20.247499,fkTblWorkOrderTaskUserToTblUserViaIntUserID,trg_fkTblWorkOrderTaskUserToTblUserViaIntUserID_del_parent,PARENT_DELETE_CASCADE,SUCCESS,Success
2026-02-11T17:02:20.382961,fkTblWorkOrderTaskUserToTblUserViaIntUserID,trg_fkTblWorkOrderTaskUserToTblUserViaIntUserID_upd_parent,PARENT_UPDATE_RESTRICT,SUCCESS,Success
2026-02-11T17:02:20.498742,fkTblWorkOrderTaskUserToTblWorkOrderTaskViaIntWorkOrderTaskID,trg_fkTblWorkOrderTaskUserToTblWorkOrderTaskViaIntWorkOrderTaskID_ins_valid,CHILD_INSERT_VALIDATE,FAILURE,Code: 1 | Error: E0211 17:02:20.494331   72546 main.go:60] rpc error: code = Unknown desc = TabletManager.ExecuteFetchAsDba on zone1-3072903978: rpc error: code = Unknown desc = Identifier name 'trg_fkTblWorkOrderTaskUserToTblWorkOrderTaskViaIntWorkOrderTaskID_ins_valid' is too long (errno 1059) (sqlstate 42000) during query: CREATE TRIGGER `trg_fkTblWorkOrderTaskUserToTblWorkOrderTaskViaIntWorkOrderTaskID_ins_valid` BEFORE INSERT ON `tblWorkOrderTaskUser`     FOR EACH ROW     BEGIN         IF (SELECT COUNT(*) FROM `tblWorkOrderTask` WHERE `id` = NEW.`intWorkOrderTaskID`) = 0 THEN             SIGNAL SQLSTATE '45000'              SET MESSAGE_TEXT = 'FK Violation: fkTblWorkOrderTaskUserToTblWorkOrderTaskViaIntWorkOrderTaskID - Referenced key not found in tblWorkOrderTask';         END IF;     END
2026-02-11T17:02:20.614135,fkTblWorkOrderTaskUserToTblWorkOrderTaskViaIntWorkOrderTaskID,trg_fkTblWorkOrderTaskUserToTblWorkOrderTaskViaIntWorkOrderTaskID_upd_valid,CHILD_UPDATE_VALIDATE,FAILURE,Code: 1 | Error: E0211 17:02:20.608372   72547 main.go:60] rpc error: code = Unknown desc = TabletManager.ExecuteFetchAsDba on zone1-3072903978: rpc error: code = Unknown desc = Identifier name 'trg_fkTblWorkOrderTaskUserToTblWorkOrderTaskViaIntWorkOrderTaskID_upd_valid' is too long (errno 1059) (sqlstate 42000) during query: CREATE TRIGGER `trg_fkTblWorkOrderTaskUserToTblWorkOrderTaskViaIntWorkOrderTaskID_upd_valid` BEFORE UPDATE ON `tblWorkOrderTaskUser`     FOR EACH ROW     BEGIN         IF NOT (NEW.`intWorkOrderTaskID` <=> OLD.`intWorkOrderTaskID`) THEN             IF (SELECT COUNT(*) FROM `tblWorkOrderTask` WHERE `id` = NEW.`intWorkOrderTaskID`) = 0 THEN                 SIGNAL SQLSTATE '45000'                  SET MESSAGE_TEXT = 'FK Violation: fkTblWorkOrderTaskUserToTblWorkOrderTaskViaIntWorkOrderTaskID - Referenced key not found in tblWorkOrderTask';             END IF;         END IF;     END
2026-02-11T17:02:20.726194,fkTblWorkOrderTaskUserToTblWorkOrderTaskViaIntWorkOrderTaskID,trg_fkTblWorkOrderTaskUserToTblWorkOrderTaskViaIntWorkOrderTaskID_del_parent,PARENT_DELETE_CASCADE,FAILURE,Code: 1 | Error: E0211 17:02:20.722964   72548 main.go:60] rpc error: code = Unknown desc = TabletManager.ExecuteFetchAsDba on zone1-3072903978: rpc error: code = Unknown desc = Identifier name 'trg_fkTblWorkOrderTaskUserToTblWorkOrderTaskViaIntWorkOrderTaskID_del_parent' is too long (errno 1059) (sqlstate 42000) during query: CREATE TRIGGER `trg_fkTblWorkOrderTaskUserToTblWorkOrderTaskViaIntWorkOrderTaskID_del_parent` BEFORE DELETE ON `tblWorkOrderTask`         FOR EACH ROW         BEGIN             DELETE FROM `tblWorkOrderTaskUser` WHERE `intWorkOrderTaskID` = OLD.`id`;         END
2026-02-11T17:02:20.830710,fkTblWorkOrderTaskUserToTblWorkOrderTaskViaIntWorkOrderTaskID,trg_fkTblWorkOrderTaskUserToTblWorkOrderTaskViaIntWorkOrderTaskID_upd_parent,PARENT_UPDATE_RESTRICT,FAILURE,"Code: 1 | Error: E0211 17:02:20.827464   72549 main.go:60] rpc error: code = Unknown desc = TabletManager.ExecuteFetchAsDba on zone1-3072903978: rpc error: code = Unknown desc = Identifier name 'trg_fkTblWorkOrderTaskUserToTblWorkOrderTaskViaIntWorkOrderTaskID_upd_parent' is too long (errno 1059) (sqlstate 42000) during query: CREATE TRIGGER `trg_fkTblWorkOrderTaskUserToTblWorkOrderTaskViaIntWorkOrderTaskID_upd_parent` BEFORE UPDATE ON `tblWorkOrderTask`     FOR EACH ROW     BEGIN         IF NOT (NEW.`id` <=> OLD.`id`) THEN             IF (SELECT COUNT(*) FROM `tblWorkOrderTaskUser` WHERE `intWorkOrderTaskID` = OLD.`id`) > 0 THEN                  SIGNAL SQLSTATE '45000'                   SET MESSAGE_TEXT = 'FK Violation: fkTblWorkOrderTaskUserToTblWorkOrderTaskViaIntWorkOrderTaskID - Cannot update key, children exist in tblWorkOrderTaskUser';             END IF;         END IF;     END"
2026-02-11T17:02:20.940684,fkTblWorkOrderUserToTblUserViaIntUserID,trg_fkTblWorkOrderUserToTblUserViaIntUserID_ins_valid,CHILD_INSERT_VALIDATE,SUCCESS,Success
2026-02-11T17:02:21.047385,fkTblWorkOrderUserToTblUserViaIntUserID,trg_fkTblWorkOrderUserToTblUserViaIntUserID_upd_valid,CHILD_UPDATE_VALIDATE,SUCCESS,Success
2026-02-11T17:02:21.213860,fkTblWorkOrderUserToTblUserViaIntUserID,trg_fkTblWorkOrderUserToTblUserViaIntUserID_del_parent,PARENT_DELETE_RESTRICT,SUCCESS,Success
2026-02-11T17:02:21.355209,fkTblWorkOrderUserToTblUserViaIntUserID,trg_fkTblWorkOrderUserToTblUserViaIntUserID_upd_parent,PARENT_UPDATE_RESTRICT,SUCCESS,Success
